MS_Zoning;Lot_Frontage;Lot_Area;Street;Lot_Shape;Utilities;Lot_Config;Neighborhood;House_Style;Overall_Qual;Overall_Cond;Year_Built;Year_Remod_Add;Exterior_1st;Exterior_2nd;Heating;Heating_QC;Central_Air;Electrical;First_Flr_SF;Second_Flr_SF;Low_Qual_Fin_SF;Gr_Liv_Area;Bsmt_Full_Bath;Bsmt_Half_Bath;Full_Bath;Half_Bath;Bedroom_AbvGr;Kitchen_AbvGr;Kitchen_Qual;TotRms_AbvGrd;Fireplaces;Fireplace_Qu;Garage_Type;Garage_Cars;Garage_Area;Garage_Qual;Garage_Cond;Paved_Drive;Mo_Sold;Year_Sold;Sale_Price
Residential_Medium_Density;52;6240;Pave;Regular;AllPub;Inside;Brookside;One_and_Half_Fin;Average;Above_Average;1928;1950;MetalSd;MetalSd;GasA;Excellent;Y;SBrkr;1042;534;0;1576;0;0;1;0;3;1;Typical;8;1;Good;Detchd;1;225;Typical;Typical;Paved;8;2006;149000
Residential_Low_Density;77;8335;Pave;Regular;AllPub;Corner;Edwards;One_Story;Average;Average;1954;1954;Wd Sdng;Wd Sdng;GasA;Good;Y;SBrkr;1124;0;0;1124;0;0;1;0;3;1;Typical;5;1;Good;No_Garage;0;0;No_Garage;No_Garage;Dirt_Gravel;4;2006;93000
Residential_Low_Density;65;15426;Pave;Slightly_Irregular;AllPub;Inside;College_Creek;Two_Story;Above_Average;Average;1997;1997;VinylSd;VinylSd;GasA;Excellent;Y;SBrkr;928;836;0;1764;1;0;2;1;3;1;Good;7;0;No_Fireplace;Attchd;2;470;Typical;Typical;Paved;8;2009;231500
Residential_Low_Density;60;21930;Pave;Irregular;AllPub;Inside;Gilbert;Two_Story;Average;Average;2005;2005;VinylSd;VinylSd;GasA;Excellent;Y;SBrkr;734;1104;0;1838;0;0;2;1;4;1;Typical;7;1;Good;BuiltIn;2;372;Typical;Typical;Paved;7;2006;192140
Residential_Low_Density;0;9503;Pave;Regular;AllPub;Inside;North_Ames;One_Story;Average;Average;1958;1983;HdBoard;HdBoard;GasA;Typical;Y;SBrkr;1344;0;0;1344;1;0;1;0;2;1;Typical;6;1;Typical;Detchd;1;484;Typical;Typical;Paved;6;2007;144000
Residential_Low_Density;60;8400;Pave;Regular;AllPub;Inside;South_and_West_of_Iowa_State_University;One_and_Half_Fin;Above_Average;Average;1925;1950;MetalSd;MetalSd;GasA;Fair;Y;SBrkr;1390;304;0;1694;0;0;2;0;4;1;Typical;7;1;Good;Detchd;2;576;Typical;Typical;Paved;6;2008;136500
Residential_Low_Density;0;15295;Pave;Irregular;AllPub;Corner;College_Creek;Two_Story;Good;Average;1996;2002;VinylSd;VinylSd;GasA;Excellent;Y;SBrkr;1212;780;0;1992;1;0;2;1;3;1;Good;7;2;Typical;Attchd;2;608;Typical;Typical;Paved;6;2007;211000
Residential_Low_Density;0;8750;Pave;Slightly_Irregular;AllPub;Inside;North_Ames;One_Story;Average;Above_Average;1970;1970;MetalSd;MetalSd;GasA;Typical;Y;SBrkr;1002;0;0;1002;1;0;1;0;3;1;Typical;5;0;No_Fireplace;Detchd;2;902;Typical;Typical;Paved;8;2009;148500
Residential_Low_Density;70;8176;Pave;Regular;AllPub;Inside;North_Ames;One_Story;Average;Above_Average;1958;1992;Wd Sdng;Wd Sdng;GasA;Fair;Y;SBrkr;1056;0;0;1056;1;0;1;0;3;1;Typical;6;0;No_Fireplace;Attchd;1;308;Typical;Typical;Paved;8;2007;139000
Residential_Low_Density;0;8398;Pave;Slightly_Irregular;AllPub;Inside;Sawyer;One_Story;Average;Average;1967;1967;MetalSd;MetalSd;GasA;Typical;Y;SBrkr;943;0;0;943;1;0;1;0;2;1;Typical;5;0;No_Fireplace;Detchd;2;528;Typical;Typical;Paved;6;2007;134500
Residential_Medium_Density;50;6000;Pave;Regular;AllPub;Corner;Brookside;One_and_Half_Fin;Above_Average;Good;1929;1950;WdShing;Wd Shng;GasA;Typical;Y;SBrkr;950;208;0;1158;0;0;1;0;3;1;Typical;5;1;Good;BuiltIn;1;208;Typical;Typical;Paved;7;2008;120000
Residential_Low_Density;93;10481;Pave;Slightly_Irregular;AllPub;Inside;College_Creek;One_Story;Very_Good;Average;2006;2007;CemntBd;CmentBd;GasA;Excellent;Y;SBrkr;2140;0;0;2140;0;0;2;1;3;1;Good;8;0;No_Fireplace;Attchd;3;894;Typical;Typical;Paved;6;2007;360000
Residential_Low_Density;81;15593;Pave;Regular;AllPub;Corner;Clear_Creek;One_and_Half_Fin;Good;Below_Average;1953;1953;BrkFace;AsbShng;GasW;Typical;Y;SBrkr;1304;983;0;2287;0;0;2;0;3;1;Typical;7;1;Typical;Attchd;2;667;Typical;Typical;Paved;7;2006;225000
Residential_Medium_Density;51;6120;Pave;Regular;AllPub;Inside;Brookside;One_and_Half_Fin;Average;Above_Average;1938;1950;Wd Sdng;Wd Sdng;GasA;Typical;Y;FuseA;994;588;0;1582;0;0;2;0;3;1;Typical;6;1;Good;Detchd;1;250;Fair;Typical;Paved;2;2009;150000
Residential_Medium_Density;60;6155;Pave;Slightly_Irregular;AllPub;FR3;Brookside;Two_Story;Above_Average;Very_Good;1920;1999;Wd Sdng;Wd Sdng;GasA;Excellent;Y;SBrkr;751;611;0;1362;0;0;2;0;3;1;Typical;6;0;No_Fireplace;Detchd;2;502;Typical;Fair;Paved;6;2008;128000
Residential_Low_Density;70;10519;Pave;Regular;AllPub;Inside;Edwards;One_Story;Average;Very_Good;1955;1999;MetalSd;MetalSd;GasA;Good;Y;SBrkr;1057;0;0;1057;0;1;1;0;3;1;Good;6;0;No_Fireplace;Attchd;1;288;Typical;Typical;Paved;3;2006;137000
Residential_Low_Density;96;13132;Pave;Regular;AllPub;Inside;Crawford;Two_Story;Average;Average;1914;1950;Wd Sdng;Wd Sdng;GasA;Good;Y;FuseF;892;892;0;1784;0;0;1;1;4;1;Typical;9;0;No_Fireplace;Detchd;1;180;Fair;Fair;Dirt_Gravel;7;2006;138887
Residential_Low_Density;85;10200;Pave;Regular;AllPub;Inside;North_Ames;One_Story;Above_Average;Average;1974;1974;Plywood;Plywood;GasA;Typical;Y;SBrkr;1434;0;0;1434;1;0;2;0;4;1;Typical;7;1;Good;Attchd;2;528;Typical;Typical;Paved;6;2009;157000
Residential_Low_Density;0;9981;Pave;Slightly_Irregular;AllPub;Corner;Sawyer;One_Story;Average;Average;1967;1967;MetalSd;MetalSd;GasA;Good;Y;SBrkr;1073;0;0;1073;0;0;1;0;3;1;Typical;6;0;No_Fireplace;Attchd;1;270;Typical;Typical;Paved;3;2008;120000
Residential_Low_Density;0;3696;Pave;Regular;AllPub;Inside;Stone_Brook;One_Story;Very_Good;Average;1986;1986;HdBoard;HdBoard;GasA;Excellent;Y;SBrkr;1088;0;0;1088;0;0;1;1;2;1;Good;5;0;No_Fireplace;Attchd;2;461;Typical;Typical;Paved;10;2007;170000
Residential_Low_Density;69;7590;Pave;Regular;AllPub;Inside;North_Ames;Two_Story;Above_Average;Average;1966;1966;VinylSd;VinylSd;GasA;Typical;Y;SBrkr;660;688;0;1348;0;0;1;1;3;1;Typical;6;1;Fair;Attchd;2;453;Typical;Typical;Paved;7;2006;155000
Residential_Medium_Density;24;2368;Pave;Regular;AllPub;Inside;Briardale;Two_Story;Average;Above_Average;1970;1970;HdBoard;HdBoard;GasA;Typical;Y;SBrkr;765;600;0;1365;0;0;1;1;3;1;Typical;7;0;No_Fireplace;Attchd;2;440;Typical;Typical;Paved;5;2009;125000
Residential_Medium_Density;50;7030;Pave;Regular;AllPub;Inside;Iowa_DOT_and_Rail_Road;One_Story;Below_Average;Above_Average;1925;1950;MetalSd;MetalSd;GasA;Good;Y;SBrkr;641;0;0;641;0;0;1;0;2;1;Fair;4;0;No_Fireplace;Detchd;1;272;Typical;Typical;Dirt_Gravel;3;2006;85000
Residential_Low_Density;64;7488;Pave;Slightly_Irregular;AllPub;Inside;College_Creek;One_Story;Good;Average;2005;2005;VinylSd;VinylSd;GasA;Excellent;Y;SBrkr;1208;0;0;1208;0;0;2;0;2;1;Good;6;0;No_Fireplace;Attchd;2;632;Typical;Typical;Paved;2;2006;183600
Residential_Low_Density;75;9525;Pave;Regular;AllPub;Inside;Edwards;One_Story;Average;Good;1954;1998;WdShing;Wd Shng;GasA;Typical;Y;SBrkr;1172;0;0;1172;1;0;1;0;3;1;Typical;5;0;No_Fireplace;Attchd;1;366;Typical;Typical;Paved;6;2010;128000
Residential_Low_Density;60;6931;Pave;Regular;AllPub;Inside;Edwards;Two_Story;Good;Average;2003;2004;VinylSd;VinylSd;GasA;Excellent;Y;SBrkr;760;896;0;1656;0;0;2;1;3;1;Good;7;1;Good;BuiltIn;2;397;Typical;Typical;Paved;7;2008;165400
Residential_Low_Density;67;12774;Pave;Regular;AllPub;FR2;Sawyer_West;Two_Story;Good;Average;2003;2004;VinylSd;VinylSd;GasA;Excellent;Y;SBrkr;835;828;0;1663;0;0;2;1;3;1;Good;8;0;No_Fireplace;Attchd;2;478;Typical;Typical;Paved;7;2008;192500
Residential_Low_Density;70;7000;Pave;Regular;AllPub;Inside;North_Ames;One_Story;Average;Below_Average;1961;1961;BrkFace;BrkFace;GasA;Typical;Y;SBrkr;1150;0;0;1150;0;0;1;0;3;1;Typical;6;0;No_Fireplace;Attchd;1;288;Typical;Typical;Paved;7;2006;146000
Residential_Medium_Density;60;6756;Pave;Regular;AllPub;Inside;Old_Town;One_Story;Average;Above_Average;1910;1950;MetalSd;MetalSd;GasA;Typical;N;FuseA;899;0;0;899;0;0;1;0;2;1;Typical;5;0;No_Fireplace;Detchd;1;200;Fair;Typical;Partial_Pavement;9;2008;78000
Residential_Low_Density;43;3010;Pave;Regular;AllPub;Inside;Bloomington_Heights;One_Story;Good;Average;2005;2006;VinylSd;VinylSd;GasA;Excellent;Y;SBrkr;1248;0;0;1248;0;0;2;0;2;1;Good;5;0;No_Fireplace;Attchd;2;438;Typical;Typical;Paved;3;2006;167240
Residential_Low_Density;75;9675;Pave;Regular;AllPub;Corner;College_Creek;One_Story;Average;Above_Average;1975;1975;HdBoard;HdBoard;GasA;Typical;Y;SBrkr;879;0;0;879;0;0;1;0;3;1;Typical;5;0;No_Fireplace;Attchd;2;440;Typical;Typical;Paved;9;2007;120000
Residential_Low_Density;85;11475;Pave;Regular;AllPub;Inside;Northwest_Ames;Two_Story;Above_Average;Above_Average;1975;1975;VinylSd;VinylSd;GasA;Typical;Y;SBrkr;811;741;0;1552;1;0;2;1;3;1;Typical;6;1;Typical;Attchd;2;434;Typical;Typical;Paved;2;2006;179900
Floating_Village_Residential;75;9375;Pave;Regular;AllPub;Inside;Somerset;Two_Story;Very_Good;Average;2003;2004;VinylSd;VinylSd;GasA;Excellent;Y;SBrkr;1053;939;0;1992;0;0;2;1;3;1;Good;9;1;Good;Attchd;2;648;Typical;Typical;Paved;8;2008;250000
Residential_Medium_Density;50;5925;Pave;Regular;AllPub;Inside;Old_Town;One_and_Half_Fin;Below_Average;Above_Average;1900;1950;MetalSd;MetalSd;GasA;Good;N;SBrkr;761;380;0;1141;0;0;1;0;3;1;Typical;6;0;No_Fireplace;Detchd;1;252;Fair;Fair;Paved;5;2007;85000
Residential_Low_Density;0;7980;Pave;Slightly_Irregular;AllPub;Inside;Gilbert;One_Story;Above_Average;Good;1992;2007;HdBoard;HdBoard;GasA;Excellent;Y;SBrkr;1187;0;0;1187;1;0;2;0;3;1;Typical;6;0;No_Fireplace;Attchd;2;420;Typical;Typical;Paved;3;2010;185000
Residential_Low_Density;65;10237;Pave;Regular;AllPub;Inside;Gilbert;Two_Story;Above_Average;Average;2005;2006;VinylSd;VinylSd;GasA;Excellent;Y;SBrkr;728;728;0;1456;0;0;2;1;3;1;Good;8;1;Good;Attchd;2;390;Typical;Typical;Paved;2;2006;170440
Residential_Low_Density;85;10625;Pave;Regular;AllPub;Inside;Northwest_Ames;SFoyer;Good;Above_Average;1974;1974;Plywood;Plywood;GasA;Typical;Y;SBrkr;1173;0;0;1173;1;0;2;0;3;1;Good;6;2;Typical;Attchd;2;528;Typical;Typical;Paved;1;2010;170000
Residential_Low_Density;65;8125;Pave;Regular;AllPub;Inside;North_Ames;One_Story;Average;Good;1959;1959;MetalSd;MetalSd;GasA;Excellent;Y;SBrkr;864;0;0;864;0;0;1;0;3;1;Typical;5;0;No_Fireplace;Detchd;1;308;Typical;Typical;Paved;9;2009;118000
Residential_Low_Density;60;7200;Pave;Regular;AllPub;Inside;North_Ames;One_Story;Average;Good;1950;1950;Wd Sdng;Wd Sdng;GasA;Typical;Y;FuseF;1040;0;0;1040;0;0;1;0;2;1;Typical;5;0;No_Fireplace;Detchd;2;625;Typical;Typical;Paved;6;2006;109500
Residential_Low_Density;92;9920;Pave;Slightly_Irregular;AllPub;CulDSac;Northridge;Two_Story;Good;Average;1996;1997;MetalSd;MetalSd;GasA;Excellent;Y;SBrkr;1127;886;0;2013;1;0;2;1;3;1;Typical;8;1;Typical;Attchd;2;455;Typical;Typical;Paved;6;2007;269790
Residential_Low_Density;41;12460;Pave;Slightly_Irregular;AllPub;FR2;Gilbert;Two_Story;Good;Average;1999;2000;VinylSd;VinylSd;GasA;Excellent;Y;SBrkr;1037;1285;0;2322;0;0;2;1;4;1;Typical;8;1;Typical;BuiltIn;2;400;Typical;Typical;Paved;5;2008;225000
Residential_Low_Density;60;10836;Pave;Regular;AllPub;Inside;Old_Town;One_and_Half_Fin;Average;Average;1922;1950;Wd Sdng;Wd Sdng;GasA;Excellent;Y;SBrkr;1254;182;0;1436;0;1;1;0;3;1;Typical;7;1;Good;Detchd;4;1488;Fair;Typical;Dirt_Gravel;6;2008;139000
Residential_Low_Density;0;13517;Pave;Slightly_Irregular;AllPub;CulDSac;Sawyer;Two_Story;Above_Average;Very_Good;1976;2005;HdBoard;Plywood;GasA;Excellent;Y;SBrkr;725;754;0;1479;0;0;2;1;3;1;Good;6;0;No_Fireplace;Attchd;2;475;Typical;Typical;Paved;3;2010;130500
Residential_Low_Density;84;10084;Pave;Regular;AllPub;Inside;College_Creek;One_Story;Good;Average;2005;2006;VinylSd;VinylSd;GasA;Excellent;Y;SBrkr;1552;0;0;1552;0;0;2;0;3;1;Good;7;0;No_Fireplace;Attchd;3;782;Typical;Typical;Paved;7;2006;212900
Residential_Low_Density;102;9373;Pave;Slightly_Irregular;AllPub;Corner;North_Ames;One_Story;Average;Above_Average;1953;1953;MetalSd;MetalSd;GasA;Typical;Y;SBrkr;1152;0;0;1152;0;0;1;1;3;1;Typical;6;0;No_Fireplace;Detchd;2;636;Typical;Typical;Paved;5;2008;137500
Residential_Low_Density;78;9316;Pave;Slightly_Irregular;AllPub;Inside;College_Creek;Two_Story;Good;Average;2005;2005;VinylSd;VinylSd;GasA;Excellent;Y;SBrkr;784;812;0;1596;0;0;2;1;3;1;Good;6;0;No_Fireplace;Attchd;2;610;Typical;Typical;Paved;6;2006;181000
Residential_Low_Density;80;9600;Pave;Regular;AllPub;Inside;North_Ames;One_Story;Average;Average;1951;1951;HdBoard;HdBoard;GasA;Excellent;Y;FuseA;1216;0;0;1216;1;0;1;0;3;1;Typical;7;0;No_Fireplace;Attchd;1;280;Typical;Typical;Paved;5;2006;135000
Floating_Village_Residential;24;2117;Pave;Regular;AllPub;Inside;Somerset;Two_Story;Above_Average;Average;2000;2000;MetalSd;MetalSd;GasA;Excellent;Y;SBrkr;769;804;0;1573;0;0;2;1;3;1;Good;4;0;No_Fireplace;Detchd;2;440;Typical;Typical;Paved;9;2007;177000
Residential_Low_Density;90;11250;Pave;Slightly_Irregular;AllPub;Corner;College_Creek;Two_Story;Good;Average;1998;1998;VinylSd;VinylSd;GasA;Excellent;Y;SBrkr;1070;869;0;1939;0;1;2;1;3;1;Good;8;1;Typical;Attchd;3;555;Typical;Typical;Paved;5;2006;227000
Residential_Low_Density;75;9986;Pave;Regular;AllPub;Inside;Somerset;One_Story;Very_Good;Average;2006;2007;VinylSd;VinylSd;GasA;Excellent;Y;SBrkr;1795;0;0;1795;0;0;2;0;2;1;Good;7;1;Good;Attchd;3;895;Typical;Typical;Paved;2;2007;147000
Residential_Low_Density;79;14463;Pave;Slightly_Irregular;AllPub;Corner;Timberland;One_Story;Excellent;Average;2008;2008;CemntBd;CmentBd;GasA;Excellent;Y;SBrkr;1641;0;0;1641;1;0;2;0;3;1;Excellent;7;0;No_Fireplace;Attchd;3;885;Typical;Typical;Paved;1;2009;316500
Residential_Low_Density;57;21872;Pave;Moderately_Irregular;AllPub;FR2;Gilbert;Two_Story;Good;Average;1996;1997;HdBoard;HdBoard;GasA;Excellent;Y;SBrkr;729;717;0;1446;0;1;2;1;3;1;Typical;6;1;Typical;Attchd;2;406;Typical;Typical;Paved;8;2008;175000
Residential_Low_Density;76;9291;Pave;Slightly_Irregular;AllPub;Corner;Sawyer_West;Two_Story;Above_Average;Average;1993;1993;HdBoard;HdBoard;GasA;Excellent;Y;SBrkr;832;878;0;1710;0;0;2;1;3;1;Good;7;0;No_Fireplace;Attchd;2;506;Typical;Typical;Paved;6;2008;187000
Residential_Low_Density;115;16905;Pave;Regular;AllPub;Inside;Timberland;One_Story;Average;Above_Average;1959;1959;VinylSd;VinylSd;GasA;Good;Y;SBrkr;1328;0;0;1328;0;1;1;1;2;1;Typical;5;2;Good;Attchd;1;308;Typical;Typical;Partial_Pavement;7;2007;170000
Residential_Low_Density;80;10791;Pave;Regular;AllPub;Inside;Northwest_Ames;Two_Story;Above_Average;Average;1993;1993;MetalSd;MetalSd;GasA;Excellent;Y;SBrkr;1280;1215;0;2495;1;0;2;1;4;1;Good;9;1;Typical;Attchd;2;660;Typical;Typical;Paved;3;2010;243500
Residential_Low_Density;0;12728;Pave;Regular;AllPub;Inside;College_Creek;Two_Story;Very_Good;Average;2001;2001;VinylSd;VinylSd;GasA;Excellent;Y;SBrkr;1531;908;0;2439;1;0;2;1;4;1;Good;7;1;Typical;Attchd;2;560;Typical;Typical;Paved;1;2007;275000
Residential_Low_Density;60;10134;Pave;Regular;AllPub;Inside;Old_Town;One_and_Half_Fin;Average;Above_Average;1940;1950;MetalSd;MetalSd;GasA;Good;Y;FuseA;735;299;0;1034;0;0;1;0;2;1;Typical;5;0;No_Fireplace;Detchd;1;240;Typical;Typical;Paved;7;2007;109000
Residential_Low_Density;0;8755;Pave;Slightly_Irregular;AllPub;FR2;Gilbert;Two_Story;Good;Average;1999;1999;VinylSd;VinylSd;GasA;Excellent;Y;SBrkr;1022;1038;0;2060;1;0;2;1;3;1;Good;8;1;Typical;BuiltIn;2;390;Typical;Typical;Paved;6;2009;214000
Residential_Medium_Density;57;8094;Pave;Regular;AllPub;Inside;Old_Town;Two_Story;Above_Average;Above_Average;1915;1950;MetalSd;MetalSd;GasA;Good;Y;FuseA;1048;720;0;1768;0;0;2;0;3;1;Typical;8;0;No_Fireplace;Detchd;2;576;Fair;Fair;Paved;6;2009;155000
Residential_Low_Density;64;8320;Pave;Regular;AllPub;Inside;College_Creek;Two_Story;Good;Average;2004;2004;VinylSd;VinylSd;GasA;Excellent;Y;SBrkr;770;812;0;1582;0;0;2;1;3;1;Good;6;0;No_Fireplace;Attchd;2;520;Typical;Typical;Paved;9;2008;185900
Residential_Low_Density;70;8400;Pave;Regular;AllPub;Corner;North_Ames;One_Story;Average;Average;1955;1955;MetalSd;MetalSd;GasA;Typical;Y;SBrkr;925;0;0;925;1;0;1;0;3;1;Typical;5;2;Typical;Attchd;1;390;Typical;Typical;Paved;3;2007;116900
Residential_Low_Density;38;7840;Pave;Slightly_Irregular;AllPub;CulDSac;Edwards;SFoyer;Above_Average;Average;1975;1975;Plywood;Wd Shng;GasA;Typical;Y;SBrkr;1012;0;0;1012;0;2;2;0;4;0;Typical;4;0;No_Fireplace;No_Garage;0;0;No_Garage;No_Garage;Paved;10;2006;127500
Residential_Low_Density;60;7024;Pave;Regular;AllPub;Inside;Edwards;One_Story;Average;Average;2005;2006;VinylSd;VinylSd;GasA;Good;Y;SBrkr;1090;0;0;1090;1;0;1;1;2;1;Typical;5;0;No_Fireplace;Attchd;2;450;Typical;Typical;Paved;6;2007;157000
Residential_Low_Density;63;7875;Pave;Regular;AllPub;Inside;Gilbert;One_Story;Good;Average;1995;1996;HdBoard;HdBoard;GasA;Good;Y;SBrkr;1253;0;0;1253;0;0;2;0;3;1;Typical;6;1;Typical;Attchd;2;402;Typical;Typical;Paved;6;2007;176000
Residential_Low_Density;63;7875;Pave;Regular;AllPub;Inside;Gilbert;Two_Story;Good;Average;2003;2003;VinylSd;VinylSd;GasA;Excellent;Y;SBrkr;807;702;0;1509;0;0;2;1;3;1;Good;8;1;Good;Attchd;2;393;Typical;Typical;Paved;7;2006;180000
Residential_Low_Density;61;7328;Pave;Regular;AllPub;Inside;Sawyer_West;One_Story;Good;Average;2008;2009;VinylSd;VinylSd;GasA;Excellent;Y;SBrkr;1450;0;0;1450;0;0;2;0;2;1;Good;6;0;No_Fireplace;Attchd;3;788;Typical;Typical;Paved;2;2009;224243
Residential_Low_Density;0;11616;Pave;Regular;AllPub;Inside;Sawyer;One_Story;Average;Average;1962;1962;Wd Sdng;Wd Sdng;GasA;Typical;Y;SBrkr;1092;0;0;1092;0;1;1;0;3;1;Typical;6;1;Poor;Attchd;1;288;Typical;Typical;Paved;9;2009;139000
Residential_Medium_Density;21;1680;Pave;Regular;AllPub;Inside;Briardale;Two_Story;Above_Average;Average;1972;1972;HdBoard;HdBoard;GasA;Good;Y;SBrkr;525;567;0;1092;0;0;1;1;3;1;Typical;6;0;No_Fireplace;Detchd;1;264;Typical;Typical;Paved;10;2006;108000
Residential_Medium_Density;50;5925;Pave;Regular;AllPub;Inside;Old_Town;One_Story;Below_Average;Good;1937;2000;Stucco;Stucco;GasA;Typical;Y;SBrkr;1131;0;0;1131;0;0;1;0;2;1;Typical;7;0;No_Fireplace;Detchd;2;672;Typical;Typical;Paved;3;2007;89471
Residential_Low_Density;75;8604;Pave;Slightly_Irregular;AllPub;Inside;North_Ames;SFoyer;Average;Good;1978;1978;Plywood;Plywood;GasA;Good;Y;SBrkr;941;0;0;941;1;0;1;0;2;1;Good;4;0;No_Fireplace;Attchd;2;564;Typical;Typical;Paved;11;2009;145000
Residential_Low_Density;0;10600;Pave;Slightly_Irregular;AllPub;Inside;North_Ames;SLvl;Above_Average;Average;1964;1964;HdBoard;HdBoard;GasA;Typical;Y;SBrkr;1131;644;0;1775;0;0;2;0;3;1;Typical;8;0;No_Fireplace;Attchd;2;480;Typical;Typical;Paved;5;2010;136300
Residential_Low_Density;60;9000;Pave;Regular;AllPub;FR2;North_Ames;One_Story;Below_Average;Good;1971;2006;VinylSd;VinylSd;GasA;Good;Y;SBrkr;864;0;0;864;0;0;1;0;3;1;Typical;5;0;No_Fireplace;Detchd;2;576;Typical;Typical;Paved;7;2009;130000
Residential_Low_Density;80;9600;Pave;Regular;AllPub;Inside;North_Ames;One_Story;Above_Average;Average;1953;1953;HdBoard;HdBoard;GasA;Typical;Y;SBrkr;1644;0;0;1644;1;0;1;0;3;1;Typical;7;2;Good;Attchd;2;418;Typical;Typical;Paved;10;2009;167000
Residential_Medium_Density;60;10320;Pave;Regular;AllPub;Inside;Iowa_DOT_and_Rail_Road;Two_Story;Fair;Fair;1915;1950;AsphShn;AsphShn;GasA;Excellent;N;FuseF;808;536;0;1344;0;0;2;0;3;2;Typical;8;0;No_Fireplace;No_Garage;0;0;No_Garage;No_Garage;Dirt_Gravel;5;2008;82375
Residential_Low_Density;0;15676;Pave;Slightly_Irregular;AllPub;Inside;Veenker;One_Story;Very_Good;Very_Good;1980;1980;VinylSd;VinylSd;GasA;Good;Y;SBrkr;2014;0;0;2014;1;0;2;0;2;1;Good;6;2;Good;Attchd;3;864;Typical;Typical;Paved;4;2009;275000
Residential_Low_Density;0;11677;Pave;Slightly_Irregular;AllPub;Inside;Sawyer;One_Story;Average;Below_Average;1966;1966;HdBoard;HdBoard;GasA;Typical;Y;SBrkr;1040;0;0;1040;1;0;1;0;3;1;Typical;6;0;No_Fireplace;Attchd;1;264;Typical;Typical;Paved;2;2007;123000
Floating_Village_Residential;0;7500;Pave;Regular;AllPub;Inside;Somerset;Two_Story;Good;Average;2000;2000;VinylSd;VinylSd;GasA;Excellent;Y;SBrkr;814;860;0;1674;1;0;2;1;3;1;Good;7;0;No_Fireplace;Attchd;2;663;Typical;Typical;Paved;1;2010;216000
Residential_Low_Density;135;12304;Pave;Irregular;AllPub;Corner;Northridge_Heights;One_Story;Good;Average;2005;2005;VinylSd;VinylSd;GasA;Excellent;Y;SBrkr;1367;0;0;1367;0;0;2;0;2;1;Good;6;1;Good;Attchd;2;484;Typical;Typical;Paved;6;2008;192000
Residential_Low_Density;70;8750;Pave;Regular;AllPub;Inside;College_Creek;Two_Story;Good;Average;1994;1995;VinylSd;VinylSd;GasA;Excellent;Y;SBrkr;933;975;0;1908;1;0;2;1;4;1;Good;8;1;Typical;Attchd;2;493;Typical;Typical;Paved;7;2008;210000
Residential_Low_Density;74;13830;Pave;Slightly_Irregular;AllPub;Inside;Gilbert;Two_Story;Average;Average;1997;1998;VinylSd;VinylSd;GasA;Good;Y;SBrkr;928;701;0;1629;0;0;2;1;3;1;Typical;6;1;Typical;Attchd;2;482;Typical;Typical;Paved;3;2010;189900
Residential_Low_Density;70;12243;Pave;Slightly_Irregular;AllPub;Inside;Northwest_Ames;One_Story;Average;Above_Average;1971;1971;Plywood;Plywood;GasA;Good;Y;SBrkr;1484;0;0;1484;0;0;2;0;3;1;Typical;7;1;Typical;Attchd;2;487;Typical;Typical;Paved;2;2007;175000
Residential_Low_Density;96;13262;Pave;Slightly_Irregular;AllPub;Inside;Northridge_Heights;Two_Story;Very_Good;Average;2003;2004;VinylSd;VinylSd;GasA;Excellent;Y;SBrkr;1105;1295;0;2400;0;0;3;1;4;1;Good;10;1;Good;BuiltIn;3;730;Typical;Typical;Paved;6;2009;290000
Residential_Low_Density;0;12227;Pave;Slightly_Irregular;AllPub;Corner;Northwest_Ames;Two_Story;Above_Average;Good;1977;1995;HdBoard;HdBoard;GasA;Typical;Y;SBrkr;1542;1330;0;2872;1;0;2;1;4;1;Typical;11;1;Typical;Attchd;2;619;Typical;Typical;Paved;7;2008;272000
Floating_Village_Residential;40;3606;Pave;Regular;AllPub;Inside;Somerset;One_Story;Good;Average;2006;2007;VinylSd;VinylSd;GasA;Excellent;Y;SBrkr;1352;0;0;1352;1;0;2;0;2;1;Good;5;1;Good;Attchd;2;466;Typical;Typical;Paved;8;2007;194000
Residential_Low_Density;53;5362;Pave;Regular;AllPub;Corner;Crawford;One_and_Half_Fin;Average;Above_Average;1910;2003;Wd Sdng;Wd Shng;GasA;Excellent;Y;SBrkr;661;589;0;1250;0;0;2;0;3;1;Typical;8;1;Good;Detchd;2;552;Typical;Typical;Paved;11;2007;139000
Residential_Low_Density;37;6951;Pave;Slightly_Irregular;AllPub;CulDSac;Mitchell;One_Story;Average;Average;1984;1985;HdBoard;Plywood;GasA;Typical;Y;SBrkr;923;0;0;923;1;0;1;0;3;1;Typical;5;0;No_Fireplace;Attchd;1;264;Typical;Typical;Paved;10;2008;119500
Residential_Low_Density;60;10800;Pave;Regular;AllPub;Inside;Old_Town;One_Story;Average;Good;1920;1950;Wd Sdng;Wd Sdng;GasA;Typical;N;SBrkr;846;0;0;846;0;0;1;0;2;1;Good;4;0;No_Fireplace;Detchd;2;576;Typical;Typical;Dirt_Gravel;6;2009;106000
Residential_Low_Density;80;8816;Pave;Regular;AllPub;Inside;Clear_Creek;SLvl;Above_Average;Good;1971;1971;HdBoard;HdBoard;GasA;Good;Y;SBrkr;1052;0;0;1052;1;0;1;0;3;1;Typical;6;0;No_Fireplace;Attchd;2;440;Typical;Typical;Paved;6;2010;155000
Residential_Low_Density;60;11100;Pave;Regular;AllPub;Inside;Edwards;One_Story;Below_Average;Good;1946;2006;MetalSd;MetalSd;GasA;Excellent;Y;SBrkr;930;0;0;930;0;0;1;0;2;1;Good;6;0;No_Fireplace;Detchd;1;308;Typical;Typical;Paved;4;2010;84900
Residential_Low_Density;70;8749;Pave;Regular;AllPub;Inside;College_Creek;Two_Story;Good;Average;2002;2002;VinylSd;VinylSd;GasA;Excellent;Y;SBrkr;840;885;0;1725;0;0;2;1;3;1;Good;6;0;No_Fireplace;Attchd;2;550;Typical;Typical;Paved;11;2009;198500
Residential_Low_Density;0;22002;Pave;Regular;AllPub;Corner;North_Ames;One_Story;Above_Average;Good;1959;1991;MetalSd;MetalSd;GasA;Good;Y;SBrkr;1652;0;0;1652;1;0;1;1;3;1;Good;6;1;Good;Attchd;2;510;Typical;Typical;Paved;7;2007;200000
Residential_Low_Density;141;31770;Pave;Slightly_Irregular;AllPub;Corner;North_Ames;One_Story;Above_Average;Average;1960;1960;BrkFace;Plywood;GasA;Fair;Y;SBrkr;1656;0;0;1656;1;0;1;0;3;1;Typical;7;2;Good;Attchd;2;528;Typical;Typical;Partial_Pavement;5;2010;215000
Residential_Low_Density;78;10140;Pave;Regular;AllPub;Inside;Northwest_Ames;One_Story;Good;Average;1998;1999;VinylSd;VinylSd;GasA;Excellent;Y;SBrkr;1680;0;0;1680;1;0;2;0;3;1;Good;7;1;Typical;Attchd;2;583;Typical;Typical;Paved;6;2009;213250
Residential_Medium_Density;50;9000;Pave;Regular;AllPub;Corner;Old_Town;Two_Story;Average;Above_Average;1880;1991;VinylSd;VinylSd;GasA;Typical;Y;FuseA;1089;661;0;1750;0;0;1;0;3;1;Excellent;8;0;No_Fireplace;Detchd;1;240;Fair;Poor;Dirt_Gravel;6;2006;124000
Residential_Low_Density;0;8544;Pave;Regular;AllPub;Inside;North_Ames;One_Story;Fair;Below_Average;1949;1950;Stucco;Stucco;Wall;Fair;N;FuseA;1040;0;0;1040;0;0;2;0;2;2;Typical;6;0;No_Fireplace;Detchd;2;400;Typical;Typical;Paved;5;2006;87500
Residential_Low_Density;0;11515;Pave;Slightly_Irregular;AllPub;CulDSac;Edwards;One_Story;Below_Average;Average;1958;1994;HdBoard;HdBoard;GasA;Typical;N;SBrkr;943;0;0;943;0;0;1;0;3;1;Good;5;0;No_Fireplace;Detchd;1;308;Typical;Typical;Dirt_Gravel;8;2007;80000
C_all;60;10200;Pave;Regular;AllPub;Inside;Iowa_DOT_and_Rail_Road;One_Story;Below_Average;Above_Average;1925;1950;MetalSd;MetalSd;GasA;Fair;N;FuseP;572;0;0;572;0;0;1;0;2;1;Typical;4;0;No_Fireplace;Detchd;1;200;Typical;Typical;Dirt_Gravel;5;2009;75000
Residential_Low_Density;0;9240;Pave;Regular;AllPub;Inside;College_Creek;Two_Story;Very_Good;Average;2001;2002;VinylSd;VinylSd;GasA;Excellent;Y;SBrkr;1055;1208;0;2263;0;0;2;1;3;1;Good;7;1;Typical;BuiltIn;2;905;Typical;Typical;Paved;9;2008;287000
Residential_Low_Density;74;8556;Pave;Regular;AllPub;Inside;College_Creek;One_Story;Good;Average;2006;2006;VinylSd;VinylSd;GasA;Excellent;Y;SBrkr;1240;0;0;1240;0;0;2;0;2;1;Good;5;0;No_Fireplace;Attchd;3;826;Typical;Typical;Paved;5;2007;194000
Residential_Low_Density;63;7875;Pave;Regular;AllPub;Inside;Gilbert;Two_Story;Good;Average;2003;2003;VinylSd;VinylSd;GasA;Excellent;Y;SBrkr;847;1101;0;1948;0;0;2;1;4;1;Good;8;1;Good;BuiltIn;2;434;Typical;Typical;Paved;7;2007;211000
Residential_Low_Density;0;12692;Pave;Slightly_Irregular;AllPub;Inside;Northridge;One_Story;Very_Good;Average;1992;1993;BrkFace;BrkFace;GasA;Excellent;Y;SBrkr;3228;0;0;3228;1;0;3;0;4;1;Good;10;1;Good;Attchd;2;546;Typical;Typical;Paved;5;2007;430000
Residential_Low_Density;50;5330;Pave;Regular;AllPub;Inside;Brookside;One_Story;Below_Average;Good;1940;1950;VinylSd;VinylSd;GasA;Good;Y;SBrkr;708;0;0;708;0;0;1;0;2;1;Fair;5;0;No_Fireplace;No_Garage;0;0;No_Garage;No_Garage;Paved;12;2009;82500
Residential_Low_Density;85;11475;Pave;Regular;AllPub;Corner;North_Ames;SLvl;Above_Average;Above_Average;1961;1961;HdBoard;HdBoard;GasA;Excellent;Y;SBrkr;1576;0;0;1576;1;0;1;0;4;1;Good;7;1;Poor;BuiltIn;2;368;Typical;Typical;Paved;9;2009;174500
Residential_Low_Density;80;9200;Pave;Regular;AllPub;Inside;Northridge;Two_Story;Very_Good;Average;1998;1998;VinylSd;VinylSd;GasA;Good;Y;SBrkr;1470;1160;0;2630;1;0;2;1;4;1;Good;8;1;Typical;Attchd;3;696;Typical;Typical;Paved;6;2008;315000
Residential_Medium_Density;60;3600;Pave;Regular;AllPub;Inside;Old_Town;Two_Story;Above_Average;Good;1910;1993;VinylSd;VinylSd;GasA;Excellent;N;FuseA;684;684;0;1368;0;0;1;0;3;1;Typical;7;0;No_Fireplace;Detchd;1;216;Typical;Fair;Dirt_Gravel;10;2006;114504
Residential_Low_Density;0;13650;Pave;Regular;AllPub;Inside;Sawyer;One_and_Half_Fin;Average;Average;1958;1958;MetalSd;MetalSd;GasA;Excellent;Y;SBrkr;1252;668;0;1920;1;0;2;0;4;1;Good;8;1;Good;Attchd;2;451;Typical;Typical;Paved;7;2006;172500
Residential_Low_Density;104;23920;Pave;Regular;AllPub;Inside;Sawyer_West;One_and_Half_Fin;Above_Average;Average;1984;1984;Wd Sdng;Wd Sdng;GasA;Excellent;Y;SBrkr;1105;717;0;1822;0;0;2;0;4;1;Good;7;1;Poor;Attchd;2;515;Typical;Typical;Partial_Pavement;4;2007;228500
Residential_Low_Density;85;13770;Pave;Regular;AllPub;Corner;Sawyer;One_Story;Average;Above_Average;1958;1998;Plywood;Plywood;GasA;Typical;Y;SBrkr;1176;0;0;1176;1;0;1;0;3;1;Typical;6;2;Good;Attchd;1;303;Typical;Typical;Paved;10;2007;137000
Residential_Low_Density;62;7692;Pave;Regular;AllPub;Inside;Edwards;SLvl;Below_Average;Above_Average;1954;1954;Wd Sdng;Wd Sdng;GasA;Good;Y;FuseA;1204;0;0;1204;0;0;1;0;3;1;Typical;6;0;No_Fireplace;Basment;1;312;Typical;Typical;Paved;11;2008;100000
Residential_Low_Density;41;4920;Pave;Regular;AllPub;Inside;Stone_Brook;One_Story;Very_Good;Average;2001;2001;CemntBd;CmentBd;GasA;Excellent;Y;SBrkr;1338;0;0;1338;1;0;2;0;2;1;Good;6;0;No_Fireplace;Attchd;2;582;Typical;Typical;Paved;4;2010;213500
Residential_Low_Density;34;3903;Pave;Regular;AllPub;Inside;Northridge_Heights;One_Story;Above_Average;Average;2005;2006;VinylSd;VinylSd;GasA;Excellent;Y;SBrkr;1302;0;0;1302;1;0;1;1;1;1;Good;5;1;Good;Attchd;2;631;Typical;Typical;Paved;5;2007;200000
Residential_Low_Density;80;10000;Pave;Regular;AllPub;Inside;Northwest_Ames;One_Story;Above_Average;Above_Average;1974;1974;HdBoard;Plywood;GasA;Typical;Y;SBrkr;1103;0;0;1103;0;0;2;0;3;1;Typical;6;0;No_Fireplace;Attchd;2;462;Typical;Typical;Paved;6;2006;155000
Residential_Low_Density;0;12205;Pave;Slightly_Irregular;AllPub;Inside;Clear_Creek;Two_Story;Above_Average;Very_Good;1966;2007;HdBoard;HdBoard;GasA;Good;Y;SBrkr;976;1111;0;2087;0;0;2;1;5;1;Good;9;0;No_Fireplace;Attchd;2;444;Typical;Typical;Paved;7;2007;187500
Residential_Low_Density;59;7227;Pave;Regular;AllPub;Corner;North_Ames;One_and_Half_Unf;Above_Average;Above_Average;1954;1954;MetalSd;MetalSd;GasA;Good;Y;SBrkr;832;0;0;832;0;0;1;0;2;1;Good;4;0;No_Fireplace;Detchd;2;528;Typical;Typical;Paved;6;2008;105500
Residential_Low_Density;70;11767;Pave;Regular;AllPub;Inside;Edwards;One_and_Half_Fin;Average;Above_Average;1946;1995;MetalSd;MetalSd;GasA;Excellent;Y;SBrkr;768;432;0;1200;0;0;1;0;3;1;Typical;6;0;No_Fireplace;Detchd;1;240;Typical;Typical;Paved;5;2008;130500
Residential_Low_Density;67;5142;Pave;Regular;AllPub;Inside;Edwards;One_and_Half_Fin;Below_Average;Good;1923;2008;Wd Sdng;Wd Sdng;GasA;Typical;Y;SBrkr;949;343;0;1292;0;0;1;1;3;1;Good;6;0;No_Fireplace;Detchd;1;205;Typical;Typical;Dirt_Gravel;6;2008;108000
Residential_Low_Density;93;11160;Pave;Regular;AllPub;Corner;North_Ames;One_Story;Good;Average;1968;1968;BrkFace;BrkFace;GasA;Excellent;Y;SBrkr;2110;0;0;2110;1;0;2;1;3;1;Excellent;8;2;Typical;Attchd;2;522;Typical;Typical;Paved;4;2010;244000
Residential_Low_Density;45;6264;Pave;Slightly_Irregular;AllPub;Corner;Stone_Brook;One_Story;Very_Good;Average;1997;1997;CemntBd;CmentBd;GasA;Excellent;Y;SBrkr;1682;0;0;1682;1;0;1;1;1;1;Good;6;1;Typical;Attchd;2;528;Typical;Typical;Paved;7;2008;247900
Residential_Low_Density;44;6442;Pave;Slightly_Irregular;AllPub;Inside;Northridge_Heights;One_Story;Very_Good;Average;2006;2006;VinylSd;VinylSd;GasA;Excellent;Y;SBrkr;1370;0;0;1370;0;0;2;0;2;1;Good;6;1;Good;Attchd;2;484;Typical;Typical;Paved;10;2007;202500
Residential_Low_Density;60;18062;Pave;Slightly_Irregular;AllPub;CulDSac;Stone_Brook;Two_Story;Very_Excellent;Average;2006;2006;CemntBd;CmentBd;GasA;Excellent;Y;SBrkr;1528;1862;0;3390;0;0;3;1;5;1;Excellent;10;1;Excellent;BuiltIn;3;758;Typical;Typical;Paved;9;2006;545224
Residential_Low_Density;39;5070;Pave;Slightly_Irregular;AllPub;Inside;Stone_Brook;One_Story;Very_Good;Average;1992;1992;HdBoard;HdBoard;GasA;Excellent;Y;SBrkr;1280;0;0;1280;0;0;2;0;2;1;Good;5;0;No_Fireplace;Attchd;2;506;Typical;Typical;Paved;8;2008;180000
Residential_Low_Density;60;6360;Pave;Regular;AllPub;Inside;Sawyer;One_Story;Average;Average;1963;1963;Wd Sdng;HdBoard;GasA;Typical;Y;SBrkr;864;0;0;864;0;0;1;0;3;1;Typical;5;0;No_Fireplace;Attchd;1;276;Typical;Typical;Paved;1;2008;119916
I_all;0;56600;Pave;Slightly_Irregular;AllPub;Inside;Iowa_DOT_and_Rail_Road;Two_and_Half_Unf;Average;Very_Poor;1900;1950;Wd Sdng;Wd Sdng;GasA;Excellent;Y;SBrkr;1150;686;0;1836;0;0;2;0;4;1;Typical;7;0;No_Fireplace;Detchd;1;288;Typical;Fair;Dirt_Gravel;1;2008;103000
Residential_Low_Density;80;10793;Pave;Regular;AllPub;Inside;Northwest_Ames;Two_Story;Average;Average;1969;1969;WdShing;HdBoard;GasA;Excellent;Y;SBrkr;780;840;0;1620;0;0;2;1;4;1;Typical;7;0;No_Fireplace;Attchd;2;462;Typical;Typical;Paved;4;2007;152000
Residential_Medium_Density;52;6240;Pave;Regular;AllPub;Inside;Brookside;One_and_Half_Fin;Above_Average;Above_Average;1931;1950;Wd Sdng;Wd Sdng;GasA;Typical;Y;FuseA;959;408;0;1367;0;0;1;0;3;1;Typical;6;1;Good;Detchd;1;560;Typical;Typical;Paved;11;2007;127500
Residential_Low_Density;91;10010;Pave;Regular;AllPub;Inside;Northridge;Two_Story;Good;Average;1993;1994;VinylSd;VinylSd;GasA;Excellent;Y;SBrkr;1108;1089;0;2197;1;0;2;1;4;1;Good;9;1;Good;Attchd;3;783;Typical;Typical;Paved;7;2008;287500
Residential_Low_Density;125;10000;Pave;Regular;AllPub;Corner;North_Ames;SLvl;Average;Above_Average;1956;1956;Wd Sdng;Wd Sdng;GasA;Excellent;Y;SBrkr;1370;0;0;1370;1;0;1;0;3;1;Typical;6;1;Typical;Basment;1;300;Typical;Typical;Paved;2;2006;148000
Residential_Low_Density;82;12375;Pave;Regular;AllPub;Inside;Sawyer;One_and_Half_Fin;Average;Average;1951;1951;HdBoard;HdBoard;GasA;Typical;Y;SBrkr;1081;341;0;1422;1;0;1;0;3;1;Typical;7;1;Typical;Detchd;1;288;Typical;Typical;Paved;6;2006;137500
Residential_Low_Density;53;5470;Pave;Regular;AllPub;Inside;Old_Town;One_Story;Fair;Average;1958;1958;MetalSd;MetalSd;GasA;Good;Y;FuseA;792;0;0;792;0;0;1;0;2;1;Typical;4;0;No_Fireplace;Attchd;1;366;Fair;Typical;Paved;8;2009;99900
Residential_Medium_Density;40;5680;Pave;Regular;AllPub;Inside;Old_Town;One_and_Half_Fin;Average;Fair;1901;1950;AsbShng;AsbShng;GasA;Typical;N;FuseA;969;245;0;1214;0;0;1;0;2;1;Typical;6;0;No_Fireplace;Detchd;1;216;Typical;Typical;Dirt_Gravel;9;2007;117000
Residential_Low_Density;80;9600;Pave;Regular;AllPub;Inside;Northwest_Ames;One_Story;Good;Average;1969;1969;HdBoard;HdBoard;GasA;Typical;Y;SBrkr;1164;0;0;1164;0;0;1;1;3;1;Typical;6;0;No_Fireplace;Attchd;2;528;Typical;Typical;Paved;7;2006;140000
Residential_Low_Density;110;14333;Pave;Regular;AllPub;Corner;Northridge_Heights;One_Story;Very_Good;Average;2007;2007;VinylSd;VinylSd;GasA;Excellent;Y;SBrkr;2122;0;0;2122;1;0;2;1;2;1;Good;7;1;Excellent;Attchd;3;938;Typical;Typical;Paved;11;2007;345474
Residential_Low_Density;83;10790;Pave;Regular;AllPub;Inside;Northridge;Two_Story;Good;Average;1998;1998;VinylSd;VinylSd;GasA;Excellent;Y;SBrkr;1108;1277;0;2385;0;0;2;1;4;1;Good;8;1;Typical;BuiltIn;3;600;Typical;Typical;Paved;5;2007;252000
Residential_Low_Density;42;26178;Pave;Slightly_Irregular;AllPub;Inside;Timberland;Two_Story;Good;Average;1989;1990;MetalSd;MetalSd;GasA;Excellent;Y;SBrkr;1238;1281;0;2519;1;0;2;1;4;1;Good;9;2;Good;Attchd;2;628;Typical;Typical;Paved;4;2006;335000
Residential_Low_Density;24;2179;Pave;Regular;AllPub;Inside;Northpark_Villa;Two_Story;Above_Average;Average;1976;1976;Plywood;Brk Cmn;GasA;Good;Y;SBrkr;855;601;0;1456;0;0;2;1;3;1;Typical;6;1;Typical;Attchd;2;460;Typical;Typical;Paved;7;2006;144000
Residential_Low_Density;41;5330;Pave;Regular;AllPub;Inside;Stone_Brook;One_Story;Very_Good;Average;2000;2000;CemntBd;CmentBd;GasA;Excellent;Y;SBrkr;1652;0;0;1652;1;0;2;0;2;1;Excellent;6;0;No_Fireplace;Attchd;2;499;Typical;Typical;Paved;8;2007;251000
Residential_Low_Density;68;8286;Pave;Slightly_Irregular;AllPub;Corner;Mitchell;Two_Story;Average;Good;1977;1977;Plywood;Plywood;GasA;Excellent;Y;SBrkr;716;716;0;1432;1;0;1;1;3;1;Typical;6;1;Good;Attchd;2;531;Typical;Typical;Paved;6;2007;157000
Residential_Low_Density;73;9802;Pave;Regular;AllPub;Inside;Timberland;Two_Story;Average;Average;2006;2007;VinylSd;VinylSd;GasA;Good;Y;SBrkr;744;700;0;1444;0;0;2;1;3;1;Typical;7;0;No_Fireplace;BuiltIn;2;400;Typical;Typical;Paved;4;2010;174000
Residential_Low_Density;97;11800;Pave;Slightly_Irregular;AllPub;Inside;College_Creek;One_Story;Average;Average;1974;1974;HdBoard;HdBoard;GasA;Typical;Y;SBrkr;894;0;0;894;0;0;1;0;3;1;Typical;5;0;No_Fireplace;Attchd;2;440;Typical;Typical;Paved;8;2007;131000
Residential_Low_Density;64;7697;Pave;Regular;AllPub;Inside;Gilbert;One_Story;Good;Above_Average;2007;2007;VinylSd;VinylSd;GasA;Excellent;Y;SBrkr;1258;0;0;1258;0;0;2;0;3;1;Good;6;0;No_Fireplace;Attchd;2;462;Typical;Typical;Paved;8;2007;173500
Residential_Low_Density;24;2364;Pave;Regular;AllPub;Inside;Northpark_Villa;Two_Story;Above_Average;Average;1978;1978;Plywood;Brk Cmn;GasA;Typical;Y;SBrkr;804;744;0;1548;0;1;2;1;3;1;Typical;7;1;Typical;Detchd;2;440;Typical;Typical;Paved;7;2009;147000
Residential_Low_Density;80;9364;Pave;Regular;AllPub;Corner;Sawyer;Two_Story;Above_Average;Good;1969;1969;HdBoard;HdBoard;GasA;Typical;Y;SBrkr;663;689;0;1352;0;0;1;1;4;1;Typical;7;0;No_Fireplace;Attchd;1;299;Typical;Typical;Paved;3;2010;158000
Residential_Medium_Density;63;7628;Pave;Regular;AllPub;Inside;Old_Town;One_and_Half_Fin;Below_Average;Above_Average;1940;1985;MetalSd;MetalSd;GasA;Good;Y;FuseA;1095;561;0;1656;0;0;2;0;2;1;Typical;8;0;No_Fireplace;Detchd;2;440;Typical;Typical;Paved;5;2008;119164
Residential_Low_Density;80;8240;Pave;Regular;AllPub;Inside;Edwards;One_Story;Above_Average;Above_Average;1960;1960;HdBoard;HdBoard;GasA;Good;Y;SBrkr;1179;0;0;1179;0;0;1;0;2;1;Typical;5;0;No_Fireplace;Attchd;2;622;Typical;Typical;Partial_Pavement;6;2007;110000
Residential_Medium_Density;60;10320;Pave;Regular;AllPub;Corner;Iowa_DOT_and_Rail_Road;One_and_Half_Fin;Below_Average;Very_Poor;1910;1950;Wd Sdng;Wd Sdng;GasA;Fair;Y;SBrkr;866;504;114;1484;0;0;2;0;3;1;Typical;6;0;No_Fireplace;Detchd;1;264;Typical;Fair;Dirt_Gravel;9;2007;50000
Residential_Low_Density;85;12633;Pave;Slightly_Irregular;AllPub;Inside;Timberland;One_Story;Very_Excellent;Average;2006;2007;MetalSd;MetalSd;GasA;Excellent;Y;SBrkr;1824;0;0;1824;0;0;2;0;3;1;Excellent;8;1;Good;Attchd;3;932;Typical;Typical;Paved;9;2007;392000
Residential_Low_Density;43;3182;Pave;Regular;AllPub;Inside;Bloomington_Heights;One_Story;Good;Average;2005;2006;VinylSd;VinylSd;GasA;Excellent;Y;SBrkr;1145;0;0;1145;0;0;2;0;2;1;Good;5;1;Good;Attchd;2;397;Typical;Typical;Paved;9;2009;160200
Residential_Low_Density;88;11577;Pave;Regular;AllPub;Inside;Timberland;One_Story;Excellent;Average;2005;2006;VinylSd;VinylSd;GasA;Excellent;Y;SBrkr;1838;0;0;1838;1;0;2;0;3;1;Excellent;9;1;Good;Attchd;3;682;Typical;Typical;Paved;9;2006;359900
Residential_Low_Density;0;7939;Pave;Regular;AllPub;Inside;Sawyer_West;Two_Story;Good;Average;2000;2000;VinylSd;VinylSd;GasA;Excellent;Y;SBrkr;1168;1619;0;2787;2;0;4;2;6;2;Typical;8;2;Typical;BuiltIn;4;820;Typical;Typical;Paved;10;2009;269500
Residential_Low_Density;90;11367;Pave;Regular;AllPub;Corner;College_Creek;Two_Story;Very_Good;Average;2002;2002;VinylSd;VinylSd;GasA;Excellent;Y;SBrkr;1091;898;0;1989;1;0;2;1;3;1;Good;7;1;Good;Attchd;2;586;Typical;Typical;Paved;11;2006;255000
Residential_Medium_Density;40;5400;Pave;Regular;AllPub;Corner;Old_Town;One_Story;Above_Average;Good;1926;2004;MetalSd;MetalSd;GasA;Good;Y;FuseA;1149;467;0;1616;0;0;2;0;3;1;Good;5;0;No_Fireplace;Detchd;1;216;Typical;Typical;Paved;10;2007;152000
Residential_Low_Density;70;11767;Pave;Regular;AllPub;Inside;Edwards;One_Story;Average;Average;1956;1956;HdBoard;HdBoard;GasA;Excellent;Y;SBrkr;1560;0;0;1560;0;0;1;0;2;1;Typical;7;1;Typical;Attchd;1;313;Typical;Typical;Paved;5;2009;103500
Residential_Low_Density;65;8769;Pave;Regular;AllPub;FR2;College_Creek;One_Story;Good;Average;2005;2005;VinylSd;VinylSd;GasA;Excellent;Y;SBrkr;1190;0;0;1190;1;0;2;0;2;1;Good;5;0;No_Fireplace;Attchd;2;578;Typical;Typical;Paved;10;2007;173500
Residential_Low_Density;0;7750;Pave;Regular;AllPub;Inside;Gilbert;Two_Story;Good;Average;2002;2002;VinylSd;VinylSd;GasA;Excellent;Y;SBrkr;707;707;0;1414;0;0;2;1;3;1;Good;6;1;Good;Attchd;2;403;Typical;Typical;Paved;4;2008;176000
Residential_Low_Density;65;10482;Pave;Regular;AllPub;Inside;North_Ames;SLvl;Above_Average;Very_Good;1958;1958;VinylSd;VinylSd;GasA;Excellent;Y;SBrkr;1138;0;0;1138;0;1;1;0;3;1;Typical;6;0;No_Fireplace;Attchd;1;264;Typical;Typical;Paved;6;2007;145000
Residential_Medium_Density;61;8534;Pave;Regular;AllPub;Inside;Iowa_DOT_and_Rail_Road;One_Story;Below_Average;Below_Average;1925;1950;Wd Sdng;Wd Sdng;GasA;Typical;N;FuseA;672;0;0;672;0;0;1;0;2;1;Typical;4;0;No_Fireplace;No_Garage;0;0;No_Garage;No_Garage;Dirt_Gravel;6;2006;72000
Floating_Village_Residential;85;9187;Pave;Regular;AllPub;Inside;Somerset;One_Story;Excellent;Average;2009;2009;CemntBd;CmentBd;GasA;Excellent;Y;SBrkr;1766;0;0;1766;1;0;2;1;2;1;Excellent;7;1;Good;Attchd;3;478;Typical;Typical;Paved;10;2009;370878
Residential_Low_Density;81;9672;Pave;Regular;AllPub;Corner;Sawyer_West;One_Story;Above_Average;Average;1984;1985;HdBoard;Plywood;GasA;Typical;Y;SBrkr;1097;0;0;1097;0;0;2;0;3;1;Typical;6;0;No_Fireplace;Attchd;2;480;Typical;Typical;Paved;5;2010;152000
Residential_Low_Density;0;12388;Pave;Slightly_Irregular;AllPub;Inside;Northwest_Ames;Two_Story;Good;Good;1980;1991;Plywood;Plywood;GasA;Typical;Y;SBrkr;1539;1134;0;2673;0;0;2;1;4;1;Good;9;1;Typical;BuiltIn;2;441;Typical;Typical;Paved;8;2009;249000
Residential_Low_Density;70;7535;Pave;Slightly_Irregular;AllPub;Inside;North_Ames;One_Story;Average;Good;1958;1985;MetalSd;MetalSd;GasA;Fair;Y;SBrkr;912;0;0;912;0;1;1;0;2;1;Typical;5;0;No_Fireplace;Attchd;1;297;Typical;Typical;Paved;6;2007;120000
Residential_Low_Density;85;15428;Pave;Regular;AllPub;Inside;North_Ames;One_Story;Average;Above_Average;1951;1991;MetalSd;MetalSd;GasA;Excellent;Y;SBrkr;884;0;0;884;1;0;1;0;2;1;Typical;4;0;No_Fireplace;Attchd;1;270;Typical;Typical;Paved;6;2006;142000
Residential_Low_Density;79;11526;Pave;Slightly_Irregular;AllPub;Inside;Crawford;Two_and_Half_Fin;Above_Average;Good;1922;1994;MetalSd;MetalSd;GasA;Fair;Y;SBrkr;1423;748;384;2555;0;0;2;0;3;1;Typical;11;1;Good;Detchd;2;672;Typical;Typical;Paved;9;2008;191000
Residential_Low_Density;63;9457;Pave;Regular;AllPub;Inside;North_Ames;One_Story;Average;Above_Average;1970;1990;MetalSd;MetalSd;GasA;Typical;Y;SBrkr;1422;0;0;1422;1;0;1;0;3;1;Typical;7;0;No_Fireplace;Detchd;2;576;Typical;Typical;Paved;9;2007;155000
Residential_Low_Density;65;8529;Pave;Slightly_Irregular;AllPub;Inside;Sawyer_West;One_Story;Good;Average;2001;2001;VinylSd;VinylSd;GasA;Excellent;Y;SBrkr;1434;0;0;1434;0;0;2;0;3;1;Good;6;1;Typical;Attchd;2;527;Typical;Typical;Paved;4;2009;189000
Residential_Low_Density;63;8199;Pave;Regular;AllPub;Inside;College_Creek;Two_Story;Good;Average;2005;2005;WdShing;Wd Shng;GasA;Excellent;Y;SBrkr;728;728;0;1456;1;0;2;1;3;1;Good;7;1;Good;Attchd;2;410;Typical;Typical;Paved;10;2008;189000
Residential_Low_Density;106;12720;Pave;Regular;AllPub;Inside;Northridge;Two_Story;Very_Good;Average;2000;2000;VinylSd;VinylSd;GasA;Excellent;Y;SBrkr;1466;1221;0;2687;1;0;2;1;4;1;Good;10;2;Typical;BuiltIn;3;810;Typical;Typical;Paved;9;2009;327000
Residential_Low_Density;60;7350;Pave;Regular;AllPub;Corner;North_Ames;One_Story;Average;Good;1951;1951;HdBoard;HdBoard;GasA;Typical;Y;SBrkr;952;0;0;952;1;0;1;0;2;1;Typical;4;0;No_Fireplace;Detchd;2;840;Typical;Typical;Paved;6;2008;139000
Residential_Low_Density;75;9750;Pave;Regular;AllPub;Inside;College_Creek;One_Story;Good;Average;2000;2001;VinylSd;VinylSd;GasA;Excellent;Y;SBrkr;1630;0;0;1630;0;0;2;0;3;1;Good;6;1;Typical;Attchd;2;451;Typical;Typical;Paved;10;2009;213000
Residential_Low_Density;85;14191;Pave;Regular;AllPub;Inside;Timberland;Two_Story;Very_Good;Average;2002;2002;VinylSd;VinylSd;GasA;Excellent;Y;SBrkr;993;915;0;1908;0;0;2;1;4;1;Good;9;0;No_Fireplace;Attchd;2;431;Typical;Typical;Paved;4;2010;202900
Residential_Low_Density;85;11128;Pave;Regular;AllPub;Corner;Somerset;One_Story;Excellent;Average;2005;2006;VinylSd;VinylSd;GasA;Excellent;Y;SBrkr;2490;0;0;2490;1;0;2;0;2;1;Excellent;9;2;Good;Attchd;3;795;Typical;Typical;Paved;10;2009;468000
Residential_Medium_Density;52;6240;Pave;Regular;AllPub;Inside;Brookside;One_and_Half_Fin;Average;Very_Good;1939;1952;Wd Sdng;Wd Sdng;GasA;Excellent;Y;SBrkr;899;423;0;1322;1;0;1;0;4;1;Typical;7;0;No_Fireplace;Detchd;1;280;Typical;Typical;Paved;7;2007;132000
Residential_Low_Density;66;13695;Pave;Regular;AllPub;Inside;Sawyer_West;One_Story;Above_Average;Average;2003;2004;VinylSd;VinylSd;GasA;Excellent;Y;SBrkr;1114;0;0;1114;1;0;1;0;3;1;Good;6;0;No_Fireplace;Detchd;2;576;Typical;Typical;Paved;7;2008;155000
Residential_Low_Density;65;8125;Pave;Regular;AllPub;Inside;Sawyer_West;One_Story;Above_Average;Average;1994;1998;HdBoard;HdBoard;GasA;Excellent;Y;SBrkr;1679;0;0;1679;1;0;2;0;3;1;Good;7;1;Fair;Attchd;2;575;Typical;Typical;Paved;10;2008;193500
Residential_Medium_Density;81;12150;Pave;Regular;AllPub;Inside;Old_Town;One_and_Half_Fin;Average;Average;1954;1954;MetalSd;MetalSd;GasA;Excellent;N;FuseF;1050;745;0;1795;0;0;2;0;4;1;Typical;7;0;No_Fireplace;Attchd;1;352;Fair;Typical;Paved;11;2008;131500
Residential_Low_Density;38;14963;Pave;Moderately_Irregular;AllPub;Inside;Veenker;One_Story;Very_Good;Average;1996;1996;BrkFace;BrkFace;GasA;Excellent;Y;SBrkr;1288;0;0;1288;1;0;1;1;1;1;Excellent;4;2;Good;Attchd;2;500;Typical;Typical;Paved;12;2008;245500
Residential_Low_Density;0;8685;Pave;Slightly_Irregular;AllPub;CulDSac;College_Creek;One_Story;Good;Average;1998;1998;VinylSd;VinylSd;GasA;Excellent;Y;SBrkr;1425;0;0;1425;1;0;2;0;3;1;Typical;5;0;No_Fireplace;Attchd;2;591;Typical;Typical;Paved;5;2006;193000
Residential_Low_Density;85;14536;Pave;Regular;AllPub;Inside;Timberland;One_Story;Very_Good;Average;2002;2003;VinylSd;VinylSd;GasA;Excellent;Y;SBrkr;1629;0;0;1629;1;0;2;0;3;1;Good;9;1;Good;Attchd;3;808;Typical;Typical;Paved;11;2007;270000
Residential_Low_Density;160;18160;Grvl;Regular;AllPub;Inside;Gilbert;One_Story;Above_Average;Above_Average;1964;1964;HdBoard;HdBoard;GasA;Fair;Y;SBrkr;1128;0;0;1128;1;0;1;0;3;1;Typical;6;1;Typical;Attchd;2;480;Typical;Typical;Partial_Pavement;3;2007;154204
Residential_Low_Density;52;8741;Pave;Regular;AllPub;Inside;Edwards;One_Story;Average;Above_Average;1946;1950;Plywood;Plywood;GasA;Typical;N;SBrkr;1195;0;0;1195;0;0;2;0;4;2;Typical;8;0;No_Fireplace;No_Garage;0;0;No_Garage;No_Garage;Dirt_Gravel;7;2007;98500
Residential_Low_Density;0;159000;Pave;Moderately_Irregular;AllPub;CulDSac;Clear_Creek;One_and_Half_Fin;Above_Average;Good;1958;2006;Wd Sdng;HdBoard;GasA;Good;Y;SBrkr;1444;700;0;2144;0;1;2;0;4;1;Good;7;2;Typical;Attchd;2;389;Typical;Typical;Paved;6;2007;277000
Residential_Low_Density;102;10192;Pave;Slightly_Irregular;AllPub;Inside;Northwest_Ames;SLvl;Good;Above_Average;1968;1992;MetalSd;MetalSd;GasA;Good;Y;SBrkr;1222;698;0;1920;0;0;3;0;4;1;Good;8;1;Typical;Attchd;2;487;Typical;Typical;Paved;9;2006;170000
Residential_Low_Density;86;11500;Pave;Slightly_Irregular;AllPub;Inside;Crawford;One_and_Half_Fin;Good;Good;1936;1987;BrkFace;BrkFace;GasA;Good;Y;SBrkr;1020;1037;0;2057;0;0;1;1;3;1;Good;6;1;Good;Attchd;1;180;Fair;Typical;Paved;6;2006;250000
Residential_Low_Density;0;12782;Pave;Regular;AllPub;Inside;College_Creek;One_Story;Very_Good;Average;2002;2003;HdBoard;HdBoard;GasA;Excellent;Y;SBrkr;1828;0;0;1828;1;0;2;0;3;1;Good;7;1;Good;Attchd;2;523;Typical;Typical;Paved;6;2009;279500
Residential_Medium_Density;33;4456;Pave;Regular;AllPub;Inside;Old_Town;Two_Story;Below_Average;Average;1920;2008;MetalSd;MetalSd;GasA;Good;Y;SBrkr;736;716;0;1452;0;0;2;0;2;3;Typical;8;0;No_Fireplace;No_Garage;0;0;No_Garage;No_Garage;Dirt_Gravel;6;2009;113000
Residential_Medium_Density;60;7200;Pave;Regular;AllPub;Inside;Iowa_DOT_and_Rail_Road;Two_and_Half_Unf;Average;Good;1920;1996;MetalSd;MetalSd;GasA;Typical;N;SBrkr;581;530;0;1111;0;0;1;0;3;1;Fair;6;0;No_Fireplace;Detchd;1;288;Typical;Typical;Dirt_Gravel;3;2007;101000
Residential_Low_Density;61;7943;Pave;Regular;AllPub;Inside;Sawyer;One_Story;Below_Average;Average;1961;1961;VinylSd;VinylSd;GasA;Good;Y;SBrkr;1029;0;0;1029;1;0;1;0;3;1;Typical;5;0;No_Fireplace;Attchd;1;261;Typical;Typical;Paved;4;2007;118500
Residential_Low_Density;0;3760;Pave;Slightly_Irregular;AllPub;CulDSac;Greens;One_Story;Very_Good;Average;1980;1980;Wd Sdng;Wd Sdng;GasA;Good;Y;SBrkr;1235;0;0;1235;1;0;1;0;1;1;Typical;4;3;Typical;Attchd;2;484;Typical;Typical;Paved;5;2006;214000
Residential_Low_Density;0;7917;Pave;Slightly_Irregular;AllPub;Corner;Edwards;One_Story;Above_Average;Good;1976;1976;HdBoard;HdBoard;GasA;Typical;Y;SBrkr;1113;0;0;1113;1;0;1;1;3;1;Typical;6;1;Fair;Attchd;1;504;Typical;Good;Paved;5;2007;148000
Residential_Low_Density;0;5814;Pave;Slightly_Irregular;AllPub;CulDSac;Stone_Brook;One_Story;Very_Good;Average;1984;1984;HdBoard;HdBoard;GasA;Good;Y;SBrkr;1360;0;0;1360;1;0;1;0;1;1;Good;4;1;Excellent;Attchd;2;565;Typical;Typical;Paved;8;2009;187500
Residential_Low_Density;73;9855;Pave;Regular;AllPub;Corner;Edwards;One_Story;Above_Average;Average;1956;1956;Wd Sdng;Wd Sdng;GasA;Fair;Y;SBrkr;1689;0;0;1689;0;0;1;0;3;1;Typical;7;1;Good;Attchd;2;480;Typical;Typical;Paved;11;2009;127500
Residential_Low_Density;80;9605;Pave;Regular;AllPub;Corner;Sawyer_West;One_Story;Good;Above_Average;2007;2007;VinylSd;VinylSd;GasA;Excellent;Y;SBrkr;1218;0;0;1218;0;0;1;1;3;1;Good;6;0;No_Fireplace;Detchd;2;576;Typical;Typical;Paved;4;2009;159000
Residential_Low_Density;70;8749;Pave;Regular;AllPub;Inside;College_Creek;One_Story;Good;Average;2002;2002;VinylSd;VinylSd;GasA;Excellent;Y;SBrkr;1459;0;0;1459;0;0;2;0;3;1;Good;6;1;Good;Attchd;2;527;Typical;Typical;Paved;9;2007;192000
Residential_Low_Density;57;8013;Pave;Slightly_Irregular;AllPub;Corner;Stone_Brook;One_Story;Very_Good;Average;1995;1996;CemntBd;CmentBd;GasA;Excellent;Y;SBrkr;1734;0;0;1734;1;0;2;0;2;1;Good;6;0;No_Fireplace;Attchd;2;528;Typical;Typical;Paved;9;2009;239500
Residential_Low_Density;57;8923;Pave;Slightly_Irregular;AllPub;Inside;Gilbert;SLvl;Good;Average;1998;1998;VinylSd;VinylSd;GasA;Good;Y;SBrkr;751;631;0;1382;0;0;2;1;3;1;Typical;7;1;Typical;BuiltIn;2;396;Typical;Typical;Paved;2;2009;177500
Residential_Medium_Density;50;6000;Pave;Regular;AllPub;Inside;Brookside;One_and_Half_Fin;Above_Average;Good;1948;1950;Wd Sdng;Wd Sdng;GasA;Typical;Y;SBrkr;780;636;0;1416;0;0;1;1;3;1;Typical;6;0;No_Fireplace;Detchd;1;312;Typical;Typical;Partial_Pavement;3;2010;139900
Residential_Low_Density;73;9300;Pave;Regular;AllPub;Inside;North_Ames;One_Story;Average;Average;1960;1960;MetalSd;HdBoard;GasA;Typical;Y;SBrkr;1264;0;0;1264;1;0;1;0;3;1;Typical;6;2;Good;Attchd;2;461;Typical;Typical;Paved;4;2010;167500
Residential_Low_Density;75;9473;Pave;Regular;AllPub;Inside;College_Creek;Two_Story;Very_Good;Average;2002;2002;VinylSd;VinylSd;GasA;Excellent;Y;SBrkr;1128;903;0;2031;1;0;2;1;3;1;Good;7;1;Good;Attchd;2;577;Typical;Typical;Paved;3;2008;237000
C_all;66;8712;Grvl;Regular;AllPub;Inside;Iowa_DOT_and_Rail_Road;One_Story;Average;Average;1952;1952;Wd Sdng;Wd Sdng;GasA;Typical;N;FuseA;1044;0;0;1044;0;0;1;0;2;1;Fair;4;0;No_Fireplace;Basment;2;504;Typical;Typical;Dirt_Gravel;6;2010;55993
Residential_Medium_Density;0;7758;Pave;Regular;AllPub;Corner;Iowa_DOT_and_Rail_Road;One_and_Half_Fin;Good;Below_Average;1931;1950;Stucco;Stucco;GasA;Excellent;Y;FuseF;1226;592;0;1818;0;0;1;1;4;1;Typical;7;2;Typical;Detchd;1;240;Typical;Typical;Paved;6;2007;169500
Residential_Medium_Density;75;13500;Pave;Regular;AllPub;Corner;Old_Town;Two_and_Half_Unf;Good;Very_Good;1879;1987;Wd Sdng;Wd Sdng;GasA;Typical;Y;FuseA;1312;1142;0;2454;0;0;2;0;3;1;Typical;8;1;Good;Attchd;2;576;Typical;Typical;Dirt_Gravel;2;2007;185000
Residential_Low_Density;105;15578;Pave;Slightly_Irregular;AllPub;Corner;Gilbert;Two_Story;Above_Average;Average;2006;2006;VinylSd;VinylSd;GasA;Good;Y;SBrkr;728;728;0;1456;0;0;2;1;3;1;Typical;8;0;No_Fireplace;Attchd;2;429;Typical;Typical;Paved;5;2006;172785
Residential_Low_Density;50;9350;Pave;Regular;AllPub;Inside;Edwards;SFoyer;Average;Average;1975;1975;HdBoard;HdBoard;GasA;Fair;N;SBrkr;864;0;0;864;1;0;1;0;2;1;Typical;4;0;No_Fireplace;No_Garage;0;0;No_Garage;No_Garage;Paved;4;2008;99600
Residential_Low_Density;0;7685;Pave;Slightly_Irregular;AllPub;Inside;Gilbert;Two_Story;Above_Average;Average;1993;1994;HdBoard;HdBoard;GasA;Good;Y;SBrkr;697;804;0;1501;0;0;2;1;3;1;Good;6;1;Typical;Attchd;2;420;Typical;Typical;Paved;5;2006;165600
Residential_Low_Density;80;8700;Pave;Regular;AllPub;Inside;North_Ames;One_Story;Average;Above_Average;1963;1963;MetalSd;MetalSd;GasA;Good;Y;SBrkr;1128;0;0;1128;1;0;2;0;3;1;Typical;6;0;No_Fireplace;Attchd;2;525;Typical;Typical;Paved;12;2008;155000
Residential_Low_Density;94;12220;Pave;Regular;AllPub;Inside;Northridge_Heights;One_Story;Very_Excellent;Average;2009;2009;CemntBd;CmentBd;GasA;Excellent;Y;SBrkr;2020;0;0;2020;1;0;2;1;3;1;Excellent;9;1;Good;Attchd;3;900;Typical;Typical;Paved;9;2009;402861
Residential_Low_Density;77;8593;Pave;Slightly_Irregular;AllPub;Inside;North_Ames;One_Story;Below_Average;Above_Average;1957;1957;MetalSd;MetalSd;GasA;Excellent;Y;SBrkr;907;0;0;907;0;0;1;0;3;1;Typical;5;0;No_Fireplace;Detchd;1;352;Typical;Typical;Paved;7;2008;109008
Residential_Medium_Density;57;9906;Pave;Regular;AllPub;Inside;Old_Town;Two_Story;Below_Average;Below_Average;1925;1950;MetalSd;MetalSd;GasA;Fair;N;SBrkr;810;518;0;1328;0;0;1;0;3;1;Typical;8;0;No_Fireplace;Detchd;1;210;Typical;Typical;Paved;9;2006;107000
Residential_Medium_Density;0;5700;Pave;Regular;AllPub;Inside;Old_Town;One_and_Half_Fin;Good;Good;1926;1950;Wd Sdng;Wd Sdng;GasA;Typical;Y;SBrkr;572;539;0;1111;0;0;1;0;2;1;Typical;5;1;Good;Detchd;1;288;Typical;Typical;Paved;8;2008;116900
Residential_Low_Density;76;7570;Pave;Regular;AllPub;Corner;North_Ames;Two_Story;Above_Average;Average;1964;1964;HdBoard;HdBoard;GasA;Typical;Y;SBrkr;993;813;0;1806;0;0;1;1;4;1;Typical;8;0;No_Fireplace;Attchd;2;483;Typical;Typical;Paved;3;2009;144750
Residential_Medium_Density;50;6000;Pave;Regular;AllPub;Inside;Old_Town;One_and_Half_Fin;Average;Below_Average;1954;1954;Wd Sdng;Wd Sdng;GasA;Typical;Y;FuseA;811;576;0;1387;0;0;2;0;3;2;Good;7;0;No_Fireplace;BuiltIn;1;256;Typical;Typical;Paved;11;2009;93000
Residential_Low_Density;75;9750;Pave;Regular;AllPub;Inside;College_Creek;One_Story;Good;Average;2004;2004;VinylSd;VinylSd;GasA;Excellent;Y;SBrkr;1445;0;0;1445;0;0;2;0;3;1;Good;6;0;No_Fireplace;Attchd;2;470;Typical;Typical;Paved;6;2008;186500
Residential_Low_Density;104;21535;Pave;Slightly_Irregular;AllPub;Corner;Northridge;Two_Story;Very_Excellent;Above_Average;1994;1995;HdBoard;HdBoard;GasA;Excellent;Y;SBrkr;2444;1872;0;4316;0;1;3;1;4;1;Excellent;10;2;Excellent;Attchd;3;832;Typical;Typical;Paved;1;2007;755000
Residential_Low_Density;60;7200;Pave;Regular;AllPub;Inside;South_and_West_of_Iowa_State_University;Two_Story;Good;Excellent;1936;2007;Wd Sdng;Wd Sdng;GasA;Excellent;Y;SBrkr;575;560;0;1135;1;0;1;0;3;1;Good;6;0;No_Fireplace;Detchd;2;576;Typical;Typical;Paved;4;2009;155000
Residential_Low_Density;87;10000;Pave;Slightly_Irregular;AllPub;Corner;North_Ames;One_Story;Above_Average;Above_Average;1962;1962;Wd Sdng;Wd Sdng;GasA;Typical;Y;SBrkr;1116;0;0;1116;0;0;1;1;3;1;Typical;5;0;No_Fireplace;Attchd;2;440;Typical;Typical;Paved;2;2010;160000
Residential_Low_Density;80;9600;Pave;Regular;AllPub;Inside;North_Ames;One_Story;Average;Very_Good;1950;2006;HdBoard;HdBoard;GasA;Good;Y;SBrkr;1337;0;0;1337;1;0;1;0;3;1;Good;7;1;Good;Attchd;1;264;Typical;Typical;Paved;9;2008;141500
Residential_Low_Density;70;8402;Pave;Regular;AllPub;Inside;Mitchell;One_Story;Average;Average;2007;2007;VinylSd;VinylSd;GasA;Excellent;Y;SBrkr;1120;0;0;1120;0;0;1;0;3;1;Typical;6;0;No_Fireplace;No_Garage;0;0;No_Garage;No_Garage;Paved;12;2007;147000
Residential_Medium_Density;64;5587;Pave;Slightly_Irregular;AllPub;Inside;Crawford;One_Story;Very_Good;Average;2008;2008;CemntBd;CmentBd;GasA;Excellent;Y;SBrkr;1652;0;0;1652;1;1;2;0;2;1;Good;5;1;Good;Attchd;2;482;Typical;Typical;Paved;11;2008;392500
Residential_Low_Density;83;13159;Pave;Slightly_Irregular;AllPub;Corner;Timberland;Two_Story;Good;Average;2009;2009;VinylSd;VinylSd;GasA;Good;Y;SBrkr;846;846;0;1692;0;0;2;1;3;1;Good;6;0;No_Fireplace;Attchd;2;650;Typical;Typical;Paved;7;2009;224500
Residential_Medium_Density;0;4438;Pave;Regular;AllPub;Inside;College_Creek;One_Story;Above_Average;Average;2004;2004;VinylSd;VinylSd;GasA;Excellent;Y;SBrkr;848;0;0;848;1;0;1;0;1;1;Good;4;1;Good;Attchd;2;420;Typical;Typical;Paved;6;2008;144500
Residential_Low_Density;0;3196;Pave;Regular;AllPub;Inside;Bloomington_Heights;One_Story;Good;Average;2003;2004;VinylSd;VinylSd;GasA;Excellent;Y;SBrkr;1557;0;0;1557;0;0;2;0;2;1;Good;7;1;Typical;Attchd;2;420;Typical;Typical;Paved;10;2006;234000
Residential_Low_Density;55;7111;Pave;Slightly_Irregular;AllPub;Inside;Brookside;One_Story;Average;Good;1928;1983;WdShing;Wd Shng;GasA;Typical;Y;SBrkr;1143;0;0;1143;0;0;1;0;2;1;Typical;5;1;Poor;Detchd;1;288;Typical;Typical;Paved;7;2008;138000
Residential_Low_Density;63;10928;Pave;Regular;AllPub;Inside;Gilbert;Two_Story;Good;Average;2005;2005;VinylSd;VinylSd;GasA;Excellent;Y;SBrkr;728;728;0;1456;0;0;2;1;3;1;Good;8;1;Good;Attchd;2;390;Typical;Typical;Paved;6;2009;184000
Residential_Low_Density;75;13125;Pave;Regular;AllPub;Inside;College_Creek;One_Story;Above_Average;Average;1997;1998;VinylSd;VinylSd;GasA;Excellent;Y;SBrkr;1493;0;0;1493;1;0;2;0;3;1;Good;7;1;Typical;Attchd;2;508;Typical;Typical;Paved;4;2008;208900
Residential_Low_Density;60;10818;Pave;Regular;AllPub;Inside;Old_Town;One_and_Half_Fin;Below_Average;Below_Average;1910;1950;VinylSd;VinylSd;GasA;Typical;Y;FuseA;981;779;0;1760;0;0;1;1;4;1;Typical;7;1;Typical;Detchd;2;648;Fair;Typical;Paved;2;2006;80000
Residential_Low_Density;79;12420;Pave;Regular;AllPub;Inside;College_Creek;Two_Story;Good;Average;2001;2001;VinylSd;VinylSd;GasA;Excellent;Y;SBrkr;944;896;0;1840;1;0;2;1;3;1;Good;6;0;No_Fireplace;Attchd;2;622;Typical;Typical;Paved;6;2009;230000
Residential_Low_Density;61;7259;Pave;Slightly_Irregular;AllPub;Inside;Crawford;Two_Story;Above_Average;Very_Good;1945;2002;Wd Sdng;Wd Sdng;GasA;Excellent;Y;SBrkr;1436;884;0;2320;1;0;2;1;3;1;Good;9;1;Typical;Detchd;1;180;Typical;Typical;Paved;7;2007;259500
Residential_Low_Density;78;11645;Pave;Regular;AllPub;Inside;College_Creek;One_Story;Very_Good;Average;2005;2006;VinylSd;VinylSd;GasA;Excellent;Y;SBrkr;1498;0;0;1498;0;0;2;0;3;1;Good;7;1;Good;Attchd;3;844;Typical;Typical;Paved;3;2009;237000
Residential_Low_Density;90;9900;Pave;Regular;AllPub;Inside;Northridge;Two_Story;Good;Average;1993;1993;HdBoard;HdBoard;GasA;Excellent;Y;SBrkr;1372;1274;0;2646;1;0;2;1;4;1;Good;9;1;Typical;Attchd;3;656;Typical;Typical;Paved;4;2009;260000
Residential_Low_Density;55;5350;Pave;Slightly_Irregular;AllPub;Inside;Brookside;One_Story;Fair;Poor;1940;1966;Wd Sdng;Plywood;GasA;Excellent;Y;SBrkr;1306;0;0;1306;0;0;1;0;3;1;Fair;6;0;No_Fireplace;No_Garage;0;0;No_Garage;No_Garage;Paved;5;2010;76500
Residential_Low_Density;90;5400;Pave;Regular;AllPub;Corner;Old_Town;One_and_Half_Fin;Below_Average;Above_Average;1920;1950;CBlock;CBlock;GasA;Excellent;Y;SBrkr;840;534;0;1374;0;0;1;0;2;1;Typical;6;0;No_Fireplace;Detchd;1;338;Typical;Typical;Paved;10;2009;105000
Residential_Low_Density;48;12822;Pave;Slightly_Irregular;AllPub;CulDSac;Mitchell;One_and_Half_Fin;Good;Average;2003;2003;VinylSd;VinylSd;GasA;Excellent;Y;SBrkr;1518;631;0;2149;1;0;1;1;1;1;Good;6;1;Excellent;Attchd;2;670;Typical;Typical;Paved;8;2009;239686
Residential_Low_Density;95;12350;Pave;Regular;AllPub;Inside;Northridge_Heights;One_Story;Excellent;Average;2008;2008;VinylSd;VinylSd;GasA;Excellent;Y;SBrkr;2020;0;0;2020;1;0;2;0;3;1;Excellent;7;1;Good;Attchd;3;896;Typical;Typical;Paved;5;2009;404000
Residential_Low_Density;61;10226;Pave;Slightly_Irregular;AllPub;Inside;College_Creek;One_Story;Very_Good;Average;2008;2008;VinylSd;VinylSd;GasA;Excellent;Y;SBrkr;1630;0;0;1630;1;0;2;0;3;1;Excellent;8;1;Good;Attchd;3;860;Typical;Typical;Paved;1;2009;295493
Residential_Low_Density;105;13650;Pave;Regular;AllPub;Corner;Northridge_Heights;Two_Story;Very_Good;Average;2002;2002;VinylSd;VinylSd;GasA;Excellent;Y;SBrkr;1687;563;0;2250;1;0;2;1;3;1;Good;7;1;Excellent;Attchd;3;756;Typical;Typical;Paved;6;2010;320000
Residential_Medium_Density;90;33120;Pave;Irregular;AllPub;Inside;Old_Town;One_and_Half_Fin;Above_Average;Average;1962;1962;BrkFace;Wd Sdng;GasA;Typical;Y;SBrkr;1611;875;0;2486;0;0;2;0;5;1;Typical;8;1;Good;Detchd;2;576;Typical;Typical;Paved;10;2006;220000
Residential_Low_Density;70;9170;Pave;Regular;AllPub;Corner;Edwards;One_Story;Average;Good;1965;1965;MetalSd;MetalSd;GasA;Excellent;Y;SBrkr;1214;0;0;1214;1;0;1;0;2;1;Typical;6;0;No_Fireplace;Detchd;2;461;Fair;Fair;Paved;4;2007;140000
Residential_Low_Density;0;17082;Pave;Slightly_Irregular;AllPub;CulDSac;Clear_Creek;Two_Story;Above_Average;Average;1978;1992;VinylSd;VinylSd;GasA;Excellent;Y;SBrkr;1117;864;0;1981;1;0;2;1;4;1;Good;8;1;Typical;Attchd;2;522;Typical;Typical;Paved;5;2010;230000
Residential_Low_Density;91;14145;Pave;Regular;AllPub;Corner;Northwest_Ames;One_Story;Good;Good;1984;1998;Wd Sdng;Wd Sdng;GasA;Excellent;Y;SBrkr;1621;0;0;1621;1;0;2;0;3;1;Good;8;0;No_Fireplace;Attchd;2;440;Typical;Typical;Paved;5;2006;202500
Residential_Low_Density;90;10012;Pave;Regular;AllPub;Inside;Edwards;SFoyer;Below_Average;Average;1972;1972;Plywood;Plywood;GasA;Typical;Y;SBrkr;1181;0;0;1181;1;0;2;0;3;1;Typical;6;0;No_Fireplace;Detchd;2;588;Typical;Typical;Paved;4;2008;137500
A_agr;125;31250;Pave;Regular;AllPub;Inside;Mitchell;One_Story;Very_Poor;Fair;1951;1951;CBlock;VinylSd;GasA;Typical;Y;FuseA;1600;0;0;1600;0;0;1;1;3;1;Typical;6;0;No_Fireplace;Attchd;1;270;Fair;Typical;Dirt_Gravel;5;2006;81500
Residential_Medium_Density;68;9656;Pave;Regular;AllPub;Inside;Old_Town;One_Story;Poor;Poor;1923;1970;AsbShng;AsbShng;GasA;Typical;N;SBrkr;832;0;0;832;0;0;1;0;2;1;Typical;5;1;Good;Detchd;2;780;Fair;Fair;Dirt_Gravel;6;2010;12789
Residential_Low_Density;60;8172;Pave;Regular;AllPub;Inside;Edwards;One_and_Half_Fin;Below_Average;Above_Average;1954;1972;MetalSd;MetalSd;GasA;Excellent;Y;SBrkr;997;473;0;1470;0;0;2;0;4;1;Typical;7;0;No_Fireplace;Detchd;1;548;Typical;Typical;Paved;5;2008;135000
Residential_Medium_Density;60;10560;Pave;Regular;AllPub;Inside;Old_Town;Two_Story;Above_Average;Good;1922;1994;Wd Sdng;Wd Sdng;GasA;Excellent;Y;SBrkr;868;602;0;1470;0;0;1;1;2;1;Typical;6;0;No_Fireplace;Detchd;2;624;Typical;Typical;Paved;6;2010;140750
Floating_Village_Residential;0;3830;Pave;Slightly_Irregular;AllPub;Inside;Somerset;One_Story;Above_Average;Average;2008;2008;VinylSd;VinylSd;GasA;Excellent;Y;SBrkr;1726;0;0;1726;0;0;2;1;2;1;Good;6;1;Good;Attchd;2;561;Typical;Typical;Paved;1;2009;222000
Residential_Low_Density;90;15750;Pave;Regular;AllPub;Corner;Crawford;One_Story;Average;Average;1953;1953;MetalSd;MetalSd;GasA;Typical;Y;SBrkr;1336;0;0;1336;1;0;1;0;2;1;Typical;5;2;Good;Attchd;1;375;Typical;Typical;Paved;6;2006;157000
Residential_Medium_Density;81;7308;Pave;Regular;AllPub;Corner;Old_Town;One_and_Half_Fin;Average;Average;1920;1950;WdShing;Wd Shng;GasA;Good;N;FuseA;960;780;0;1740;0;0;1;0;2;1;Excellent;6;1;Good;Detchd;1;225;Fair;Fair;Dirt_Gravel;6;2008;122250
Residential_Low_Density;96;11308;Pave;Slightly_Irregular;AllPub;Inside;Northridge_Heights;Two_Story;Excellent;Average;2008;2008;VinylSd;VinylSd;GasA;Excellent;Y;SBrkr;1130;1054;0;2184;1;0;2;1;3;1;Excellent;10;1;Good;Attchd;3;836;Typical;Typical;Paved;7;2009;335000
Residential_Low_Density;66;21780;Pave;Regular;AllPub;Inside;Crawford;Two_Story;Above_Average;Average;1920;1950;Wd Sdng;Wd Shng;GasA;Good;Y;FuseF;940;610;0;1550;0;0;1;1;3;1;Typical;7;1;Typical;Detchd;1;318;Typical;Typical;Partial_Pavement;9;2006;195000
Residential_Medium_Density;50;5000;Pave;Regular;AllPub;Inside;Brookside;One_and_Half_Unf;Above_Average;Good;1926;1950;MetalSd;MetalSd;GasA;Excellent;Y;SBrkr;1013;0;0;1013;0;0;1;0;3;1;Typical;6;0;No_Fireplace;Detchd;1;160;Fair;Typical;Paved;4;2008;113000
Residential_Low_Density;40;3876;Pave;Slightly_Irregular;AllPub;Inside;Greens;One_Story;Very_Good;Average;1978;1978;Wd Sdng;Plywood;GasA;Typical;Y;SBrkr;1226;0;0;1226;1;0;1;0;1;1;Good;4;1;Typical;Attchd;2;484;Typical;Typical;Paved;7;2006;170000
Residential_Low_Density;70;11767;Pave;Regular;AllPub;Inside;Edwards;One_Story;Average;Average;1950;1950;MetalSd;MetalSd;GasA;Typical;Y;FuseA;1368;0;0;1368;1;0;1;0;3;1;Typical;6;0;No_Fireplace;Attchd;1;195;Typical;Typical;Paved;6;2009;120000
Residential_Low_Density;52;46589;Pave;Moderately_Irregular;AllPub;CulDSac;Northridge;Two_Story;Very_Good;Good;1994;2005;VinylSd;VinylSd;GasA;Excellent;Y;SBrkr;1686;762;0;2448;1;0;2;1;4;1;Good;8;1;Typical;Attchd;3;711;Typical;Typical;Paved;7;2009;402000
Residential_Medium_Density;60;7200;Pave;Regular;AllPub;Inside;Old_Town;One_Story;Average;Below_Average;1910;2006;MetalSd;Stucco;GasW;Typical;N;SBrkr;1022;0;0;1022;1;0;1;0;2;1;Typical;4;0;No_Fireplace;Detchd;1;280;Typical;Typical;Paved;6;2009;85000
Residential_Low_Density;80;9938;Pave;Regular;AllPub;Inside;Sawyer_West;One_Story;Good;Average;1994;1994;HdBoard;HdBoard;GasA;Excellent;Y;SBrkr;1626;0;0;1626;1;0;2;1;3;1;Good;7;1;Typical;Attchd;2;534;Typical;Typical;Paved;4;2008;226500
Residential_Low_Density;0;7750;Pave;Slightly_Irregular;AllPub;Inside;Gilbert;SLvl;Good;Average;2000;2000;VinylSd;VinylSd;GasA;Excellent;Y;SBrkr;774;656;0;1430;0;0;2;1;3;1;Typical;7;1;Typical;BuiltIn;2;400;Typical;Typical;Paved;4;2010;180000
Residential_Low_Density;72;9720;Pave;Regular;AllPub;Inside;College_Creek;SLvl;Average;Good;1977;1977;Plywood;VinylSd;GasA;Typical;Y;SBrkr;1009;0;0;1009;0;0;2;0;3;1;Typical;6;1;Fair;Detchd;2;576;Typical;Typical;Paved;6;2007;160000
Residential_Low_Density;66;9042;Pave;Regular;AllPub;Inside;Crawford;Two_Story;Good;Excellent;1941;2006;CemntBd;CmentBd;GasA;Excellent;Y;SBrkr;1188;1152;0;2340;0;0;2;0;4;1;Good;9;2;Good;Attchd;1;252;Typical;Typical;Paved;5;2010;266500
Residential_Low_Density;75;12192;Pave;Slightly_Irregular;AllPub;Inside;College_Creek;Two_Story;Good;Average;2000;2001;VinylSd;VinylSd;GasA;Excellent;Y;SBrkr;928;895;0;1823;1;0;2;1;3;1;Good;6;0;No_Fireplace;Attchd;2;626;Typical;Typical;Paved;5;2008;235000
Residential_Low_Density;63;15564;Pave;Regular;AllPub;Inside;Crawford;One_and_Half_Fin;Above_Average;Above_Average;1914;1995;Wd Sdng;Wd Shng;GasA;Excellent;Y;SBrkr;676;588;0;1264;0;0;1;0;3;1;Typical;6;0;No_Fireplace;Detchd;2;400;Typical;Typical;Paved;1;2008;147500
Residential_Low_Density;80;11584;Pave;Regular;AllPub;Inside;Northwest_Ames;SLvl;Good;Above_Average;1979;1979;HdBoard;HdBoard;GasA;Typical;Y;SBrkr;1040;685;0;1725;0;0;2;1;3;1;Typical;6;1;Typical;Attchd;2;550;Typical;Typical;Paved;11;2007;197000
Residential_Low_Density;79;9492;Pave;Regular;AllPub;Inside;North_Ames;One_and_Half_Fin;Average;Average;1941;1950;WdShing;Wd Shng;GasA;Typical;Y;SBrkr;968;408;0;1376;1;0;1;0;3;1;Typical;6;1;Good;Attchd;1;240;Typical;Typical;Paved;4;2007;105000
Residential_Medium_Density;21;1476;Pave;Regular;AllPub;Inside;Meadow_Village;Two_Story;Below_Average;Good;1970;1970;CemntBd;CmentBd;GasA;Excellent;Y;SBrkr;546;546;0;1092;0;0;1;1;3;1;Typical;5;0;No_Fireplace;No_Garage;0;0;No_Garage;No_Garage;Paved;3;2010;76000
Residential_Low_Density;64;7314;Pave;Regular;AllPub;Inside;College_Creek;One_Story;Good;Average;2007;2007;VinylSd;VinylSd;GasA;Excellent;Y;SBrkr;1232;0;0;1232;1;0;2;0;2;1;Good;6;0;No_Fireplace;Attchd;2;632;Typical;Typical;Paved;2;2009;194500
Residential_Low_Density;68;50271;Pave;Slightly_Irregular;AllPub;Inside;Veenker;One_Story;Excellent;Average;1981;1987;WdShing;Wd Shng;GasA;Good;Y;SBrkr;1842;0;0;1842;2;0;0;1;0;1;Good;5;1;Good;Attchd;3;894;Typical;Typical;Paved;11;2006;385000
Residential_Medium_Density;59;5870;Pave;Regular;AllPub;Corner;Brookside;Two_Story;Above_Average;Excellent;1900;2000;HdBoard;HdBoard;GasA;Excellent;Y;SBrkr;736;554;0;1290;0;0;1;1;3;1;Typical;6;0;No_Fireplace;Detchd;1;200;Fair;Typical;Paved;4;2008;106900
Residential_Low_Density;0;9636;Pave;Slightly_Irregular;AllPub;Corner;Gilbert;Two_Story;Above_Average;Average;1992;1993;VinylSd;VinylSd;GasA;Good;Y;SBrkr;808;785;0;1593;0;0;2;1;3;1;Typical;7;1;Typical;BuiltIn;2;389;Typical;Typical;Paved;12;2009;178000
Residential_Low_Density;70;11207;Pave;Slightly_Irregular;AllPub;FR2;Gilbert;Two_Story;Above_Average;Average;1997;1997;VinylSd;VinylSd;GasA;Good;Y;SBrkr;802;709;0;1511;1;0;2;1;3;1;Typical;8;1;Typical;Attchd;2;413;Typical;Typical;Paved;6;2006;185000
Residential_Low_Density;70;7703;Pave;Regular;AllPub;Inside;Sawyer_West;Two_Story;Above_Average;Above_Average;1992;1992;HdBoard;HdBoard;GasA;Excellent;Y;SBrkr;833;897;0;1730;0;0;2;1;3;1;Good;6;0;No_Fireplace;Attchd;2;528;Typical;Typical;Paved;11;2009;171500
Floating_Village_Residential;81;11216;Pave;Regular;AllPub;Inside;Somerset;One_Story;Very_Good;Average;2006;2006;VinylSd;VinylSd;GasA;Excellent;Y;SBrkr;1489;0;0;1489;0;0;2;0;3;1;Good;7;1;Good;Attchd;2;776;Typical;Typical;Paved;6;2006;232600
Residential_Low_Density;0;15870;Pave;Slightly_Irregular;AllPub;Corner;North_Ames;One_Story;Average;Average;1969;1969;VinylSd;Plywood;GasA;Excellent;Y;SBrkr;1096;0;0;1096;1;0;1;0;3;1;Typical;6;0;No_Fireplace;Attchd;1;299;Typical;Typical;Paved;3;2006;138800
Residential_Low_Density;0;9248;Pave;Slightly_Irregular;AllPub;Inside;Gilbert;One_Story;Above_Average;Above_Average;1992;1992;HdBoard;HdBoard;GasA;Good;Y;SBrkr;1167;0;0;1167;1;0;2;0;3;1;Good;6;0;No_Fireplace;Attchd;2;400;Typical;Typical;Paved;7;2009;173000
Residential_Low_Density;60;9060;Pave;Regular;AllPub;Inside;Edwards;One_Story;Average;Above_Average;1957;2006;Wd Sdng;Wd Sdng;GasA;Excellent;Y;SBrkr;1340;0;0;1340;0;0;1;0;3;1;Typical;7;1;Good;Attchd;1;252;Typical;Typical;Paved;6;2007;120000
Residential_Low_Density;74;7785;Pave;Slightly_Irregular;AllPub;Inside;North_Ames;One_Story;Average;Average;1956;1956;HdBoard;HdBoard;GasA;Typical;Y;SBrkr;1014;0;0;1014;0;0;1;0;2;1;Typical;6;0;No_Fireplace;Attchd;1;267;Typical;Typical;Paved;3;2008;98000
Residential_Medium_Density;60;7200;Pave;Regular;AllPub;Corner;Old_Town;Two_Story;Good;Good;1920;1950;Wd Sdng;Wd Sdng;GasA;Excellent;Y;SBrkr;998;764;0;1762;1;0;1;1;4;1;Good;8;0;No_Fireplace;Detchd;2;576;Typical;Typical;Dirt_Gravel;10;2006;157000
Residential_Low_Density;0;8098;Pave;Slightly_Irregular;AllPub;Inside;Timberland;One_Story;Above_Average;Average;2000;2000;VinylSd;VinylSd;GasA;Excellent;Y;SBrkr;1403;0;0;1403;1;0;2;0;2;1;Good;5;0;No_Fireplace;Attchd;2;470;Typical;Typical;Paved;10;2006;202000
Residential_Low_Density;50;9405;Pave;Regular;AllPub;Inside;Edwards;One_Story;Average;Excellent;1947;2008;VinylSd;VinylSd;GasA;Excellent;Y;SBrkr;698;0;0;698;0;1;1;0;2;1;Typical;4;0;No_Fireplace;No_Garage;0;0;No_Garage;No_Garage;Paved;6;2009;118000
Residential_Low_Density;67;9808;Pave;Slightly_Irregular;AllPub;Inside;College_Creek;One_Story;Good;Average;2002;2002;VinylSd;VinylSd;GasA;Excellent;Y;SBrkr;1573;0;0;1573;1;0;2;0;3;1;Good;6;0;No_Fireplace;Attchd;2;544;Typical;Typical;Paved;3;2009;227000
Residential_Low_Density;60;6000;Pave;Regular;AllPub;Inside;South_and_West_of_Iowa_State_University;One_and_Half_Fin;Average;Average;1926;1950;Wd Sdng;Wd Sdng;GasA;Excellent;Y;SBrkr;1008;0;514;1522;0;0;2;0;4;1;Typical;7;0;No_Fireplace;No_Garage;0;0;No_Garage;No_Garage;Partial_Pavement;6;2006;102000
Residential_Low_Density;80;8000;Pave;Regular;AllPub;Inside;North_Ames;One_Story;Average;Above_Average;1959;1959;BrkFace;Wd Sdng;GasA;Good;Y;FuseA;1256;0;0;1256;1;0;1;1;3;1;Good;6;0;No_Fireplace;Attchd;1;311;Typical;Typical;Paved;5;2008;159000
Residential_Medium_Density;21;1526;Pave;Regular;AllPub;Inside;Meadow_Village;SFoyer;Below_Average;Very_Good;1970;2002;CemntBd;CmentBd;GasA;Typical;Y;SBrkr;630;0;0;630;1;0;1;0;1;1;Good;3;0;No_Fireplace;Attchd;1;286;Typical;Typical;Paved;5;2009;86000
Residential_Low_Density;0;7390;Pave;Slightly_Irregular;AllPub;Inside;North_Ames;One_Story;Average;Good;1955;1955;Wd Sdng;Wd Sdng;GasA;Typical;Y;SBrkr;1098;0;0;1098;1;0;1;0;3;1;Typical;6;0;No_Fireplace;Attchd;1;260;Typical;Typical;Paved;7;2008;135000
Residential_Low_Density;80;9600;Pave;Regular;AllPub;Inside;North_Ames;SLvl;Above_Average;Above_Average;1955;1972;AsbShng;AsbShng;GasA;Excellent;Y;SBrkr;1520;0;0;1520;1;0;1;0;3;1;Typical;7;2;Good;Basment;1;364;Typical;Typical;Paved;3;2010;153000
Residential_Low_Density;0;36500;Pave;Slightly_Irregular;AllPub;Inside;Clear_Creek;One_Story;Average;Average;1964;1964;Wd Sdng;Wd Sdng;GasA;Fair;Y;SBrkr;1582;0;0;1582;0;1;2;0;4;1;Typical;7;0;No_Fireplace;Attchd;2;390;Typical;Typical;Dirt_Gravel;6;2006;190000
Residential_Low_Density;60;7200;Pave;Regular;AllPub;Inside;Old_Town;Two_Story;Above_Average;Very_Good;1915;1950;MetalSd;MetalSd;GasA;Excellent;Y;SBrkr;774;821;0;1595;0;0;2;0;3;1;Typical;7;1;Good;Detchd;2;528;Typical;Typical;Paved;4;2006;155500
Residential_Low_Density;0;11250;Pave;Regular;AllPub;Corner;College_Creek;Two_Story;Good;Average;2001;2001;VinylSd;VinylSd;GasA;Excellent;Y;SBrkr;944;926;0;1870;0;0;2;1;3;1;Good;6;0;No_Fireplace;Attchd;2;608;Typical;Typical;Paved;5;2009;211000
Residential_Low_Density;34;5381;Pave;Slightly_Irregular;AllPub;Inside;Northridge_Heights;One_Story;Above_Average;Average;2005;2005;VinylSd;VinylSd;GasA;Excellent;Y;SBrkr;1306;0;0;1306;1;0;2;0;1;1;Good;5;1;Good;Attchd;2;624;Typical;Typical;Paved;8;2009;196000
Residential_Medium_Density;60;6000;Pave;Regular;AllPub;Inside;Old_Town;Two_and_Half_Unf;Above_Average;Good;1915;2005;Wd Sdng;Wd Sdng;GasA;Good;Y;SBrkr;728;728;0;1456;0;0;1;1;4;1;Good;7;0;No_Fireplace;Detchd;1;308;Fair;Fair;Dirt_Gravel;6;2008;139500
Residential_Low_Density;41;7132;Pave;Slightly_Irregular;AllPub;Inside;Northridge_Heights;One_Story;Very_Good;Average;2006;2006;VinylSd;VinylSd;GasA;Excellent;Y;SBrkr;1370;0;0;1370;0;0;2;0;2;1;Good;6;1;Good;Attchd;2;484;Typical;Typical;Paved;4;2010;205000
Residential_Low_Density;50;8405;Pave;Regular;AllPub;Inside;Edwards;One_and_Half_Fin;Below_Average;Fair;1945;1950;WdShing;Wd Shng;Wall;Typical;N;FuseF;1088;441;0;1529;0;0;2;0;4;1;Typical;9;0;No_Fireplace;Detchd;1;240;Typical;Typical;Dirt_Gravel;4;2009;98000
Residential_Low_Density;50;7175;Pave;Regular;AllPub;Inside;Sawyer_West;One_Story;Above_Average;Average;1984;1984;Plywood;Plywood;GasA;Typical;Y;SBrkr;752;0;0;752;1;0;1;0;2;1;Typical;4;0;No_Fireplace;Attchd;1;264;Typical;Typical;Paved;2;2010;125000
Residential_Medium_Density;21;1936;Pave;Regular;AllPub;Inside;Meadow_Village;SFoyer;Below_Average;Above_Average;1970;1970;CemntBd;CmentBd;GasA;Good;Y;SBrkr;630;0;0;630;1;0;1;0;1;1;Typical;3;0;No_Fireplace;No_Garage;0;0;No_Garage;No_Garage;Paved;12;2007;84500
Residential_Low_Density;60;11556;Pave;Regular;AllPub;Inside;North_Ames;One_Story;Average;Excellent;1953;2006;VinylSd;MetalSd;GasA;Good;Y;SBrkr;1154;0;0;1154;0;0;1;1;3;1;Excellent;6;0;No_Fireplace;Detchd;1;336;Typical;Typical;Paved;7;2007;142000
Residential_Low_Density;79;11646;Pave;Slightly_Irregular;AllPub;Inside;College_Creek;Two_Story;Above_Average;Average;2005;2006;VinylSd;VinylSd;GasA;Excellent;Y;SBrkr;704;718;0;1422;0;0;2;1;3;1;Good;7;1;Good;Attchd;2;440;Typical;Typical;Paved;7;2009;173000
Residential_Low_Density;0;10825;Pave;Slightly_Irregular;AllPub;Inside;Northwest_Ames;One_Story;Good;Good;1983;1983;WdShing;Plywood;GasA;Typical;Y;SBrkr;1260;0;0;1260;1;0;2;0;3;1;Typical;6;0;No_Fireplace;Attchd;2;598;Typical;Typical;Paved;7;2008;181900
Residential_Medium_Density;44;3842;Pave;Slightly_Irregular;AllPub;Inside;Crawford;One_Story;Very_Good;Average;2004;2005;CemntBd;CmentBd;GasA;Excellent;Y;SBrkr;1646;0;0;1646;1;1;2;0;2;1;Good;5;1;Good;Attchd;2;525;Typical;Typical;Paved;12;2006;300000
Residential_Low_Density;65;11479;Pave;Regular;AllPub;Inside;Edwards;One_Story;Above_Average;Good;1950;1987;Wd Sdng;Plywood;GasA;Excellent;Y;SBrkr;1074;0;0;1074;1;0;1;0;3;1;Good;6;1;Typical;Attchd;1;467;Typical;Typical;Paved;6;2010;144500
Residential_Medium_Density;56;8398;Pave;Regular;AllPub;Inside;Old_Town;One_and_Half_Fin;Above_Average;Very_Good;1910;1990;Wd Sdng;Wd Sdng;GasA;Typical;Y;SBrkr;991;659;0;1650;0;0;2;0;3;1;Typical;6;0;No_Fireplace;Detchd;2;468;Typical;Typical;Dirt_Gravel;11;2007;144100
Residential_Low_Density;85;11447;Pave;Slightly_Irregular;AllPub;Inside;Timberland;One_Story;Very_Good;Average;2005;2006;VinylSd;VinylSd;GasA;Excellent;Y;SBrkr;1964;0;0;1964;1;0;2;1;3;1;Good;7;1;Good;Attchd;3;892;Typical;Typical;Paved;6;2008;370000
Residential_Low_Density;0;10304;Pave;Slightly_Irregular;AllPub;CulDSac;Northwest_Ames;Two_Story;Average;Good;1976;1976;Plywood;Plywood;GasA;Excellent;Y;SBrkr;1088;780;0;1868;1;0;2;1;4;1;Good;9;1;Typical;Attchd;2;484;Typical;Typical;Paved;10;2009;197500
Residential_Low_Density;65;8450;Pave;Regular;AllPub;Inside;Sawyer;One_Story;Average;Very_Good;1965;2009;MetalSd;MetalSd;GasA;Excellent;Y;SBrkr;894;0;0;894;1;0;1;0;3;1;Typical;5;1;Good;Detchd;1;336;Typical;Typical;Paved;4;2010;138500
Residential_Low_Density;70;7931;Pave;Regular;AllPub;Inside;North_Ames;One_Story;Average;Above_Average;1960;1960;BrkFace;Wd Sdng;GasA;Typical;Y;FuseA;1269;0;0;1269;0;0;1;1;3;1;Typical;6;1;Fair;Detchd;1;308;Typical;Typical;Paved;6;2008;155000
Floating_Village_Residential;0;4538;Pave;Slightly_Irregular;AllPub;Inside;Somerset;One_Story;Excellent;Average;2001;2001;VinylSd;VinylSd;GasA;Excellent;Y;SBrkr;1310;0;0;1310;1;0;1;1;1;1;Good;5;1;Typical;Attchd;2;545;Typical;Typical;Paved;7;2008;285000
Residential_Low_Density;64;6979;Pave;Regular;AllPub;Inside;Old_Town;SFoyer;Above_Average;Average;1980;1980;Plywood;Plywood;GasA;Good;Y;SBrkr;1056;0;0;1056;2;0;0;0;0;2;Typical;4;0;No_Fireplace;Detchd;2;576;Typical;Typical;Paved;6;2010;144000
Residential_Low_Density;60;7200;Pave;Regular;AllPub;Inside;College_Creek;SFoyer;Average;Very_Good;1972;2003;WdShing;HdBoard;GasA;Good;Y;SBrkr;768;0;0;768;0;1;1;0;2;1;Typical;5;0;No_Fireplace;Detchd;1;396;Typical;Typical;Paved;4;2009;133900
Residential_Low_Density;85;10533;Pave;Slightly_Irregular;AllPub;Inside;North_Ames;One_Story;Above_Average;Above_Average;1956;1956;VinylSd;VinylSd;GasA;Typical;Y;SBrkr;1024;0;0;1024;1;0;1;0;2;1;Good;5;2;Typical;Attchd;1;313;Typical;Typical;Paved;8;2006;157500
Residential_Low_Density;82;9452;Pave;Regular;AllPub;Inside;Northridge;Two_Story;Very_Good;Average;1997;1998;VinylSd;VinylSd;GasA;Excellent;Y;SBrkr;1407;985;0;2392;1;0;2;1;3;1;Good;7;1;Typical;Attchd;3;870;Typical;Typical;Paved;6;2006;348000
Residential_Low_Density;80;10400;Pave;Regular;AllPub;Inside;Northwest_Ames;One_Story;Above_Average;Average;1976;1976;HdBoard;HdBoard;GasA;Typical;Y;SBrkr;1444;0;0;1444;0;0;2;0;2;1;Typical;5;1;Good;Attchd;2;473;Typical;Typical;Paved;4;2008;159900
Residential_Low_Density;24;2364;Pave;Regular;AllPub;Inside;Northpark_Villa;Two_Story;Above_Average;Average;1978;1978;Plywood;Brk Cmn;GasA;Typical;Y;SBrkr;855;601;0;1456;0;0;2;1;3;1;Typical;6;1;Typical;Attchd;2;440;Typical;Typical;Paved;4;2009;138000
Residential_Low_Density;43;10667;Pave;Moderately_Irregular;AllPub;CulDSac;College_Creek;Two_Story;Good;Above_Average;1996;1996;VinylSd;VinylSd;GasA;Excellent;Y;SBrkr;827;834;0;1661;1;0;2;1;3;1;Good;6;1;Typical;Attchd;2;550;Typical;Typical;Paved;4;2009;212000
Residential_Low_Density;85;10560;Pave;Regular;AllPub;Corner;Sawyer_West;Two_Story;Good;Average;1993;1994;VinylSd;VinylSd;GasA;Excellent;Y;SBrkr;1079;800;0;1879;1;0;2;1;3;1;Good;8;1;Typical;Attchd;2;473;Typical;Typical;Paved;8;2009;239900
Residential_Low_Density;52;8741;Pave;Regular;AllPub;Inside;Edwards;One_and_Half_Fin;Above_Average;Below_Average;1945;1950;VinylSd;VinylSd;GasA;Typical;Y;FuseA;798;689;0;1487;0;0;1;1;3;1;Typical;7;1;Good;Detchd;1;220;Typical;Typical;Paved;4;2010;113000
Residential_Low_Density;82;9888;Pave;Regular;AllPub;Inside;North_Ames;One_Story;Average;Above_Average;1954;1975;MetalSd;MetalSd;GasA;Typical;Y;FuseA;936;0;0;936;0;0;1;0;2;1;Typical;5;0;No_Fireplace;Attchd;1;240;Typical;Typical;Paved;3;2006;121000
Residential_Medium_Density;100;12000;Pave;Regular;AllPub;Inside;Old_Town;One_Story;Average;Good;1948;2005;MetalSd;MetalSd;GasA;Excellent;Y;SBrkr;1122;0;0;1122;1;0;1;0;2;1;Good;6;0;No_Fireplace;Attchd;2;528;Typical;Typical;Paved;5;2008;147000
Residential_Low_Density;45;8248;Pave;Regular;AllPub;Inside;Edwards;One_and_Half_Fin;Below_Average;Below_Average;1922;1950;Wd Sdng;Wd Sdng;GasA;Typical;N;SBrkr;964;0;450;1414;0;0;1;0;3;1;Typical;8;1;Good;No_Garage;0;0;No_Garage;No_Garage;Dirt_Gravel;9;2006;83000
Residential_High_Density;60;9000;Pave;Regular;AllPub;Corner;Sawyer_West;One_and_Half_Unf;Above_Average;Fair;1928;1950;Wd Sdng;Wd Sdng;GasA;Typical;N;FuseA;784;0;0;784;0;0;1;0;2;1;Typical;5;0;No_Fireplace;Detchd;2;360;Fair;Fair;Dirt_Gravel;10;2009;76000
Residential_Low_Density;59;9171;Pave;Slightly_Irregular;AllPub;Inside;Gilbert;Two_Story;Good;Average;2004;2005;VinylSd;VinylSd;GasA;Excellent;Y;SBrkr;848;750;0;1598;0;0;2;1;3;1;Good;7;1;Good;Attchd;2;433;Typical;Typical;Paved;7;2006;201490
Residential_Low_Density;74;8740;Pave;Slightly_Irregular;AllPub;Inside;Sawyer;SFoyer;Average;Above_Average;1982;1982;HdBoard;HdBoard;GasA;Typical;Y;SBrkr;860;0;0;860;1;0;1;0;2;1;Typical;4;0;No_Fireplace;Detchd;2;528;Typical;Typical;Paved;7;2009;137000
Residential_Low_Density;94;13615;Pave;Slightly_Irregular;AllPub;Corner;Northridge_Heights;One_Story;Excellent;Average;2006;2006;MetalSd;MetalSd;GasA;Excellent;Y;SBrkr;1802;0;0;1802;0;0;2;1;3;1;Excellent;7;1;Good;Attchd;3;843;Typical;Typical;Paved;6;2007;372000
Floating_Village_Residential;75;9512;Pave;Slightly_Irregular;AllPub;Inside;Somerset;Two_Story;Good;Average;2005;2006;VinylSd;VinylSd;GasA;Excellent;Y;SBrkr;960;1358;0;2318;1;0;2;1;3;1;Good;8;1;Excellent;BuiltIn;2;541;Typical;Typical;Paved;6;2006;294323
Residential_Low_Density;55;7700;Pave;Regular;AllPub;Inside;North_Ames;SLvl;Average;Good;1956;1956;VinylSd;VinylSd;GasA;Excellent;Y;FuseA;1145;0;0;1145;0;0;1;0;3;1;Typical;6;0;No_Fireplace;Detchd;2;684;Typical;Typical;Paved;9;2006;127000
Floating_Village_Residential;75;9803;Pave;Regular;AllPub;Inside;Somerset;Two_Story;Good;Average;2005;2005;VinylSd;VinylSd;GasA;Good;Y;SBrkr;866;902;0;1768;0;0;2;1;3;1;Good;7;0;No_Fireplace;Attchd;2;603;Typical;Typical;Paved;2;2008;226700
Residential_Low_Density;0;12511;Pave;Slightly_Irregular;AllPub;Corner;Northwest_Ames;Two_Story;Good;Good;1978;1978;Plywood;Plywood;GasA;Excellent;Y;SBrkr;1420;1420;0;2840;0;1;2;1;4;1;Good;8;2;Good;Attchd;4;1314;Typical;Good;Paved;12;2008;292500
Residential_Low_Density;94;13005;Pave;Slightly_Irregular;AllPub;Corner;Northwest_Ames;Two_Story;Good;Good;1980;1980;CemntBd;CmentBd;GasA;Typical;Y;SBrkr;1153;1200;0;2353;1;0;2;1;4;1;Excellent;10;1;Typical;Attchd;2;484;Typical;Typical;Paved;8;2009;260000
Residential_Low_Density;0;6615;Pave;Regular;AllPub;Inside;Brookside;One_Story;Above_Average;Above_Average;1923;1950;MetalSd;MetalSd;GasA;Typical;N;FuseA;1432;0;0;1432;0;0;1;0;3;1;Good;6;1;Good;BuiltIn;1;216;Fair;Typical;Paved;9;2009;149000
Residential_Medium_Density;83;10126;Pave;Regular;AllPub;Corner;College_Creek;SFoyer;Above_Average;Average;1997;1998;VinylSd;VinylSd;GasA;Excellent;Y;SBrkr;1838;0;0;1838;2;0;2;0;2;2;Typical;8;0;No_Fireplace;Attchd;3;721;Typical;Typical;Paved;7;2008;185000
Residential_Low_Density;0;8121;Pave;Slightly_Irregular;AllPub;Inside;Gilbert;Two_Story;Above_Average;Average;2000;2000;VinylSd;VinylSd;GasA;Excellent;Y;SBrkr;953;711;0;1664;0;0;2;1;3;1;Typical;7;1;Typical;Attchd;2;460;Typical;Typical;Paved;1;2006;172400
Residential_Medium_Density;24;1488;Pave;Regular;AllPub;Inside;Blueste;Two_Story;Above_Average;Above_Average;1980;1992;MetalSd;MetalSd;GasA;Typical;Y;SBrkr;561;668;0;1229;1;0;1;1;2;1;Good;5;1;Typical;Attchd;2;462;Typical;Typical;Paved;10;2009;137000
Residential_Low_Density;60;8172;Pave;Regular;AllPub;Inside;Edwards;One_Story;Below_Average;Average;1955;1955;MetalSd;MetalSd;GasA;Typical;Y;SBrkr;768;0;0;768;0;0;1;0;2;1;Typical;4;1;Fair;Detchd;1;355;Typical;Typical;Paved;7;2007;125000
Residential_Low_Density;0;10899;Pave;Slightly_Irregular;AllPub;Inside;North_Ames;One_Story;Below_Average;Average;1964;1964;HdBoard;HdBoard;GasA;Typical;N;SBrkr;1224;0;0;1224;0;0;2;0;2;2;Typical;8;0;No_Fireplace;CarPort;3;530;Typical;Typical;Paved;4;2007;103000
Residential_Low_Density;93;10090;Pave;Slightly_Irregular;AllPub;Inside;North_Ames;SLvl;Good;Average;1963;1999;Plywood;Plywood;GasA;Typical;Y;SBrkr;1035;616;0;1651;0;1;2;0;4;1;Typical;6;2;Typical;BuiltIn;1;276;Typical;Typical;Paved;10;2007;172000
Residential_Low_Density;0;13215;Pave;Slightly_Irregular;AllPub;Corner;Northridge_Heights;Two_Story;Very_Good;Average;2004;2004;VinylSd;VinylSd;GasA;Excellent;Y;SBrkr;1426;488;0;1914;1;0;2;1;3;1;Good;9;1;Typical;BuiltIn;3;746;Typical;Typical;Paved;2;2006;279000
Residential_Low_Density;35;9400;Pave;Slightly_Irregular;AllPub;CulDSac;Edwards;SFoyer;Above_Average;Average;1975;1975;WdShing;Plywood;GasA;Typical;Y;SBrkr;980;0;0;980;0;2;2;0;4;0;Typical;4;0;No_Fireplace;No_Garage;0;0;No_Garage;No_Garage;Paved;10;2006;127500
Residential_Low_Density;60;7200;Pave;Regular;AllPub;Inside;North_Ames;One_Story;Below_Average;Average;1950;1950;BrkFace;Wd Sdng;GasA;Typical;Y;FuseA;1040;0;0;1040;0;0;1;0;2;1;Typical;4;0;No_Fireplace;Detchd;2;420;Typical;Typical;Paved;7;2006;109900
Residential_Low_Density;63;7560;Pave;Regular;AllPub;Inside;North_Ames;One_Story;Average;Average;1971;1971;MetalSd;MetalSd;GasA;Typical;Y;SBrkr;864;0;0;864;1;0;1;0;3;1;Typical;5;0;No_Fireplace;Detchd;2;576;Typical;Typical;Paved;5;2008;123000
Residential_Low_Density;0;8063;Pave;Regular;AllPub;Inside;Gilbert;Two_Story;Above_Average;Average;2000;2000;VinylSd;VinylSd;GasA;Excellent;Y;SBrkr;948;742;0;1690;0;0;2;1;3;1;Typical;7;1;Typical;Attchd;2;463;Typical;Typical;Paved;11;2007;181000
Residential_Low_Density;69;23580;Pave;Slightly_Irregular;AllPub;Inside;Mitchell;One_Story;Above_Average;Above_Average;1979;1979;Plywood;Plywood;GasA;Typical;Y;SBrkr;1625;0;0;1625;0;1;2;0;3;1;Fair;6;1;Typical;Attchd;2;576;Typical;Typical;Paved;9;2006;242500
Residential_Low_Density;0;7400;Pave;Slightly_Irregular;AllPub;CulDSac;Sawyer;SFoyer;Average;Average;1984;1984;VinylSd;VinylSd;GasA;Typical;Y;SBrkr;1126;0;0;1126;1;0;1;0;2;1;Typical;5;0;No_Fireplace;Attchd;2;506;Typical;Typical;Paved;3;2008;152000
Residential_Low_Density;65;10816;Pave;Slightly_Irregular;AllPub;Inside;College_Creek;One_Story;Excellent;Average;2008;2008;VinylSd;VinylSd;GasA;Excellent;Y;SBrkr;1720;0;0;1720;1;0;2;0;3;1;Excellent;8;1;Good;Attchd;3;846;Typical;Typical;Paved;11;2009;332000
Residential_Low_Density;78;9316;Pave;Regular;AllPub;Inside;College_Creek;Two_Story;Good;Average;2005;2006;VinylSd;VinylSd;GasA;Excellent;Y;SBrkr;879;916;0;1795;0;0;2;1;3;1;Good;7;0;No_Fireplace;Attchd;2;578;Typical;Typical;Paved;10;2007;191000
Residential_Medium_Density;41;5852;Pave;Irregular;AllPub;Corner;Old_Town;Two_and_Half_Unf;Good;Average;1902;2000;MetalSd;MetalSd;GasA;Typical;N;FuseF;978;886;0;1864;0;0;2;1;6;1;Typical;9;0;No_Fireplace;No_Garage;0;0;No_Garage;No_Garage;Dirt_Gravel;5;2009;97500
Residential_Low_Density;96;12539;Pave;Regular;AllPub;Inside;Northridge_Heights;Two_Story;Very_Excellent;Average;2005;2006;CemntBd;CmentBd;GasA;Excellent;Y;SBrkr;1632;1158;0;2790;1;0;2;1;4;1;Excellent;10;1;Excellent;BuiltIn;4;1150;Typical;Typical;Paved;6;2008;460000
Residential_Low_Density;85;10625;Pave;Regular;AllPub;Corner;Edwards;One_Story;Average;Average;1920;1950;Wd Sdng;Wd Sdng;GasA;Fair;N;SBrkr;835;0;0;835;0;0;1;0;2;1;Typical;5;0;No_Fireplace;Basment;1;366;Fair;Typical;Paved;5;2010;83000
Residential_Low_Density;0;25339;Pave;Regular;AllPub;Inside;Sawyer;One_Story;Average;Good;1918;2007;Wd Sdng;Wd Sdng;GasA;Excellent;Y;SBrkr;1416;0;0;1416;0;0;2;0;3;1;Good;7;0;No_Fireplace;Attchd;2;576;Typical;Typical;Dirt_Gravel;8;2007;112000
Residential_Low_Density;80;14000;Pave;Regular;AllPub;Inside;Crawford;One_Story;Above_Average;Very_Good;1950;2004;HdBoard;HdBoard;GasA;Excellent;Y;SBrkr;1152;0;0;1152;0;1;1;0;3;1;Good;6;1;Good;Attchd;1;300;Typical;Typical;Paved;8;2009;158500
Floating_Village_Residential;57;12853;Pave;Slightly_Irregular;AllPub;Inside;Somerset;One_Story;Very_Good;Average;2010;2010;CemntBd;CmentBd;GasA;Excellent;Y;SBrkr;1418;0;0;1418;1;0;1;1;1;1;Good;6;1;Good;Attchd;3;852;Typical;Typical;Paved;4;2010;267916
Residential_Low_Density;30;4420;Pave;Slightly_Irregular;AllPub;CulDSac;Greens;One_Story;Very_Good;Average;1980;1980;Wd Sdng;Wd Sdng;GasA;Typical;Y;SBrkr;788;0;0;788;1;0;1;0;1;1;Good;3;1;Typical;Detchd;2;484;Typical;Typical;Paved;6;2010;155000
Floating_Village_Residential;65;8125;Pave;Regular;AllPub;Inside;Somerset;Two_Story;Good;Average;2006;2006;VinylSd;VinylSd;GasA;Excellent;Y;SBrkr;778;798;0;1576;0;0;2;1;3;1;Good;6;0;No_Fireplace;Attchd;2;614;Typical;Typical;Paved;8;2006;197000
Residential_Low_Density;125;14419;Pave;Slightly_Irregular;AllPub;Corner;Timberland;SLvl;Good;Average;1987;1989;Plywood;Plywood;GasA;Excellent;Y;SBrkr;1479;0;0;1479;2;0;2;1;3;1;Good;7;1;Fair;Attchd;2;578;Typical;Typical;Paved;7;2009;213500
Residential_Low_Density;42;7711;Pave;Slightly_Irregular;AllPub;Inside;Edwards;One_Story;Below_Average;Fair;1977;1977;MetalSd;MetalSd;GasA;Typical;Y;SBrkr;1440;0;0;1440;2;0;2;0;4;2;Typical;8;0;No_Fireplace;No_Garage;0;0;No_Garage;No_Garage;Dirt_Gravel;8;2007;150000
Residential_Low_Density;81;10530;Pave;Regular;AllPub;Inside;Northwest_Ames;Two_Story;Good;Average;1978;1978;Plywood;Plywood;GasA;Typical;Y;SBrkr;945;912;0;1857;0;0;2;1;4;1;Typical;8;1;Typical;Attchd;2;482;Typical;Typical;Paved;7;2006;188900
Residential_Low_Density;66;13695;Pave;Regular;AllPub;Inside;Sawyer_West;One_Story;Average;Average;2004;2004;VinylSd;VinylSd;GasA;Excellent;Y;SBrkr;1114;0;0;1114;1;0;1;1;3;1;Good;6;0;No_Fireplace;Detchd;2;576;Typical;Typical;Paved;6;2008;159000
Residential_Low_Density;67;8777;Pave;Regular;AllPub;Inside;Edwards;One_and_Half_Fin;Average;Good;1900;2003;MetalSd;MetalSd;GasA;Good;Y;SBrkr;1272;928;0;2200;2;0;2;2;4;2;Typical;9;0;No_Fireplace;No_Garage;0;0;No_Garage;No_Garage;Dirt_Gravel;9;2008;145900
Residential_Medium_Density;60;11340;Pave;Regular;AllPub;Inside;Old_Town;Two_Story;Below_Average;Above_Average;1885;1950;VinylSd;AsbShng;GasA;Good;Y;SBrkr;1246;1044;0;2290;0;0;2;0;4;2;Typical;11;0;No_Fireplace;Detchd;2;560;Typical;Typical;Dirt_Gravel;4;2010;122500
Residential_Low_Density;108;13173;Pave;Slightly_Irregular;AllPub;Corner;Northridge_Heights;One_Story;Excellent;Average;2006;2007;VinylSd;VinylSd;GasA;Excellent;Y;SBrkr;1652;0;0;1652;1;0;2;0;2;1;Excellent;6;2;Excellent;Attchd;2;840;Typical;Typical;Paved;11;2009;325000
Residential_Low_Density;100;9500;Pave;Regular;AllPub;Corner;North_Ames;Two_Story;Above_Average;Above_Average;1964;1978;VinylSd;VinylSd;GasA;Typical;Y;SBrkr;1127;850;0;1977;0;1;1;1;4;1;Typical;9;1;Typical;Attchd;2;540;Typical;Typical;Paved;6;2007;165000
Residential_Low_Density;80;9600;Pave;Regular;AllPub;Inside;North_Ames;One_and_Half_Fin;Above_Average;Average;1950;1950;VinylSd;VinylSd;GasA;Typical;Y;FuseA;1032;220;0;1252;0;0;1;0;3;1;Typical;6;0;No_Fireplace;Attchd;1;288;Typical;Typical;Paved;4;2008;119000
Residential_Low_Density;89;10557;Pave;Slightly_Irregular;AllPub;Inside;Northridge;Two_Story;Excellent;Average;1998;1998;MetalSd;MetalSd;GasA;Excellent;Y;SBrkr;1671;1407;0;3078;1;0;2;1;4;1;Good;9;1;Typical;Attchd;3;806;Typical;Typical;Paved;7;2007;410000
Residential_Low_Density;93;12090;Pave;Regular;AllPub;Corner;Northridge;Two_Story;Very_Good;Average;1998;1998;VinylSd;VinylSd;GasA;Good;Y;SBrkr;1165;1098;0;2263;0;0;2;1;4;1;Good;10;1;Typical;BuiltIn;2;420;Typical;Typical;Paved;7;2006;258000
Residential_Low_Density;60;7200;Pave;Regular;AllPub;Inside;North_Ames;One_Story;Average;Good;1954;1954;MetalSd;MetalSd;GasA;Typical;Y;FuseA;825;0;0;825;0;1;1;0;2;1;Typical;4;0;No_Fireplace;Attchd;1;350;Typical;Typical;Paved;7;2008;109500
Residential_Low_Density;82;9020;Pave;Regular;AllPub;Inside;North_Ames;SLvl;Above_Average;Good;1966;1966;HdBoard;HdBoard;GasA;Typical;Y;SBrkr;1165;0;0;1165;1;0;1;1;3;1;Typical;6;0;No_Fireplace;Attchd;2;490;Good;Good;Paved;5;2008;174900
Residential_Low_Density;93;9382;Pave;Slightly_Irregular;AllPub;CulDSac;College_Creek;One_Story;Good;Average;1999;2000;VinylSd;VinylSd;GasA;Excellent;Y;SBrkr;1479;0;0;1479;0;0;2;0;3;1;Good;6;0;No_Fireplace;Attchd;2;577;Typical;Typical;Paved;7;2008;191000
Residential_Medium_Density;21;1890;Pave;Regular;AllPub;Inside;Briardale;Two_Story;Above_Average;Average;1973;1973;HdBoard;HdBoard;GasA;Typical;Y;SBrkr;672;546;0;1218;0;0;1;1;3;1;Typical;7;0;No_Fireplace;Detchd;1;264;Typical;Typical;Paved;5;2007;113000
Residential_Medium_Density;70;8400;Pave;Regular;AllPub;Corner;Old_Town;Two_Story;Above_Average;Good;1900;1950;Stucco;BrkFace;GasA;Good;Y;FuseA;1090;917;0;2007;0;0;2;0;3;1;Excellent;8;0;No_Fireplace;Detchd;1;357;Typical;Typical;Paved;6;2009;160000
Floating_Village_Residential;60;7180;Pave;Slightly_Irregular;AllPub;Inside;Somerset;One_Story;Very_Good;Average;2001;2002;CemntBd;CmentBd;GasA;Excellent;Y;SBrkr;1568;0;0;1568;0;0;2;0;3;1;Good;6;1;Typical;Attchd;2;564;Typical;Typical;Paved;9;2006;221000
Residential_Low_Density;79;11850;Pave;Regular;AllPub;FR2;Northwest_Ames;One_Story;Above_Average;Above_Average;1984;1984;Plywood;Plywood;GasA;Typical;Y;SBrkr;1177;0;0;1177;0;0;2;0;3;1;Good;6;0;No_Fireplace;Attchd;2;495;Typical;Typical;Paved;8;2007;151500
Residential_Low_Density;0;9638;Pave;Slightly_Irregular;AllPub;CulDSac;Edwards;SLvl;Above_Average;Above_Average;1977;1977;Plywood;Plywood;GasA;Typical;Y;SBrkr;1117;0;0;1117;1;0;1;0;3;1;Typical;6;1;Fair;Attchd;2;542;Typical;Typical;Paved;11;2008;147000
Residential_Low_Density;75;12890;Pave;Slightly_Irregular;AllPub;Inside;Timberland;One_Story;Above_Average;Average;1989;1989;Wd Sdng;Wd Sdng;GasA;Excellent;Y;SBrkr;1495;0;0;1495;0;0;2;0;3;1;Typical;8;1;Typical;Attchd;2;438;Typical;Typical;Paved;7;2008;150000
Residential_Low_Density;80;9554;Pave;Slightly_Irregular;AllPub;Inside;Sawyer_West;Two_Story;Very_Good;Average;1993;1994;VinylSd;VinylSd;GasA;Excellent;Y;SBrkr;1065;846;0;1911;0;0;2;1;3;1;Good;8;1;Typical;Attchd;2;471;Typical;Typical;Paved;9;2006;215000
Residential_Low_Density;41;4923;Pave;Regular;AllPub;Inside;Stone_Brook;One_Story;Very_Good;Average;2001;2002;CemntBd;CmentBd;GasA;Excellent;Y;SBrkr;1593;0;0;1593;1;0;1;1;0;1;Excellent;5;1;Good;Attchd;2;682;Typical;Typical;Paved;8;2008;286000
Residential_Medium_Density;60;6000;Pave;Regular;AllPub;Corner;Brookside;One_and_Half_Fin;Average;Average;1924;1950;Stucco;Stucco;GasA;Good;Y;SBrkr;822;320;0;1142;0;0;1;0;3;1;Typical;6;0;No_Fireplace;Attchd;1;320;Typical;Typical;Paved;6;2009;93000
Residential_Low_Density;0;23595;Pave;Regular;AllPub;Inside;Clear_Creek;One_Story;Good;Above_Average;1979;1979;Plywood;Plywood;GasA;Typical;Y;SBrkr;1332;192;0;1524;2;0;0;1;0;1;Good;4;1;Typical;Attchd;2;586;Typical;Typical;Paved;4;2010;260000
Residential_Low_Density;77;11422;Pave;Slightly_Irregular;AllPub;Inside;College_Creek;One_Story;Very_Good;Average;2007;2008;VinylSd;VinylSd;GasA;Excellent;Y;SBrkr;1838;0;0;1838;1;0;2;0;3;1;Good;7;2;Good;Attchd;2;524;Typical;Typical;Paved;4;2009;272500
Residential_Low_Density;70;13300;Pave;Regular;AllPub;Inside;North_Ames;One_Story;Average;Good;1956;2000;Wd Sdng;Wd Sdng;GasA;Typical;Y;SBrkr;928;0;0;928;0;0;1;0;2;1;Typical;4;0;No_Fireplace;Attchd;1;252;Typical;Typical;Paved;6;2007;132000
Residential_Low_Density;75;9375;Pave;Regular;AllPub;Inside;College_Creek;Two_Story;Good;Average;1997;1997;VinylSd;VinylSd;GasA;Excellent;Y;SBrkr;1044;1054;0;2098;0;0;2;1;4;1;Good;9;1;Typical;Attchd;2;621;Typical;Typical;Paved;4;2010;240000
Residential_Low_Density;50;8012;Pave;Regular;AllPub;Inside;Sawyer_West;Two_Story;Above_Average;Average;1980;1980;Plywood;Plywood;GasA;Excellent;Y;SBrkr;630;636;0;1266;0;0;1;1;2;1;Typical;5;2;Typical;Attchd;1;283;Typical;Typical;Paved;7;2007;128000
Floating_Village_Residential;60;7200;Pave;Regular;AllPub;Inside;Somerset;One_Story;Good;Average;2006;2006;VinylSd;VinylSd;GasA;Excellent;Y;SBrkr;1301;0;0;1301;1;0;2;0;2;1;Good;5;1;Good;Attchd;2;572;Typical;Typical;Paved;8;2006;187750
Floating_Village_Residential;72;8640;Pave;Regular;AllPub;Inside;Somerset;Two_Story;Good;Average;2009;2009;VinylSd;VinylSd;GasA;Excellent;Y;SBrkr;932;920;0;1852;1;0;2;1;3;1;Good;7;1;Typical;Attchd;2;644;Typical;Typical;Paved;7;2009;252678
Residential_Low_Density;60;10044;Pave;Slightly_Irregular;AllPub;CulDSac;Edwards;One_Story;Average;Above_Average;1968;1968;MetalSd;MetalSd;GasA;Typical;Y;SBrkr;1196;0;0;1196;1;0;1;0;3;1;Typical;6;0;No_Fireplace;Attchd;1;336;Typical;Typical;Paved;6;2010;144000
Residential_Low_Density;70;10552;Pave;Slightly_Irregular;AllPub;Inside;North_Ames;One_Story;Average;Average;1959;1959;BrkFace;BrkFace;GasA;Good;Y;SBrkr;1700;0;0;1700;0;1;1;1;4;1;Good;6;1;Good;Attchd;2;447;Typical;Typical;Paved;4;2010;165500
Residential_Low_Density;0;53107;Pave;Moderately_Irregular;AllPub;Corner;Clear_Creek;Two_Story;Above_Average;Average;1992;1992;HdBoard;HdBoard;GasA;Excellent;Y;SBrkr;1079;874;0;1953;1;0;2;1;3;1;Good;9;2;Fair;Attchd;2;501;Typical;Typical;Paved;6;2007;240000
Residential_Medium_Density;0;4426;Pave;Regular;AllPub;Inside;College_Creek;One_Story;Above_Average;Average;2004;2004;VinylSd;VinylSd;GasA;Excellent;Y;SBrkr;848;0;0;848;1;0;1;0;1;1;Good;3;1;Typical;Attchd;2;420;Typical;Typical;Paved;5;2008;141000
Residential_Low_Density;0;13355;Pave;Slightly_Irregular;AllPub;Inside;Northwest_Ames;Two_Story;Good;Above_Average;1971;1971;HdBoard;HdBoard;GasA;Typical;Y;SBrkr;845;825;0;1670;0;0;1;1;4;1;Typical;7;0;No_Fireplace;Attchd;2;464;Typical;Typical;Paved;5;2008;170000
Residential_Low_Density;77;9510;Pave;Regular;AllPub;Inside;North_Ames;One_Story;Above_Average;Average;1962;1985;HdBoard;HdBoard;GasA;Excellent;Y;SBrkr;1207;0;0;1207;0;0;1;1;3;1;Typical;6;0;No_Fireplace;Attchd;1;264;Typical;Typical;Paved;5;2006;147000
Residential_Medium_Density;60;9600;Pave;Regular;AllPub;Inside;Old_Town;Two_Story;Below_Average;Below_Average;1910;1950;VinylSd;VinylSd;GasA;Typical;Y;SBrkr;833;677;0;1510;0;0;2;0;3;1;Good;7;0;No_Fireplace;Detchd;2;720;Typical;Typical;Dirt_Gravel;6;2009;87500
Residential_Low_Density;65;6435;Pave;Regular;AllPub;Inside;Brookside;One_and_Half_Fin;Above_Average;Average;1939;1950;MetalSd;MetalSd;GasA;Good;Y;SBrkr;972;605;0;1577;0;0;1;0;3;1;Fair;6;1;Good;Detchd;1;312;Typical;Typical;Paved;10;2006;140200
Residential_Low_Density;58;9098;Pave;Slightly_Irregular;AllPub;Inside;Edwards;One_Story;Below_Average;Good;1920;2002;Wd Sdng;Wd Sdng;GasA;Excellent;Y;SBrkr;605;0;0;605;1;0;1;0;2;1;Typical;5;0;No_Fireplace;No_Garage;0;0;No_Garage;No_Garage;Dirt_Gravel;7;2007;86000
Residential_Low_Density;73;9069;Pave;Regular;AllPub;Inside;Sawyer_West;SFoyer;Above_Average;Above_Average;1992;1992;HdBoard;HdBoard;GasA;Excellent;Y;SBrkr;996;0;0;996;1;0;1;0;2;1;Good;5;0;No_Fireplace;Attchd;2;564;Typical;Typical;Paved;4;2010;147000
Residential_Low_Density;114;17242;Pave;Slightly_Irregular;AllPub;Inside;Northridge;Two_Story;Excellent;Average;1993;1994;MetalSd;MetalSd;GasA;Excellent;Y;SBrkr;1933;1567;0;3500;1;0;3;1;4;1;Excellent;11;1;Typical;Attchd;3;959;Typical;Typical;Paved;5;2006;584500
Residential_Medium_Density;50;6000;Pave;Regular;AllPub;Inside;Brookside;One_Story;Average;Good;1921;1950;Wd Sdng;Wd Shng;GasA;Good;Y;SBrkr;616;0;0;616;0;0;1;0;2;1;Typical;4;0;No_Fireplace;Detchd;1;205;Typical;Typical;Paved;6;2006;89000
Residential_Low_Density;75;11625;Pave;Regular;AllPub;Inside;Sawyer;One_Story;Average;Below_Average;1965;1965;Plywood;HdBoard;GasA;Excellent;Y;SBrkr;1039;0;0;1039;1;0;1;1;3;1;Typical;6;0;No_Fireplace;Attchd;2;504;Typical;Typical;Paved;4;2010;131500
Residential_High_Density;70;4270;Pave;Regular;AllPub;Inside;Edwards;One_Story;Fair;Above_Average;1931;2006;MetalSd;MetalSd;GasA;Excellent;Y;SBrkr;774;0;0;774;0;0;1;0;3;1;Good;6;0;No_Fireplace;No_Garage;0;0;No_Garage;No_Garage;Paved;5;2007;79000
Residential_Medium_Density;50;5000;Pave;Regular;AllPub;Inside;Brookside;One_and_Half_Fin;Average;Good;1941;2006;Wd Sdng;Wd Sdng;GasA;Excellent;Y;SBrkr;832;378;0;1210;0;0;1;0;3;1;Good;6;0;No_Fireplace;Detchd;1;240;Typical;Typical;Partial_Pavement;5;2008;124000
Residential_Low_Density;66;7920;Pave;Regular;AllPub;Inside;North_Ames;One_Story;Average;Average;1970;2002;HdBoard;HdBoard;GasA;Excellent;Y;SBrkr;914;0;0;914;0;0;1;0;3;1;Excellent;5;0;No_Fireplace;Attchd;1;368;Typical;Good;Paved;10;2007;133000
Residential_Low_Density;0;10382;Pave;Slightly_Irregular;AllPub;Corner;Northwest_Ames;Two_Story;Good;Above_Average;1973;1973;HdBoard;HdBoard;GasA;Excellent;Y;SBrkr;1107;983;0;2090;1;0;2;1;3;1;Typical;7;2;Typical;Attchd;2;484;Typical;Typical;Paved;11;2009;200000
Residential_Low_Density;44;10751;Pave;Slightly_Irregular;AllPub;CulDSac;Sawyer;One_Story;Average;Average;1974;1974;Plywood;Plywood;GasA;Typical;Y;SBrkr;1037;0;0;1037;1;0;1;0;2;1;Typical;5;0;No_Fireplace;Attchd;2;431;Typical;Typical;Paved;8;2007;129000
Residential_Low_Density;75;10425;Pave;Regular;AllPub;Inside;North_Ames;One_Story;Average;Average;1956;1958;MetalSd;MetalSd;GasA;Good;Y;SBrkr;1104;0;0;1104;1;0;1;0;3;1;Typical;5;0;No_Fireplace;Attchd;1;384;Typical;Typical;Paved;4;2008;133000
Residential_Low_Density;118;35760;Pave;Slightly_Irregular;AllPub;CulDSac;Northridge;Two_Story;Very_Excellent;Average;1995;1996;HdBoard;HdBoard;GasA;Excellent;Y;SBrkr;1831;1796;0;3627;1;0;3;1;4;1;Good;10;1;Typical;Attchd;3;807;Typical;Typical;Paved;7;2006;625000
Residential_Low_Density;54;7244;Pave;Regular;AllPub;Inside;Mitchell;SFoyer;Average;Good;1970;1970;VinylSd;VinylSd;GasA;Excellent;Y;SBrkr;768;0;0;768;1;0;1;0;2;1;Typical;5;0;No_Fireplace;Detchd;2;624;Typical;Typical;Paved;4;2007;129500
Residential_Low_Density;0;10532;Pave;Regular;AllPub;Corner;Clear_Creek;One_Story;Average;Fair;1960;1960;Plywood;Plywood;GasA;Good;Y;SBrkr;1721;0;0;1721;1;0;2;0;3;1;Typical;7;2;Typical;Basment;2;626;Typical;Typical;Paved;12;2008;145000
Residential_Medium_Density;53;5830;Pave;Regular;AllPub;Corner;Brookside;One_and_Half_Fin;Average;Above_Average;1950;1997;MetalSd;MetalSd;GasA;Excellent;Y;SBrkr;1030;582;0;1612;0;0;1;1;3;1;Typical;7;0;No_Fireplace;Detchd;1;363;Typical;Typical;Paved;3;2010;128500
Residential_Medium_Density;52;6240;Pave;Regular;AllPub;Inside;Brookside;One_and_Half_Fin;Above_Average;Above_Average;1934;1950;Wd Sdng;Wd Sdng;GasA;Typical;Y;SBrkr;816;0;360;1176;0;0;1;0;3;1;Typical;6;1;Good;Detchd;2;528;Typical;Typical;Paved;9;2006;114500
Residential_Low_Density;88;11443;Pave;Regular;AllPub;Inside;Timberland;One_Story;Very_Good;Average;2005;2006;VinylSd;VinylSd;GasA;Excellent;Y;SBrkr;2028;0;0;2028;1;0;2;0;2;1;Good;7;2;Good;Attchd;3;880;Typical;Typical;Paved;3;2006;369900
Residential_Medium_Density;0;2665;Pave;Regular;AllPub;Inside;Meadow_Village;Two_Story;Average;Above_Average;1976;1976;CemntBd;CmentBd;GasA;Typical;Y;SBrkr;616;688;0;1304;0;0;1;1;3;1;Typical;4;1;Good;BuiltIn;1;336;Typical;Typical;Paved;6;2008;115000
Residential_Low_Density;108;13418;Pave;Regular;AllPub;Inside;Northridge_Heights;Two_Story;Excellent;Average;2006;2006;VinylSd;VinylSd;GasA;Excellent;Y;SBrkr;1850;898;0;2748;1;0;2;1;4;1;Excellent;9;1;Good;BuiltIn;3;850;Typical;Typical;Paved;10;2008;390000
Residential_Low_Density;75;13125;Pave;Regular;AllPub;Inside;Crawford;Two_Story;Good;Above_Average;1940;1984;Wd Sdng;Wd Sdng;GasA;Typical;Y;SBrkr;960;780;0;1740;0;0;1;1;3;1;Typical;6;2;Good;Attchd;1;240;Typical;Typical;Paved;7;2007;219500
Residential_Low_Density;65;8773;Pave;Regular;AllPub;FR2;College_Creek;One_Story;Good;Average;2004;2004;VinylSd;VinylSd;GasA;Excellent;Y;SBrkr;1414;0;0;1414;0;0;2;0;3;1;Good;6;0;No_Fireplace;Attchd;2;494;Typical;Typical;Paved;5;2010;185500
Residential_Low_Density;63;13072;Pave;Regular;AllPub;Inside;Sawyer_West;One_Story;Above_Average;Average;2004;2004;VinylSd;VinylSd;GasA;Excellent;Y;SBrkr;1158;0;0;1158;1;0;1;1;3;1;Good;5;0;No_Fireplace;Detchd;2;576;Typical;Typical;Paved;5;2006;158000
Residential_Low_Density;77;11500;Pave;Slightly_Irregular;AllPub;Inside;North_Ames;One_Story;Above_Average;Below_Average;1967;1967;HdBoard;HdBoard;GasA;Good;Y;SBrkr;1040;0;0;1040;1;0;1;0;3;1;Typical;6;1;Poor;Attchd;2;480;Typical;Typical;Paved;5;2009;163000
Residential_Low_Density;65;6001;Pave;Slightly_Irregular;AllPub;Inside;South_and_West_of_Iowa_State_University;One_and_Half_Fin;Above_Average;Average;1940;1950;VinylSd;VinylSd;GasA;Excellent;N;SBrkr;600;319;0;919;0;0;1;0;3;1;Typical;5;0;No_Fireplace;Detchd;1;231;Typical;Typical;Paved;3;2010;95000
Residential_Medium_Density;0;4500;Pave;Regular;AllPub;FR2;Mitchell;One_Story;Above_Average;Average;1999;1999;VinylSd;VinylSd;GasA;Excellent;Y;SBrkr;1224;0;0;1224;1;0;2;0;2;1;Typical;5;0;No_Fireplace;Attchd;2;402;Typical;Typical;Paved;6;2009;165000
Residential_Low_Density;0;57200;Pave;Slightly_Irregular;AllPub;Inside;Timberland;One_Story;Average;Average;1948;1950;Wd Sdng;Wd Sdng;GasA;Typical;Y;SBrkr;1687;0;0;1687;1;0;1;0;3;1;Typical;7;2;Typical;Detchd;2;572;Typical;Typical;Dirt_Gravel;6;2010;160000
Residential_Low_Density;41;10905;Pave;Moderately_Irregular;AllPub;CulDSac;College_Creek;Two_Story;Good;Average;2003;2003;VinylSd;VinylSd;GasA;Excellent;Y;SBrkr;1129;1198;0;2327;0;0;2;1;4;1;Good;9;1;Good;BuiltIn;2;596;Typical;Typical;Paved;8;2008;240000
Residential_Low_Density;85;11475;Pave;Regular;AllPub;Corner;North_Ames;One_Story;Average;Average;1958;1958;VinylSd;VinylSd;GasA;Typical;Y;SBrkr;1776;0;0;1776;1;0;2;0;4;2;Typical;9;0;No_Fireplace;Detchd;3;888;Typical;Typical;Paved;7;2009;110000
Residential_Low_Density;0;9180;Pave;Slightly_Irregular;AllPub;CulDSac;Sawyer_West;SFoyer;Average;Good;1983;1983;HdBoard;HdBoard;GasA;Good;Y;SBrkr;884;0;0;884;1;0;1;0;2;1;Good;5;0;No_Fireplace;Attchd;2;504;Typical;Good;Paved;12;2007;144000
Residential_Low_Density;80;11844;Pave;Slightly_Irregular;AllPub;Inside;Stone_Brook;One_Story;Very_Good;Average;2008;2008;VinylSd;VinylSd;GasA;Excellent;Y;SBrkr;2046;0;0;2046;0;0;2;1;3;1;Good;7;1;Good;Attchd;3;834;Typical;Typical;Paved;7;2009;372500
Floating_Village_Residential;75;8004;Pave;Slightly_Irregular;AllPub;Inside;Somerset;Two_Story;Very_Good;Average;2009;2009;VinylSd;VinylSd;GasA;Excellent;Y;SBrkr;832;1103;0;1935;1;0;2;1;3;1;Typical;8;0;No_Fireplace;BuiltIn;2;552;Typical;Typical;Paved;12;2009;263435
Residential_Low_Density;78;11419;Pave;Regular;AllPub;Corner;North_Ames;Two_Story;Good;Good;1948;1999;WdShing;Wd Shng;GasA;Excellent;Y;FuseA;801;726;0;1527;1;0;1;1;3;1;Typical;6;1;Good;Attchd;2;410;Typical;Typical;Paved;12;2009;152500
Residential_Low_Density;66;8300;Pave;Slightly_Irregular;AllPub;Inside;North_Ames;One_Story;Above_Average;Above_Average;1968;1968;Wd Sdng;Wd Sdng;GasA;Good;Y;SBrkr;952;0;0;952;1;0;1;0;3;1;Typical;5;0;No_Fireplace;Attchd;1;288;Typical;Typical;Paved;8;2007;128500
Residential_Medium_Density;50;6000;Pave;Regular;AllPub;Inside;Old_Town;One_and_Half_Fin;Average;Good;1924;1950;MetalSd;MetalSd;GasA;Excellent;Y;SBrkr;816;750;0;1566;0;0;1;1;5;1;Good;7;0;No_Fireplace;Detchd;2;450;Typical;Typical;Paved;8;2006;139000
Residential_Low_Density;119;10895;Pave;Regular;AllPub;Corner;North_Ames;One_Story;Average;Above_Average;1955;1955;MetalSd;MetalSd;GasA;Typical;Y;SBrkr;972;0;0;972;0;0;1;0;3;1;Typical;5;0;No_Fireplace;Attchd;1;305;Typical;Typical;Paved;6;2010;122500
Residential_Low_Density;50;5000;Pave;Regular;AllPub;Inside;South_and_West_of_Iowa_State_University;One_and_Half_Fin;Average;Above_Average;1924;1950;BrkFace;Wd Sdng;GasA;Typical;Y;SBrkr;1026;665;0;1691;0;0;2;0;3;1;Good;6;1;Good;Detchd;1;308;Typical;Typical;Paved;5;2010;127000
Residential_Low_Density;75;8250;Pave;Regular;AllPub;Inside;North_Ames;One_Story;Above_Average;Good;1964;1964;HdBoard;HdBoard;GasA;Excellent;Y;SBrkr;1092;0;0;1092;1;0;1;0;3;1;Typical;6;0;No_Fireplace;Attchd;2;504;Typical;Good;Paved;7;2008;145000
Residential_Low_Density;49;15218;Pave;Slightly_Irregular;AllPub;CulDSac;Somerset;One_Story;Very_Good;Average;2006;2006;VinylSd;VinylSd;GasA;Excellent;Y;SBrkr;1670;0;0;1670;1;0;2;1;2;1;Good;6;1;Good;Attchd;3;928;Typical;Typical;Paved;9;2006;336820
Residential_Medium_Density;50;9000;Pave;Regular;AllPub;Inside;Iowa_DOT_and_Rail_Road;One_and_Half_Fin;Above_Average;Above_Average;1937;1950;Wd Sdng;Wd Sdng;GasA;Typical;Y;SBrkr;780;595;0;1375;0;0;1;1;3;1;Good;6;1;Good;Detchd;1;544;Typical;Typical;Partial_Pavement;12;2007;141000
Residential_Medium_Density;60;10266;Pave;Regular;AllPub;Inside;Iowa_DOT_and_Rail_Road;Two_Story;Above_Average;Above_Average;1952;1952;MetalSd;MetalSd;GasA;Typical;Y;FuseA;768;768;0;1536;0;0;1;1;4;1;Typical;7;0;No_Fireplace;Detchd;1;308;Typical;Typical;Paved;5;2008;136000
Residential_Medium_Density;153;4118;Pave;Slightly_Irregular;AllPub;Corner;Old_Town;One_Story;Below_Average;Below_Average;1941;1950;Wd Sdng;Wd Sdng;Grav;Fair;N;FuseA;693;0;0;693;0;0;1;0;2;1;Fair;4;0;No_Fireplace;No_Garage;0;0;No_Garage;No_Garage;Dirt_Gravel;3;2006;52500
Residential_Low_Density;70;7945;Pave;Regular;AllPub;Inside;North_Ames;One_Story;Average;Above_Average;1959;1959;BrkFace;Wd Sdng;GasA;Excellent;Y;FuseA;1150;0;0;1150;1;0;1;0;3;1;Typical;6;0;No_Fireplace;Attchd;1;300;Typical;Typical;Paved;5;2006;141000
Residential_Low_Density;65;10739;Pave;Slightly_Irregular;AllPub;Inside;College_Creek;One_Story;Good;Average;2002;2001;VinylSd;VinylSd;GasA;Excellent;Y;SBrkr;1444;0;0;1444;1;0;2;0;3;1;Good;6;0;No_Fireplace;Attchd;2;577;Typical;Typical;Paved;4;2009;203000
Residential_Low_Density;48;3242;Pave;Regular;AllPub;Inside;Northridge_Heights;One_Story;Good;Average;2003;2003;VinylSd;Wd Shng;GasA;Excellent;Y;SBrkr;1405;0;0;1405;1;0;2;0;2;1;Good;6;1;Good;Attchd;2;478;Typical;Typical;Paved;3;2007;200000
Residential_Medium_Density;60;10440;Pave;Regular;AllPub;Inside;Old_Town;Two_Story;Average;Very_Good;1904;2002;MetalSd;MetalSd;GasA;Good;Y;SBrkr;958;581;0;1539;0;0;2;0;3;1;Good;8;1;Poor;Detchd;2;686;Good;Typical;Partial_Pavement;6;2008;157500
Residential_Medium_Density;80;4800;Pave;Regular;AllPub;Inside;Old_Town;Two_Story;Average;Average;1910;2003;AsbShng;AsbShng;GasA;Fair;N;SBrkr;680;680;0;1360;0;0;1;0;2;1;Typical;6;0;No_Fireplace;Attchd;1;330;Fair;Typical;Paved;1;2008;111000
Residential_Medium_Density;60;7200;Pave;Regular;AllPub;Corner;Iowa_DOT_and_Rail_Road;One_Story;Above_Average;Good;1925;1992;VinylSd;VinylSd;GasA;Good;Y;SBrkr;1040;0;0;1040;0;0;1;0;2;1;Typical;5;0;No_Fireplace;Detchd;2;320;Typical;Typical;Paved;7;2008;127500
Residential_Low_Density;73;9801;Pave;Regular;AllPub;Inside;Somerset;Two_Story;Very_Good;Average;2007;2007;VinylSd;VinylSd;GasA;Excellent;Y;SBrkr;1341;520;0;1861;0;0;3;0;3;1;Good;7;1;Good;BuiltIn;3;851;Typical;Typical;Paved;7;2008;257000
Residential_Low_Density;100;15263;Pave;Slightly_Irregular;AllPub;Inside;Clear_Creek;One_Story;Average;Average;1959;1959;HdBoard;HdBoard;GasA;Good;Y;SBrkr;1675;0;0;1675;0;0;2;0;3;1;Typical;8;2;Good;Attchd;1;365;Typical;Typical;Paved;5;2010;173000
Residential_Low_Density;168;23257;Pave;Irregular;AllPub;CulDSac;Gilbert;Two_Story;Good;Average;2006;2006;VinylSd;VinylSd;GasA;Excellent;Y;SBrkr;887;1134;0;2021;0;0;2;1;3;1;Good;9;1;Good;BuiltIn;2;422;Typical;Typical;Paved;9;2006;274725
Residential_Low_Density;90;11520;Pave;Regular;AllPub;Inside;Northridge_Heights;One_Story;Excellent;Average;2005;2005;VinylSd;VinylSd;GasA;Excellent;Y;SBrkr;1698;0;0;1698;0;0;2;0;3;1;Excellent;7;1;Good;Attchd;3;730;Typical;Typical;Paved;6;2010;275000
Residential_Low_Density;0;14311;Pave;Slightly_Irregular;AllPub;FR3;Northwest_Ames;Two_Story;Very_Good;Average;1996;1996;VinylSd;VinylSd;GasA;Excellent;Y;SBrkr;1236;1104;0;2340;1;0;2;1;4;1;Good;9;1;Good;Attchd;3;787;Typical;Typical;Paved;6;2008;306000
Floating_Village_Residential;32;2880;Pave;Regular;AllPub;Inside;Somerset;Two_Story;Good;Average;2004;2005;MetalSd;MetalSd;GasA;Excellent;Y;SBrkr;1376;1629;0;3005;0;0;2;1;3;1;Good;9;1;Typical;BuiltIn;3;704;Typical;Typical;Paved;7;2009;280750
Residential_Low_Density;70;8393;Pave;Regular;AllPub;Corner;North_Ames;One_Story;Average;Average;1959;2005;MetalSd;MetalSd;GasA;Excellent;Y;SBrkr;1712;0;0;1712;0;0;2;0;4;2;Typical;8;0;No_Fireplace;Attchd;2;588;Typical;Typical;Paved;6;2006;145000
Residential_Low_Density;0;12122;Pave;Slightly_Irregular;AllPub;Corner;North_Ames;SFoyer;Good;Excellent;1961;2007;CemntBd;CmentBd;GasA;Good;Y;SBrkr;999;0;0;999;1;0;1;0;3;1;Excellent;6;0;No_Fireplace;Attchd;2;588;Typical;Typical;Paved;7;2008;178400
Residential_Low_Density;57;8773;Pave;Slightly_Irregular;AllPub;Inside;Gilbert;Two_Story;Above_Average;Average;1997;1997;VinylSd;VinylSd;GasA;Good;Y;SBrkr;916;684;0;1600;0;0;2;1;3;1;Typical;7;1;Typical;Attchd;2;460;Typical;Typical;Paved;8;2007;169000
Residential_Low_Density;0;15957;Pave;Slightly_Irregular;AllPub;Corner;Mitchell;SLvl;Above_Average;Above_Average;1977;1977;HdBoard;Plywood;GasA;Typical;Y;SBrkr;1356;0;0;1356;2;0;2;0;3;1;Typical;6;1;Typical;Attchd;2;528;Typical;Typical;Paved;9;2007;188000
Residential_Low_Density;67;12354;Pave;Regular;AllPub;Corner;Edwards;One_and_Half_Fin;Above_Average;Very_Good;1920;2000;Wd Sdng;Wd Sdng;GasA;Good;Y;SBrkr;684;512;0;1196;0;0;1;0;3;1;Good;7;0;No_Fireplace;Detchd;2;528;Typical;Typical;Paved;8;2009;110000
Residential_Low_Density;60;8070;Pave;Regular;AllPub;Inside;College_Creek;One_Story;Below_Average;Average;1994;1995;VinylSd;VinylSd;GasA;Excellent;Y;SBrkr;990;0;0;990;1;0;1;0;3;1;Typical;5;0;No_Fireplace;No_Garage;0;0;No_Garage;No_Garage;Paved;8;2007;123600
Residential_Low_Density;60;11414;Pave;Slightly_Irregular;AllPub;Corner;Brookside;Two_Story;Good;Very_Good;1910;1993;HdBoard;HdBoard;GasA;Typical;N;SBrkr;1136;883;0;2019;0;0;1;0;3;1;Good;8;0;No_Fireplace;Detchd;2;532;Typical;Typical;Paved;10;2009;167500
Residential_Low_Density;0;9205;Pave;Slightly_Irregular;AllPub;Inside;Northridge;Two_Story;Above_Average;Average;1990;1991;HdBoard;HdBoard;GasA;Excellent;Y;SBrkr;1364;1319;0;2683;1;0;2;1;4;1;Good;9;2;Good;Attchd;2;473;Typical;Typical;Paved;6;2008;290000
Residential_Low_Density;74;10141;Pave;Slightly_Irregular;AllPub;Corner;Gilbert;Two_Story;Good;Average;1998;1998;VinylSd;VinylSd;GasA;Good;Y;SBrkr;885;833;0;1718;0;0;2;1;3;1;Typical;7;1;Typical;Attchd;2;427;Typical;Typical;Paved;12;2009;185000
Residential_Low_Density;55;6854;Pave;Regular;AllPub;Inside;Brookside;One_Story;Average;Good;1925;1994;MetalSd;MetalSd;GasA;Typical;N;FuseA;916;144;0;1060;1;0;1;0;1;1;Typical;6;1;Good;Detchd;1;308;Fair;Typical;Paved;8;2007;136500
Residential_Low_Density;0;8917;Pave;Slightly_Irregular;AllPub;Inside;North_Ames;One_Story;Average;Average;1967;1967;Plywood;Plywood;GasA;Typical;Y;SBrkr;1584;0;0;1584;0;0;2;0;4;2;Typical;8;0;No_Fireplace;Detchd;2;506;Typical;Typical;Paved;10;2006;119000
Residential_Low_Density;65;7898;Pave;Regular;AllPub;Corner;North_Ames;One_Story;Below_Average;Good;1920;1994;MetalSd;MetalSd;GasA;Good;Y;SBrkr;985;0;0;985;0;1;1;0;2;1;Typical;4;0;No_Fireplace;Detchd;2;676;Typical;Typical;Dirt_Gravel;4;2010;105000
Residential_Low_Density;112;16451;Pave;Slightly_Irregular;AllPub;Corner;Northridge_Heights;Two_Story;Very_Good;Average;2003;2003;VinylSd;VinylSd;GasA;Excellent;Y;SBrkr;1804;886;0;2690;0;0;2;1;4;1;Good;9;1;Good;BuiltIn;3;795;Typical;Typical;Paved;7;2008;370000
Residential_Low_Density;0;8780;Pave;Slightly_Irregular;AllPub;Corner;Mitchell;One_Story;Average;Average;1985;1985;HdBoard;Plywood;GasA;Excellent;Y;SBrkr;833;0;0;833;1;0;1;0;3;1;Typical;5;0;No_Fireplace;No_Garage;0;0;No_Garage;No_Garage;Paved;3;2009;112000
Residential_Low_Density;59;15810;Pave;Slightly_Irregular;AllPub;Inside;Gilbert;Two_Story;Above_Average;Average;2007;2007;VinylSd;VinylSd;GasA;Excellent;Y;SBrkr;768;728;0;1496;0;0;3;0;3;1;Good;7;0;No_Fireplace;Attchd;2;572;Typical;Typical;Paved;5;2007;181755
Residential_Low_Density;38;4740;Pave;Slightly_Irregular;AllPub;Inside;Stone_Brook;One_Story;Very_Good;Average;1988;1988;CemntBd;CmentBd;GasA;Good;Y;SBrkr;1179;0;0;1179;1;0;2;0;2;1;Typical;5;0;No_Fireplace;Attchd;2;480;Typical;Typical;Paved;10;2007;182000
Residential_Low_Density;40;4671;Pave;Slightly_Irregular;AllPub;Inside;Stone_Brook;One_Story;Very_Good;Average;1988;1989;HdBoard;HdBoard;GasA;Good;Y;SBrkr;1228;0;0;1228;1;0;2;0;2;1;Good;5;1;Good;Attchd;2;472;Typical;Typical;Paved;10;2008;189000
Residential_Medium_Density;86;5160;Pave;Regular;AllPub;Inside;Iowa_DOT_and_Rail_Road;SFoyer;Below_Average;Above_Average;1923;1950;MetalSd;MetalSd;GasA;Typical;Y;SBrkr;892;0;0;892;1;0;1;0;1;1;Good;5;0;No_Fireplace;No_Garage;0;0;No_Garage;No_Garage;Dirt_Gravel;7;2009;70000
Residential_Low_Density;70;8400;Pave;Regular;AllPub;Inside;North_Ames;One_Story;Above_Average;Fair;1957;1957;BrkFace;BrkFace;GasA;Good;Y;SBrkr;1478;0;0;1478;1;0;1;1;3;1;Typical;6;2;Good;Attchd;2;442;Typical;Typical;Paved;6;2009;156500
Residential_Low_Density;0;10530;Pave;Slightly_Irregular;AllPub;Corner;North_Ames;One_Story;Above_Average;Average;1971;1971;Plywood;Plywood;GasA;Typical;Y;SBrkr;981;0;0;981;1;0;1;1;3;1;Typical;5;0;No_Fireplace;Detchd;2;576;Typical;Typical;Paved;3;2007;143250
Residential_High_Density;82;6270;Pave;Regular;AllPub;Inside;Crawford;Two_Story;Average;Above_Average;1949;1950;MetalSd;MetalSd;GasA;Typical;N;FuseA;1001;1001;0;2002;0;0;2;0;4;2;Typical;8;0;No_Fireplace;More_Than_Two_Types;3;871;Typical;Typical;Paved;8;2007;145000
Residential_Low_Density;75;8050;Pave;Regular;AllPub;Inside;Edwards;One_Story;Above_Average;Average;2002;2002;VinylSd;VinylSd;GasA;Excellent;Y;SBrkr;914;0;0;914;1;0;1;0;2;1;Good;4;0;No_Fireplace;No_Garage;0;0;No_Garage;No_Garage;Dirt_Gravel;4;2006;117250
Residential_Low_Density;100;21750;Pave;Regular;AllPub;Inside;Mitchell;One_Story;Average;Below_Average;1960;2006;HdBoard;HdBoard;GasA;Typical;Y;SBrkr;1771;0;0;1771;0;0;1;0;3;1;Typical;9;1;Typical;Attchd;2;336;Typical;Typical;Paved;11;2009;115000
Residential_Medium_Density;50;6000;Pave;Regular;AllPub;Inside;Brookside;One_and_Half_Fin;Above_Average;Above_Average;1940;1950;MetalSd;MetalSd;GasA;Excellent;Y;FuseA;848;348;0;1196;0;1;1;1;3;1;Typical;6;2;Good;Detchd;2;576;Typical;Typical;Paved;3;2010;128000
Residential_Low_Density;107;12888;Pave;Regular;AllPub;Inside;Sawyer;Two_Story;Good;Very_Good;1937;1980;Wd Sdng;Wd Sdng;GasA;Typical;Y;SBrkr;1262;1005;0;2267;1;0;1;1;3;1;Typical;7;2;Good;Attchd;2;498;Typical;Typical;Paved;4;2007;219000
Residential_Medium_Density;69;11851;Pave;Regular;AllPub;Inside;Old_Town;One_and_Half_Fin;Average;Good;1948;2009;VinylSd;VinylSd;GasA;Excellent;Y;SBrkr;1027;606;0;1633;0;0;1;0;3;1;Good;7;1;Good;Detchd;1;240;Typical;Typical;Paved;6;2010;129000
Residential_Low_Density;60;12180;Pave;Regular;AllPub;Inside;Edwards;One_and_Half_Fin;Below_Average;Below_Average;1941;1950;MetalSd;MetalSd;Grav;Fair;N;FuseA;672;252;0;924;1;0;1;0;2;1;Fair;5;0;No_Fireplace;Detchd;1;280;Typical;Typical;Paved;7;2010;80000
Residential_Low_Density;73;9735;Pave;Regular;AllPub;Inside;Timberland;SLvl;Average;Average;2006;2007;VinylSd;VinylSd;GasA;Good;Y;Unknown;754;640;0;1394;0;0;2;1;3;1;Good;7;0;No_Fireplace;BuiltIn;2;400;Typical;Typical;Paved;5;2008;167500
Residential_Low_Density;68;9571;Pave;Regular;AllPub;Inside;Edwards;One_Story;Average;Average;1956;1956;MetalSd;MetalSd;GasA;Typical;Y;FuseA;1073;0;0;1073;1;0;1;0;2;1;Typical;5;0;No_Fireplace;Attchd;1;340;Typical;Typical;Paved;2;2009;121500
Residential_Low_Density;0;11327;Pave;Slightly_Irregular;AllPub;Inside;Sawyer;One_Story;Average;Above_Average;1967;1967;HdBoard;HdBoard;GasA;Typical;Y;SBrkr;1064;0;0;1064;0;1;1;0;3;1;Typical;6;1;Typical;Attchd;2;528;Typical;Typical;Paved;6;2006;153600
Residential_Low_Density;75;12518;Pave;Slightly_Irregular;AllPub;Inside;Mitchell;One_Story;Average;Good;1968;1968;HdBoard;HdBoard;GasA;Good;Y;SBrkr;1008;0;0;1008;0;0;1;0;3;1;Good;6;0;No_Fireplace;Attchd;1;384;Typical;Typical;Paved;4;2009;139500
Residential_Low_Density;105;11249;Pave;Moderately_Irregular;AllPub;Inside;College_Creek;One_Story;Above_Average;Average;1995;1995;VinylSd;VinylSd;GasA;Excellent;Y;SBrkr;1200;0;0;1200;1;0;2;0;3;1;Good;6;0;No_Fireplace;Attchd;2;521;Typical;Typical;Paved;8;2007;177500
Residential_Low_Density;61;8800;Pave;Slightly_Irregular;AllPub;Inside;College_Creek;One_Story;Average;Good;1977;2008;HdBoard;HdBoard;GasA;Typical;Y;SBrkr;1040;0;0;1040;0;0;2;0;3;1;Good;5;0;No_Fireplace;Detchd;2;484;Typical;Typical;Paved;9;2009;150500
Residential_Low_Density;68;8846;Pave;Regular;AllPub;Inside;College_Creek;Two_Story;Above_Average;Average;2005;2006;VinylSd;VinylSd;GasA;Excellent;Y;SBrkr;750;750;0;1500;0;0;2;1;3;1;Good;6;0;No_Fireplace;Attchd;2;564;Typical;Typical;Paved;8;2006;173900
Residential_Medium_Density;60;8967;Pave;Regular;AllPub;Corner;Iowa_DOT_and_Rail_Road;One_Story;Average;Poor;1920;1950;MetalSd;MetalSd;GasA;Good;Y;Mix;1077;0;0;1077;0;0;1;0;2;1;Typical;6;0;No_Fireplace;Detchd;1;338;Poor;Poor;Dirt_Gravel;11;2007;67000
Residential_Low_Density;100;34650;Pave;Regular;AllPub;Inside;Gilbert;One_Story;Average;Average;1955;1955;Wd Sdng;Wd Sdng;GasA;Typical;N;SBrkr;1056;0;0;1056;1;0;1;0;3;1;Typical;5;0;No_Fireplace;Attchd;2;572;Typical;Typical;Paved;1;2006;145000
Residential_Low_Density;0;14175;Pave;Regular;AllPub;Corner;Sawyer;One_Story;Average;Above_Average;1956;1987;CemntBd;Wd Sdng;GasA;Good;Y;SBrkr;1437;0;0;1437;1;0;1;1;3;1;Typical;6;1;Typical;Detchd;2;576;Typical;Typical;Paved;11;2006;168000
Residential_Low_Density;81;9260;Pave;Regular;AllPub;Corner;Sawyer_West;One_Story;Good;Average;2007;2007;VinylSd;VinylSd;GasA;Excellent;Y;SBrkr;1162;0;0;1162;0;0;2;0;3;1;Good;6;0;No_Fireplace;Attchd;2;483;Typical;Typical;Paved;3;2008;170000
Residential_Low_Density;65;8158;Pave;Regular;AllPub;Inside;College_Creek;Two_Story;Good;Average;2003;2003;VinylSd;VinylSd;GasA;Excellent;Y;SBrkr;884;884;0;1768;1;0;2;1;3;1;Good;8;0;No_Fireplace;Attchd;2;543;Typical;Typical;Paved;7;2008;224900
Residential_Low_Density;0;21000;Pave;Regular;AllPub;Corner;Crawford;One_Story;Above_Average;Average;1953;1953;Wd Sdng;Wd Sdng;GasA;Typical;Y;SBrkr;2259;0;0;2259;1;0;2;0;3;1;Good;7;2;Good;Basment;2;450;Typical;Typical;Paved;10;2007;217000
Residential_Low_Density;0;9610;Pave;Slightly_Irregular;AllPub;Corner;North_Ames;One_Story;Above_Average;Above_Average;1958;1958;Wd Sdng;Wd Sdng;GasA;Excellent;Y;FuseA;1336;0;0;1336;0;0;1;1;3;1;Typical;7;1;Typical;Attchd;2;488;Typical;Typical;Paved;12;2006;162000
Residential_Low_Density;72;10152;Pave;Regular;AllPub;Inside;North_Ames;One_Story;Average;Average;1956;1956;MetalSd;MetalSd;GasA;Typical;Y;SBrkr;1048;0;0;1048;1;0;1;0;3;1;Typical;6;0;No_Fireplace;Attchd;1;286;Typical;Typical;Paved;6;2007;135000
Floating_Village_Residential;34;3230;Pave;Regular;AllPub;Inside;Somerset;Two_Story;Above_Average;Average;1999;1999;MetalSd;MetalSd;GasA;Good;Y;SBrkr;742;729;0;1471;0;0;2;1;3;1;Typical;6;0;No_Fireplace;Detchd;2;440;Typical;Typical;Paved;3;2009;172500
Residential_Low_Density;50;8405;Pave;Regular;AllPub;Inside;Edwards;One_and_Half_Fin;Average;Very_Good;1900;1950;MetalSd;MetalSd;GasA;Excellent;Y;SBrkr;961;406;0;1367;1;0;1;0;4;1;Typical;7;0;No_Fireplace;Detchd;1;384;Typical;Typical;Paved;4;2008;119000
Residential_Low_Density;86;8665;Pave;Slightly_Irregular;AllPub;Inside;Sawyer;One_Story;Average;Average;1968;1968;HdBoard;HdBoard;GasA;Typical;Y;SBrkr;897;0;0;897;0;0;1;0;3;1;Typical;5;0;No_Fireplace;Attchd;1;264;Typical;Typical;Paved;1;2007;115000
Residential_Low_Density;93;10114;Pave;Regular;AllPub;Inside;Mitchell;One_Story;Average;Average;2004;2005;VinylSd;VinylSd;GasA;Excellent;Y;SBrkr;1430;0;0;1430;0;0;2;0;3;1;Good;7;0;No_Fireplace;Attchd;2;624;Typical;Typical;Paved;3;2010;173500
Residential_Low_Density;72;10791;Pave;Regular;AllPub;Inside;Sawyer;One_Story;Below_Average;Average;1967;1967;MetalSd;MetalSd;GasA;Typical;Y;SBrkr;1296;0;0;1296;0;0;2;0;2;2;Typical;6;0;No_Fireplace;CarPort;2;516;Typical;Typical;Paved;10;2006;90000
Residential_Low_Density;84;14260;Pave;Slightly_Irregular;AllPub;FR2;Northridge;Two_Story;Very_Good;Average;2000;2000;VinylSd;VinylSd;GasA;Excellent;Y;SBrkr;1145;1053;0;2198;1;0;2;1;4;1;Good;9;1;Typical;Attchd;3;836;Typical;Typical;Paved;12;2008;250000
Residential_Low_Density;75;10215;Pave;Regular;AllPub;Inside;Edwards;One_Story;Below_Average;Average;1954;1954;Wd Sdng;Wd Sdng;GasA;Excellent;Y;SBrkr;948;0;0;948;0;0;1;0;3;1;Typical;5;0;No_Fireplace;Attchd;1;248;Typical;Typical;Paved;2;2007;111000
Residential_Low_Density;115;10500;Pave;Slightly_Irregular;AllPub;Inside;North_Ames;One_Story;Average;Average;1964;1964;HdBoard;HdBoard;GasA;Typical;Y;SBrkr;1292;0;0;1292;1;0;1;1;3;1;Typical;6;2;Good;Detchd;2;520;Typical;Typical;Paved;7;2009;145100
Residential_Medium_Density;52;3068;Pave;Regular;AllPub;Inside;Old_Town;Two_Story;Above_Average;Very_Good;1920;1993;VinylSd;VinylSd;GasA;Excellent;Y;SBrkr;662;662;0;1324;0;1;1;0;3;1;Typical;6;0;No_Fireplace;Detchd;1;180;Typical;Typical;Paved;2;2010;122000
Residential_Low_Density;0;9790;Pave;Regular;AllPub;Inside;Northwest_Ames;One_Story;Above_Average;Average;1963;1963;HdBoard;HdBoard;GasA;Typical;Y;SBrkr;1328;0;0;1328;1;0;1;1;3;1;Typical;6;2;Good;Attchd;2;528;Typical;Typical;Paved;6;2010;143000
Residential_Low_Density;82;9942;Pave;Slightly_Irregular;AllPub;Inside;Northridge_Heights;Two_Story;Excellent;Average;2005;2006;MetalSd;MetalSd;GasA;Excellent;Y;SBrkr;1625;466;0;2091;1;0;2;1;3;1;Excellent;8;1;Good;Attchd;2;521;Typical;Typical;Paved;5;2006;338500
Residential_Low_Density;32;10846;Pave;Slightly_Irregular;AllPub;CulDSac;Veenker;One_Story;Very_Good;Average;1993;1993;BrkFace;BrkFace;GasA;Excellent;Y;SBrkr;1719;0;0;1719;2;0;1;1;1;1;Good;6;2;Good;Attchd;2;473;Typical;Typical;Paved;5;2008;324000
Residential_Low_Density;109;8724;Pave;Regular;AllPub;Inside;Sawyer;One_Story;Average;Average;1968;1968;VinylSd;VinylSd;GasA;Good;Y;SBrkr;894;0;0;894;0;0;1;0;3;1;Typical;5;1;Poor;Attchd;2;450;Typical;Typical;Paved;5;2007;129000
Residential_Low_Density;60;8118;Pave;Regular;AllPub;Inside;Stone_Brook;One_Story;Excellent;Average;2007;2007;MetalSd;MetalSd;GasA;Excellent;Y;SBrkr;1710;0;0;1710;1;0;2;0;2;1;Excellent;6;1;Good;Attchd;2;557;Typical;Typical;Paved;7;2008;334000
Residential_Low_Density;73;8814;Pave;Regular;AllPub;Inside;North_Ames;Two_Story;Average;Above_Average;1968;1968;MetalSd;MetalSd;GasA;Excellent;Y;SBrkr;732;732;0;1464;0;0;1;1;4;1;Typical;7;0;No_Fireplace;Attchd;2;470;Typical;Typical;Paved;6;2008;141000
Residential_Low_Density;79;9541;Pave;Slightly_Irregular;AllPub;Inside;Northridge_Heights;One_Story;Good;Average;2009;2009;VinylSd;VinylSd;GasA;Excellent;Y;SBrkr;1502;0;0;1502;0;0;2;0;3;1;Good;7;0;No_Fireplace;Attchd;2;644;Typical;Typical;Paved;9;2009;233170
Floating_Village_Residential;0;5105;Pave;Moderately_Irregular;AllPub;FR2;Somerset;Two_Story;Good;Average;2004;2004;MetalSd;MetalSd;GasA;Excellent;Y;SBrkr;551;551;0;1102;0;0;2;1;2;1;Good;4;0;No_Fireplace;Detchd;2;480;Typical;Typical;Paved;3;2007;148800
Residential_Medium_Density;51;6120;Pave;Regular;AllPub;Inside;Brookside;One_Story;Poor;Fair;1936;1950;AsbShng;AsbShng;Grav;Fair;N;FuseA;800;0;0;800;0;0;1;0;1;1;Fair;4;1;Poor;No_Garage;0;0;No_Garage;No_Garage;Dirt_Gravel;1;2009;60000
Residential_Medium_Density;21;1680;Pave;Regular;AllPub;Inside;Briardale;Two_Story;Above_Average;Average;1973;1973;HdBoard;HdBoard;GasA;Typical;Y;SBrkr;483;504;0;987;1;0;1;1;2;1;Typical;5;0;No_Fireplace;Detchd;1;264;Typical;Typical;Paved;7;2009;111000
Residential_Low_Density;0;9453;Pave;Slightly_Irregular;AllPub;CulDSac;Sawyer_West;Two_Story;Good;Good;1993;2003;HdBoard;HdBoard;GasA;Excellent;Y;SBrkr;1014;730;0;1744;0;0;2;1;3;1;Good;7;0;No_Fireplace;Attchd;2;457;Typical;Typical;Paved;2;2010;194500
Residential_Medium_Density;21;1900;Pave;Regular;AllPub;Inside;Meadow_Village;Two_Story;Below_Average;Below_Average;1970;1970;CemntBd;CmentBd;GasA;Excellent;Y;SBrkr;546;546;0;1092;0;0;1;1;3;1;Typical;5;0;No_Fireplace;No_Garage;0;0;No_Garage;No_Garage;Paved;6;2010;88250
Residential_Low_Density;0;20355;Pave;Regular;AllPub;Inside;Clear_Creek;One_Story;Good;Above_Average;1967;1967;Plywood;Plywood;GasA;Typical;Y;SBrkr;1830;0;0;1830;1;0;1;0;2;1;Typical;6;2;Good;Attchd;2;521;Typical;Typical;Paved;6;2006;278000
Residential_Low_Density;78;10180;Pave;Slightly_Irregular;AllPub;Corner;North_Ames;One_Story;Average;Above_Average;1968;1968;HdBoard;Plywood;GasA;Typical;Y;SBrkr;1044;0;0;1044;0;1;1;1;3;1;Typical;5;1;Fair;Attchd;2;372;Typical;Typical;Paved;6;2008;139000
Residential_Low_Density;70;7000;Pave;Regular;AllPub;Corner;North_Ames;One_Story;Average;Above_Average;1961;1961;BrkFace;Wd Sdng;GasA;Good;Y;SBrkr;925;0;0;925;0;0;1;0;3;1;Typical;7;0;No_Fireplace;Attchd;1;300;Typical;Typical;Paved;7;2007;99000
Residential_Low_Density;94;7819;Pave;Regular;AllPub;Inside;Edwards;SLvl;Above_Average;Average;1976;1976;Plywood;Plywood;GasA;Typical;Y;SBrkr;1117;0;0;1117;1;0;1;0;3;1;Typical;6;1;Typical;Detchd;2;672;Typical;Typical;Paved;3;2010;107000
Residential_Low_Density;64;9045;Pave;Slightly_Irregular;AllPub;Inside;College_Creek;Two_Story;Average;Average;2005;2005;VinylSd;VinylSd;GasA;Excellent;Y;SBrkr;768;768;0;1536;0;0;2;1;3;1;Good;6;0;No_Fireplace;Attchd;2;400;Typical;Typical;Paved;6;2007;167000
Residential_Low_Density;60;10200;Pave;Regular;AllPub;Inside;Sawyer;One_Story;Average;Very_Good;1940;1997;Wd Sdng;Wd Sdng;GasA;Excellent;Y;SBrkr;672;0;0;672;0;0;1;0;2;1;Typical;4;0;No_Fireplace;Detchd;1;240;Typical;Typical;Dirt_Gravel;8;2008;108000
Residential_Low_Density;60;7500;Pave;Regular;AllPub;Inside;Gilbert;Two_Story;Above_Average;Average;1998;1999;VinylSd;VinylSd;GasA;Good;Y;SBrkr;952;684;0;1636;1;0;2;1;3;1;Typical;7;1;Typical;Attchd;2;440;Typical;Typical;Paved;10;2009;191000
Residential_Medium_Density;32;4500;Pave;Regular;AllPub;FR2;Mitchell;One_Story;Above_Average;Average;1998;1998;VinylSd;VinylSd;GasA;Excellent;Y;SBrkr;1337;0;0;1337;1;0;2;0;2;1;Typical;5;0;No_Fireplace;Attchd;2;405;Typical;Typical;Paved;3;2006;153500
Residential_Medium_Density;35;3675;Pave;Regular;AllPub;Inside;Edwards;SFoyer;Above_Average;Average;2005;2006;VinylSd;VinylSd;GasA;Good;Y;SBrkr;1072;0;0;1072;1;0;1;0;2;1;Typical;5;0;No_Fireplace;Basment;2;525;Typical;Typical;Paved;10;2006;142500
Residential_Low_Density;99;11851;Pave;Regular;AllPub;Corner;Gilbert;One_Story;Good;Average;1990;1990;HdBoard;HdBoard;GasA;Excellent;Y;SBrkr;1442;0;0;1442;0;0;2;0;3;1;Typical;5;0;No_Fireplace;Attchd;2;500;Typical;Typical;Paved;5;2009;180500
Residential_Low_Density;80;9600;Pave;Regular;AllPub;FR2;Veenker;One_Story;Above_Average;Very_Good;1976;1976;MetalSd;MetalSd;GasA;Excellent;Y;SBrkr;1262;0;0;1262;0;1;2;0;3;1;Typical;6;1;Typical;Attchd;2;460;Typical;Typical;Paved;5;2007;181500
Residential_Low_Density;0;8499;Pave;Slightly_Irregular;AllPub;Corner;Sawyer;One_Story;Average;Above_Average;1961;1961;MetalSd;MetalSd;GasA;Excellent;Y;SBrkr;864;0;0;864;1;0;1;0;3;1;Typical;5;0;No_Fireplace;Detchd;2;732;Typical;Typical;Paved;6;2009;141000
Residential_Medium_Density;50;6000;Pave;Regular;AllPub;Inside;Brookside;One_and_Half_Unf;Above_Average;Good;1926;2004;Wd Sdng;Wd Sdng;GasA;Good;Y;SBrkr;904;0;0;904;0;0;1;0;2;1;Typical;4;0;No_Fireplace;Detchd;1;180;Typical;Typical;Paved;1;2009;119000
Residential_Low_Density;80;8480;Pave;Regular;AllPub;Inside;North_Ames;One_and_Half_Fin;Average;Average;1947;1950;MetalSd;MetalSd;GasA;Typical;Y;SBrkr;832;384;0;1216;0;0;1;0;2;1;Typical;6;0;No_Fireplace;Detchd;1;336;Typical;Typical;Paved;10;2008;118500
Residential_Low_Density;64;7018;Pave;Regular;AllPub;Inside;Sawyer_West;SFoyer;Average;Average;1979;1979;Plywood;Plywood;GasA;Typical;Y;SBrkr;1224;0;0;1224;2;0;0;2;2;2;Typical;6;2;Typical;Detchd;2;528;Typical;Typical;Paved;6;2009;153337
Residential_Low_Density;85;11900;Pave;Regular;AllPub;Inside;Northwest_Ames;One_Story;Good;Average;1977;1977;Plywood;Plywood;GasA;Typical;Y;SBrkr;1411;0;0;1411;0;0;2;0;3;1;Typical;6;1;Typical;Attchd;2;544;Typical;Typical;Paved;4;2009;82500
Residential_Low_Density;53;8128;Pave;Slightly_Irregular;AllPub;CulDSac;North_Ames;One_Story;Above_Average;Good;1954;1954;MetalSd;MetalSd;GasA;Good;Y;SBrkr;1062;0;0;1062;1;0;1;0;3;1;Typical;6;0;No_Fireplace;Attchd;1;297;Typical;Typical;Paved;2;2009;131000
Residential_Low_Density;68;8935;Pave;Slightly_Irregular;AllPub;Inside;College_Creek;Two_Story;Good;Average;2002;2002;VinylSd;VinylSd;GasA;Excellent;Y;SBrkr;831;829;0;1660;0;0;2;1;3;1;Good;7;0;No_Fireplace;Attchd;2;493;Typical;Typical;Paved;7;2009;195000
Residential_Medium_Density;0;3072;Pave;Regular;AllPub;Inside;Bloomington_Heights;One_Story;Good;Average;2004;2004;VinylSd;VinylSd;GasA;Excellent;Y;SBrkr;1414;0;0;1414;0;0;2;0;2;1;Good;6;1;Typical;Attchd;2;398;Typical;Typical;Paved;5;2006;178740
Residential_Low_Density;60;10284;Pave;Regular;AllPub;Corner;Old_Town;One_and_Half_Fin;Below_Average;Good;1925;1993;MetalSd;MetalSd;GasA;Excellent;Y;SBrkr;845;436;0;1281;1;0;2;0;1;1;Typical;6;0;No_Fireplace;Detchd;2;580;Typical;Typical;Paved;8;2007;128500
Residential_Low_Density;0;7540;Pave;Slightly_Irregular;AllPub;CulDSac;Mitchell;SFoyer;Above_Average;Above_Average;1978;1978;VinylSd;VinylSd;GasA;Excellent;Y;SBrkr;912;0;0;912;1;0;1;0;2;1;Typical;5;1;Typical;Attchd;2;470;Typical;Typical;Paved;6;2007;156000
Residential_Low_Density;98;8731;Pave;Slightly_Irregular;AllPub;Inside;Brookside;One_Story;Average;Average;1920;1950;Stucco;Stucco;GasA;Typical;Y;SBrkr;1167;0;0;1167;0;0;1;0;3;1;Typical;6;1;Good;Detchd;2;495;Typical;Typical;Paved;5;2007;144000
C_all;66;8712;Pave;Regular;AllPub;Inside;Iowa_DOT_and_Rail_Road;One_and_Half_Fin;Below_Average;Good;1900;1950;MetalSd;MetalSd;GasA;Good;Y;SBrkr;859;319;0;1178;0;0;1;0;2;1;Typical;7;0;No_Fireplace;Detchd;1;384;Typical;Typical;Dirt_Gravel;1;2010;102776
Residential_Medium_Density;44;3842;Pave;Slightly_Irregular;AllPub;Inside;Crawford;One_Story;Very_Good;Average;2004;2005;CemntBd;CmentBd;GasA;Excellent;Y;SBrkr;1646;0;0;1646;1;1;2;0;2;1;Good;5;1;Good;Attchd;2;482;Typical;Typical;Paved;1;2008;275000
Residential_Low_Density;64;8991;Pave;Slightly_Irregular;AllPub;CulDSac;Northwest_Ames;SLvl;Good;Above_Average;1976;1976;Plywood;Plywood;GasA;Typical;Y;SBrkr;1324;0;0;1324;0;1;2;0;3;1;Good;5;1;Fair;Attchd;2;585;Typical;Typical;Paved;2;2007;174000
Residential_Low_Density;55;7892;Pave;Regular;AllPub;Inside;Sawyer_West;One_Story;Above_Average;Average;1979;1979;Plywood;Plywood;GasA;Typical;Y;SBrkr;918;0;0;918;0;0;2;0;2;1;Typical;5;1;Typical;Attchd;1;264;Typical;Typical;Paved;4;2010;99500
Residential_Low_Density;60;7230;Pave;Regular;AllPub;Inside;Crawford;Two_and_Half_Unf;Good;Good;1927;1992;VinylSd;VinylSd;GasA;Good;Y;SBrkr;867;851;0;1718;0;0;2;1;4;1;Good;8;1;Typical;Detchd;2;264;Typical;Typical;Paved;10;2007;238000
Residential_Low_Density;70;9100;Pave;Regular;AllPub;Inside;Sawyer;One_Story;Average;Average;1963;1963;Wd Sdng;Wd Sdng;GasA;Typical;Y;SBrkr;984;0;0;984;1;0;1;0;3;1;Typical;5;1;Typical;Attchd;1;384;Typical;Typical;Paved;8;2008;128000
Residential_Low_Density;120;19296;Pave;Regular;AllPub;Corner;North_Ames;SLvl;Above_Average;Average;1962;1962;Wd Sdng;Wd Sdng;GasA;Typical;Y;SBrkr;1382;0;0;1382;1;0;1;0;3;1;Typical;6;1;Typical;Attchd;2;884;Typical;Typical;Paved;5;2009;176000
Residential_Low_Density;99;7094;Pave;Slightly_Irregular;AllPub;Inside;Sawyer;One_Story;Average;Average;1966;1966;VinylSd;VinylSd;GasA;Typical;Y;SBrkr;894;0;0;894;0;0;1;0;3;1;Typical;5;0;No_Fireplace;Detchd;1;384;Typical;Typical;Paved;5;2007;125000
Residential_Low_Density;70;9109;Pave;Regular;AllPub;Inside;Sawyer_West;Two_Story;Good;Average;1994;1994;VinylSd;VinylSd;GasA;Excellent;Y;SBrkr;754;786;0;1540;1;0;2;1;3;1;Good;6;0;No_Fireplace;Attchd;2;495;Typical;Typical;Paved;10;2009;184000
Residential_Low_Density;57;8280;Pave;Slightly_Irregular;AllPub;Inside;North_Ames;One_Story;Above_Average;Average;1950;1950;BrkFace;BrkFace;GasA;Excellent;Y;FuseA;932;0;0;932;0;0;1;0;2;1;Good;4;1;Good;Attchd;1;306;Typical;Typical;Paved;11;2007;124000
Residential_Medium_Density;75;6000;Pave;Regular;AllPub;Inside;Iowa_DOT_and_Rail_Road;SLvl;Average;Average;1967;1967;HdBoard;Plywood;GasA;Excellent;Y;SBrkr;1092;564;0;1656;0;0;1;1;3;1;Typical;7;1;Poor;Attchd;1;288;Typical;Typical;Paved;7;2008;126000
Residential_Low_Density;46;20544;Pave;Slightly_Irregular;AllPub;CulDSac;Northwest_Ames;Two_Story;Good;Above_Average;1986;1991;Plywood;Plywood;GasA;Good;Y;SBrkr;1236;857;0;2093;0;0;2;1;3;1;Typical;7;1;Typical;Attchd;2;542;Typical;Typical;Paved;11;2008;215000
Residential_Low_Density;0;11616;Pave;Slightly_Irregular;AllPub;CulDSac;Sawyer;Two_Story;Above_Average;Average;1978;1978;HdBoard;HdBoard;GasA;Typical;Y;SBrkr;672;714;0;1386;0;0;2;1;3;1;Typical;6;1;Typical;Attchd;2;440;Typical;Typical;Paved;4;2010;158900
Residential_Low_Density;39;5389;Pave;Slightly_Irregular;AllPub;Inside;Stone_Brook;One_Story;Very_Good;Average;1995;1996;CemntBd;CmentBd;GasA;Excellent;Y;SBrkr;1616;0;0;1616;1;0;2;0;2;1;Good;5;1;Typical;Attchd;2;608;Typical;Typical;Paved;3;2010;236500
Residential_Low_Density;80;8000;Pave;Regular;AllPub;Inside;North_Ames;One_Story;Average;Average;1962;1962;BrkFace;MetalSd;GasA;Typical;Y;SBrkr;1027;0;0;1027;0;1;1;0;3;1;Typical;6;0;No_Fireplace;Attchd;1;299;Typical;Typical;Paved;11;2008;125900
Residential_Low_Density;60;10122;Pave;Regular;AllPub;Inside;Old_Town;One_Story;Below_Average;Above_Average;1948;1950;MetalSd;MetalSd;GasA;Typical;N;SBrkr;869;0;0;869;0;0;1;0;1;1;Typical;3;0;No_Fireplace;Detchd;1;390;Fair;Typical;Dirt_Gravel;8;2008;89900
Residential_Low_Density;78;9262;Pave;Regular;AllPub;Inside;Somerset;One_Story;Very_Good;Average;2008;2009;CemntBd;CmentBd;GasA;Excellent;Y;SBrkr;1578;0;0;1578;0;0;2;0;3;1;Excellent;7;1;Good;Attchd;3;840;Typical;Typical;Paved;5;2009;287090
Residential_Low_Density;71;9254;Pave;Slightly_Irregular;AllPub;Inside;Northridge_Heights;One_Story;Very_Good;Average;2005;2005;VinylSd;VinylSd;GasA;Excellent;Y;SBrkr;1721;0;0;1721;1;0;2;0;3;1;Good;7;0;No_Fireplace;Attchd;2;554;Typical;Typical;Paved;1;2007;232698
Residential_Low_Density;50;6723;Pave;Regular;AllPub;Inside;Mitchell;SFoyer;Average;Good;1971;1971;Wd Sdng;HdBoard;GasA;Typical;Y;SBrkr;796;0;0;796;0;1;1;0;2;1;Typical;5;0;No_Fireplace;No_Garage;0;0;No_Garage;No_Garage;Paved;9;2007;138000
Residential_Low_Density;74;8856;Pave;Regular;AllPub;Inside;North_Ames;One_Story;Average;Below_Average;1957;1957;Wd Sdng;Wd Sdng;GasA;Typical;Y;SBrkr;1176;0;0;1176;1;0;1;0;3;1;Typical;6;2;Good;Attchd;1;292;Typical;Typical;Paved;5;2008;136500
Residential_Low_Density;60;5400;Pave;Regular;AllPub;Corner;Old_Town;One_Story;Average;Above_Average;1921;1968;MetalSd;MetalSd;GasA;Excellent;Y;SBrkr;1073;0;0;1073;0;0;1;0;2;1;Typical;4;0;No_Fireplace;Detchd;1;326;Typical;Typical;Paved;12;2006;108480
Residential_Medium_Density;52;6240;Pave;Regular;AllPub;Inside;Brookside;One_and_Half_Fin;Below_Average;Good;1929;1950;MetalSd;MetalSd;GasA;Excellent;Y;SBrkr;624;512;0;1136;0;1;1;0;2;1;Typical;6;0;No_Fireplace;Detchd;1;336;Typical;Typical;Paved;8;2008;123000
Residential_Low_Density;70;8462;Pave;Slightly_Irregular;AllPub;Inside;Sawyer_West;Two_Story;Above_Average;Average;1994;1994;HdBoard;HdBoard;GasA;Excellent;Y;SBrkr;936;785;0;1721;0;1;2;1;3;1;Good;7;0;No_Fireplace;Attchd;2;471;Typical;Typical;Paved;7;2007;201000
Residential_Low_Density;77;9278;Pave;Regular;AllPub;FR2;Mitchell;One_Story;Average;Average;2007;2008;VinylSd;VinylSd;GasA;Excellent;Y;SBrkr;1092;0;0;1092;0;0;1;0;2;1;Typical;5;0;No_Fireplace;No_Garage;0;0;No_Garage;No_Garage;Paved;2;2008;146000
Residential_Low_Density;63;7500;Pave;Regular;AllPub;Inside;Sawyer_West;One_Story;Above_Average;Average;2004;2004;VinylSd;VinylSd;GasA;Excellent;Y;SBrkr;1158;0;0;1158;0;0;1;1;3;1;Good;5;0;No_Fireplace;No_Garage;0;0;No_Garage;No_Garage;Paved;8;2009;143500
Residential_Low_Density;68;10769;Pave;Slightly_Irregular;AllPub;Inside;College_Creek;Two_Story;Very_Good;Average;2007;2007;VinylSd;VinylSd;GasA;Excellent;Y;SBrkr;866;902;0;1768;0;0;2;1;3;1;Good;7;0;No_Fireplace;Attchd;2;578;Typical;Typical;Paved;4;2009;212000
Residential_Low_Density;50;4280;Pave;Slightly_Irregular;AllPub;Inside;Sawyer;One_Story;Below_Average;Excellent;1946;2001;MetalSd;MetalSd;GasA;Excellent;Y;FuseA;704;0;0;704;0;1;1;0;2;1;Fair;4;0;No_Fireplace;CarPort;1;220;Typical;Typical;Paved;9;2009;88750
Residential_Low_Density;80;17400;Pave;Regular;AllPub;Inside;Mitchell;One_Story;Average;Average;1977;1977;BrkFace;BrkFace;GasA;Fair;Y;SBrkr;1126;0;0;1126;1;0;2;0;3;1;Typical;5;1;Good;Attchd;2;484;Typical;Typical;Partial_Pavement;5;2006;160000
Residential_Low_Density;42;10385;Pave;Slightly_Irregular;AllPub;CulDSac;College_Creek;SLvl;Above_Average;Above_Average;1978;1978;HdBoard;HdBoard;GasA;Typical;Y;SBrkr;1282;0;0;1282;0;1;2;0;3;1;Typical;6;0;No_Fireplace;Detchd;3;672;Fair;Typical;Paved;4;2006;174000
Residential_Low_Density;56;8872;Pave;Slightly_Irregular;AllPub;Inside;Gilbert;SLvl;Above_Average;Average;1997;1997;VinylSd;VinylSd;GasA;Good;Y;SBrkr;754;630;0;1384;0;0;2;1;3;1;Typical;7;1;Typical;BuiltIn;2;390;Typical;Typical;Paved;3;2007;161500
Residential_Medium_Density;0;1974;Pave;Regular;AllPub;Inside;Meadow_Village;Two_Story;Below_Average;Average;1973;1973;CemntBd;CmentBd;GasA;Typical;Y;SBrkr;546;546;0;1092;0;0;1;1;3;1;Typical;6;0;No_Fireplace;Attchd;1;286;Typical;Typical;Paved;5;2010;83500
Residential_Low_Density;82;14235;Pave;Slightly_Irregular;AllPub;Inside;Sawyer_West;One_and_Half_Fin;Above_Average;Very_Good;1900;1993;Wd Sdng;Plywood;GasA;Typical;Y;SBrkr;831;614;0;1445;0;0;2;0;3;1;Typical;6;0;No_Fireplace;Detchd;2;484;Typical;Typical;Dirt_Gravel;3;2010;138500
Residential_Low_Density;70;8521;Pave;Regular;AllPub;FR2;Sawyer;One_Story;Average;Average;1967;1967;HdBoard;HdBoard;GasA;Typical;Y;SBrkr;912;0;0;912;0;0;1;0;3;1;Typical;5;1;Fair;Detchd;1;336;Typical;Typical;Paved;5;2010;125000
Residential_Low_Density;75;9525;Pave;Regular;AllPub;Inside;Edwards;One_and_Half_Fin;Above_Average;Average;1953;1953;MetalSd;MetalSd;GasA;Typical;Y;SBrkr;1068;541;0;1609;0;0;1;1;5;1;Typical;7;0;No_Fireplace;Attchd;1;305;Fair;Typical;Paved;7;2006;149900
Residential_Low_Density;80;8146;Pave;Regular;AllPub;Corner;Old_Town;Two_Story;Below_Average;Very_Good;1900;2003;MetalSd;MetalSd;GasA;Good;Y;SBrkr;717;322;0;1039;0;0;1;0;2;1;Typical;6;0;No_Fireplace;Detchd;1;281;Typical;Typical;Dirt_Gravel;5;2009;114000
Residential_Low_Density;103;11175;Pave;Slightly_Irregular;AllPub;Corner;College_Creek;One_Story;Good;Average;2007;2007;VinylSd;VinylSd;GasA;Excellent;Y;SBrkr;1316;0;0;1316;0;0;2;0;3;1;Good;6;1;Good;Attchd;2;440;Typical;Typical;Paved;10;2007;200141
Residential_Low_Density;0;9572;Pave;Slightly_Irregular;AllPub;Inside;Northridge;Two_Story;Very_Good;Average;1990;1990;Wd Sdng;Wd Sdng;GasA;Excellent;Y;SBrkr;1453;1357;0;2810;0;0;2;1;4;1;Good;9;1;Excellent;Attchd;2;750;Good;Good;Paved;6;2007;302000
Residential_Low_Density;65;12438;Pave;Slightly_Irregular;AllPub;Inside;College_Creek;Two_Story;Above_Average;Average;1995;1995;VinylSd;VinylSd;GasA;Excellent;Y;SBrkr;795;704;0;1499;0;0;2;1;3;1;Good;6;1;Typical;Attchd;2;473;Typical;Typical;Paved;8;2006;187000
Residential_Low_Density;60;8123;Pave;Slightly_Irregular;AllPub;Inside;Gilbert;Two_Story;Above_Average;Average;2000;2000;VinylSd;VinylSd;GasA;Excellent;Y;SBrkr;1007;793;0;1800;0;0;2;1;3;1;Typical;7;1;Typical;Attchd;2;463;Typical;Typical;Paved;6;2009;179000
Residential_Low_Density;80;10421;Pave;Regular;AllPub;Inside;Northwest_Ames;Two_Story;Good;Average;1988;1988;HdBoard;HdBoard;GasA;Typical;Y;SBrkr;980;734;0;1714;0;0;2;1;3;1;Typical;7;1;Typical;Attchd;2;496;Typical;Typical;Paved;3;2010;196500
Residential_Low_Density;85;13143;Pave;Slightly_Irregular;AllPub;Inside;Northridge;Two_Story;Very_Good;Average;1993;1993;HdBoard;ImStucc;GasA;Excellent;Y;SBrkr;1251;1098;0;2349;1;0;2;1;4;1;Good;9;1;Typical;Attchd;3;762;Typical;Typical;Paved;6;2010;362500
Residential_Low_Density;0;17600;Pave;Slightly_Irregular;AllPub;Inside;North_Ames;One_Story;Above_Average;Average;1960;1960;Wd Sdng;Wd Sdng;GasA;Excellent;Y;FuseA;1478;0;0;1478;1;0;2;0;3;1;Typical;6;2;Good;Attchd;2;498;Typical;Typical;Paved;12;2009;157500
Residential_Low_Density;80;9600;Pave;Regular;AllPub;Inside;North_Ames;One_Story;Average;Above_Average;1961;1990;WdShing;Wd Shng;GasA;Typical;Y;SBrkr;1433;0;0;1433;1;0;1;0;3;1;Typical;7;1;Good;Attchd;2;441;Typical;Typical;Paved;6;2006;161000
Residential_Low_Density;0;3621;Pave;Regular;AllPub;Inside;Bloomington_Heights;One_Story;Very_Good;Average;2003;2003;VinylSd;VinylSd;GasA;Excellent;Y;SBrkr;1589;0;0;1589;1;0;2;0;2;1;Good;7;1;Typical;Attchd;3;630;Typical;Typical;Paved;11;2007;226500
Residential_Low_Density;80;9600;Pave;Regular;AllPub;Inside;North_Ames;One_Story;Average;Average;1967;1967;HdBoard;HdBoard;GasA;Typical;Y;SBrkr;1568;0;0;1568;0;0;1;1;3;1;Typical;7;0;No_Fireplace;Attchd;2;440;Typical;Typical;Paved;3;2009;143000
Residential_Low_Density;50;4882;Pave;Slightly_Irregular;AllPub;Inside;Brookside;Two_Story;Below_Average;Good;1937;1950;MetalSd;MetalSd;GasA;Typical;Y;SBrkr;453;453;0;906;0;0;1;0;2;1;Typical;5;0;No_Fireplace;Basment;1;231;Fair;Typical;Paved;9;2008;87000
Floating_Village_Residential;72;8640;Pave;Regular;AllPub;Inside;Somerset;One_Story;Very_Good;Average;2007;2007;VinylSd;VinylSd;GasA;Excellent;Y;SBrkr;1338;0;0;1338;0;0;2;0;3;1;Good;6;0;No_Fireplace;Attchd;2;598;Typical;Typical;Paved;11;2007;208900
Residential_Low_Density;65;6012;Pave;Regular;AllPub;Corner;Edwards;One_Story;Below_Average;Average;1955;1955;AsbShng;Plywood;GasA;Typical;N;SBrkr;1152;0;0;1152;0;0;2;0;2;2;Typical;6;0;No_Fireplace;No_Garage;0;0;No_Garage;No_Garage;Dirt_Gravel;6;2008;82000
Residential_Low_Density;0;8174;Pave;Slightly_Irregular;AllPub;Inside;Gilbert;Two_Story;Good;Average;2003;2003;VinylSd;VinylSd;GasA;Excellent;Y;SBrkr;698;644;0;1342;1;0;2;1;3;1;Good;7;1;Typical;Attchd;2;393;Typical;Typical;Paved;5;2009;178000
Residential_Low_Density;90;18261;Pave;Slightly_Irregular;AllPub;Inside;Stone_Brook;One_Story;Excellent;Average;2005;2005;VinylSd;VinylSd;GasA;Excellent;Y;SBrkr;2000;0;0;2000;1;0;2;1;3;1;Excellent;8;2;Good;Attchd;3;722;Typical;Typical;Paved;9;2006;470000
Residential_Low_Density;60;8172;Pave;Regular;AllPub;Inside;Edwards;One_Story;Average;Good;1955;1990;WdShing;Plywood;GasA;Typical;Y;SBrkr;864;0;0;864;1;0;1;0;2;1;Typical;5;0;No_Fireplace;Detchd;2;572;Typical;Typical;Dirt_Gravel;4;2006;115000
Residential_Low_Density;61;9734;Pave;Slightly_Irregular;AllPub;Inside;Gilbert;SLvl;Good;Average;2004;2004;VinylSd;VinylSd;GasA;Excellent;Y;SBrkr;744;630;0;1374;0;0;2;1;3;1;Good;7;0;No_Fireplace;BuiltIn;2;400;Typical;Typical;Paved;5;2009;167000
Residential_Medium_Density;78;7020;Pave;Regular;AllPub;Inside;Mitchell;SFoyer;Good;Average;1997;1997;MetalSd;MetalSd;GasA;Good;Y;SBrkr;1368;0;0;1368;2;0;2;0;2;2;Typical;8;0;No_Fireplace;Attchd;4;784;Typical;Typical;Paved;11;2006;215000
Residential_Low_Density;95;12182;Pave;Regular;AllPub;Corner;Northridge_Heights;One_Story;Good;Average;2005;2005;VinylSd;VinylSd;GasA;Excellent;Y;SBrkr;1541;0;0;1541;0;0;2;0;3;1;Good;7;1;Good;Attchd;2;532;Typical;Typical;Paved;5;2010;220000
Residential_Low_Density;98;12256;Pave;Slightly_Irregular;AllPub;Corner;Northridge;Two_Story;Very_Good;Average;1994;1995;HdBoard;HdBoard;GasA;Excellent;Y;SBrkr;1500;1122;0;2622;1;0;2;1;3;1;Good;9;2;Typical;Attchd;2;712;Typical;Typical;Paved;4;2010;325000
Residential_Low_Density;0;11500;Pave;Slightly_Irregular;AllPub;CulDSac;Clear_Creek;One_Story;Above_Average;Above_Average;1966;1966;Plywood;Plywood;GasA;Excellent;Y;SBrkr;1643;0;0;1643;1;0;2;0;2;1;Typical;6;1;Good;Attchd;2;438;Typical;Typical;Paved;3;2008;195000
Residential_Medium_Density;99;5940;Pave;Slightly_Irregular;AllPub;FR3;Brookside;One_Story;Below_Average;Good;1946;1950;MetalSd;CBlock;GasA;Typical;Y;FuseA;896;0;0;896;0;0;1;0;2;1;Typical;4;0;No_Fireplace;Detchd;1;280;Typical;Typical;Paved;4;2008;79000
Residential_Low_Density;80;9600;Pave;Regular;AllPub;FR2;Veenker;SLvl;Very_Good;Average;1976;1976;Plywood;Plywood;GasA;Excellent;Y;SBrkr;1487;1012;0;2499;0;0;2;1;4;1;Typical;5;1;Good;Attchd;2;527;Typical;Typical;Paved;1;2009;180500
Residential_Low_Density;65;8450;Pave;Regular;AllPub;Inside;College_Creek;One_Story;Good;Average;2003;2003;VinylSd;VinylSd;GasA;Excellent;Y;SBrkr;1337;0;0;1337;1;0;2;0;3;1;Good;6;0;No_Fireplace;Attchd;2;531;Typical;Typical;Paved;10;2007;185000
Residential_Low_Density;81;12018;Pave;Slightly_Irregular;AllPub;Corner;Timberland;Two_Story;Good;Average;2008;2008;VinylSd;VinylSd;GasA;Excellent;Y;SBrkr;796;816;0;1612;0;0;2;1;3;1;Good;6;0;No_Fireplace;Attchd;3;666;Typical;Typical;Paved;10;2008;218689
Residential_Low_Density;45;8248;Pave;Regular;AllPub;Inside;Edwards;One_Story;Fair;Fair;1914;1950;Stucco;Stucco;GasA;Typical;N;FuseF;864;0;0;864;1;0;1;0;2;1;Typical;5;0;No_Fireplace;No_Garage;0;0;No_Garage;No_Garage;Dirt_Gravel;9;2008;67000
Residential_Low_Density;42;8433;Pave;Slightly_Irregular;AllPub;Inside;Gilbert;Two_Story;Above_Average;Average;2000;2000;VinylSd;VinylSd;GasA;Excellent;Y;SBrkr;819;695;0;1514;1;0;2;1;3;1;Typical;7;1;Typical;Attchd;2;394;Typical;Typical;Paved;6;2009;190000
Floating_Village_Residential;65;8125;Pave;Regular;AllPub;Inside;Somerset;Two_Story;Good;Above_Average;2007;2007;CemntBd;CmentBd;GasA;Excellent;Y;SBrkr;822;843;0;1665;0;0;2;1;3;1;Good;7;0;No_Fireplace;Attchd;2;562;Typical;Typical;Paved;5;2008;205950
Residential_Low_Density;0;13041;Pave;Moderately_Irregular;AllPub;Inside;Gilbert;Two_Story;Above_Average;Average;1995;1995;HdBoard;HdBoard;GasA;Good;Y;SBrkr;781;890;0;1671;0;0;2;1;3;1;Typical;7;1;Typical;Attchd;2;423;Typical;Typical;Paved;2;2006;170000
Residential_Low_Density;30;3701;Pave;Slightly_Irregular;AllPub;Inside;Stone_Brook;One_Story;Very_Good;Average;1987;1987;HdBoard;HdBoard;GasA;Typical;Y;SBrkr;1204;0;0;1204;0;0;2;0;2;1;Typical;5;0;No_Fireplace;Attchd;2;461;Typical;Typical;Paved;8;2006;130000
Residential_Low_Density;107;13891;Pave;Regular;AllPub;Inside;Northridge_Heights;One_Story;Very_Good;Average;2007;2008;VinylSd;VinylSd;GasA;Excellent;Y;SBrkr;1710;0;0;1710;1;0;2;0;2;1;Good;6;1;Good;Attchd;3;866;Typical;Typical;Paved;1;2008;372402
Residential_High_Density;33;4113;Pave;Slightly_Irregular;AllPub;Inside;North_Ames;One_Story;Above_Average;Average;2001;2001;MetalSd;MetalSd;GasA;Excellent;Y;SBrkr;1337;0;0;1337;0;0;2;0;2;1;Good;5;1;Typical;Attchd;2;511;Typical;Typical;Paved;7;2007;155000
Residential_Medium_Density;51;6120;Pave;Regular;AllPub;Corner;Brookside;One_and_Half_Fin;Average;Above_Average;1936;1950;Wd Sdng;Wd Sdng;GasA;Typical;Y;SBrkr;1067;472;0;1539;0;0;1;1;3;1;Typical;5;0;No_Fireplace;Detchd;2;576;Typical;Typical;Paved;4;2009;141500
Residential_Low_Density;60;10800;Pave;Regular;AllPub;Inside;Old_Town;One_Story;Below_Average;Above_Average;1927;2007;Wd Sdng;Wd Sdng;GasA;Typical;Y;SBrkr;968;0;0;968;0;0;2;0;4;1;Typical;5;0;No_Fireplace;Detchd;1;216;Fair;Fair;Paved;8;2007;64500
Residential_Low_Density;60;10800;Pave;Regular;AllPub;Corner;Old_Town;One_and_Half_Fin;Average;Below_Average;1900;1970;Wd Sdng;Wd Sdng;GasA;Typical;N;FuseA;1766;648;0;2414;0;0;2;0;3;2;Typical;10;1;Good;Attchd;2;520;Typical;Fair;Dirt_Gravel;5;2006;160000
Residential_Low_Density;44;5306;Pave;Slightly_Irregular;AllPub;Inside;Stone_Brook;Two_Story;Good;Good;1987;1987;HdBoard;HdBoard;GasA;Good;Y;SBrkr;1064;703;0;1767;1;0;2;0;2;1;Good;5;1;Typical;Attchd;2;504;Good;Typical;Paved;6;2006;239000
Residential_Low_Density;80;8892;Pave;Slightly_Irregular;AllPub;Inside;North_Ames;One_Story;Average;Average;1960;1960;MetalSd;MetalSd;GasA;Good;Y;SBrkr;1065;0;0;1065;0;0;1;1;3;1;Typical;6;0;No_Fireplace;Detchd;2;461;Typical;Typical;Paved;7;2007;126500
Residential_Low_Density;72;10152;Pave;Regular;AllPub;Inside;North_Ames;One_Story;Above_Average;Above_Average;1956;1994;Wd Sdng;Wd Sdng;GasA;Excellent;Y;SBrkr;1124;0;0;1124;1;0;1;0;3;1;Typical;6;1;Typical;Attchd;1;353;Typical;Typical;Paved;5;2006;153000
Residential_Low_Density;60;5400;Pave;Regular;AllPub;Corner;Old_Town;One_Story;Below_Average;Good;1940;2005;VinylSd;VinylSd;GasA;Good;Y;SBrkr;672;0;0;672;0;0;1;0;2;1;Typical;4;0;No_Fireplace;Detchd;1;308;Typical;Typical;Dirt_Gravel;7;2008;86900
Residential_Low_Density;42;4235;Pave;Regular;AllPub;Inside;Edwards;One_Story;Average;Average;1984;1984;HdBoard;HdBoard;GasA;Typical;Y;SBrkr;1049;0;0;1049;1;0;2;0;2;1;Good;5;0;No_Fireplace;Attchd;1;266;Typical;Typical;Paved;2;2009;139500
Residential_Low_Density;88;9680;Pave;Regular;AllPub;Inside;North_Ames;One_Story;Average;Above_Average;1967;1967;Wd Sdng;Plywood;GasA;Excellent;Y;SBrkr;1510;0;0;1510;1;0;2;0;3;1;Good;6;0;No_Fireplace;Attchd;2;517;Typical;Typical;Paved;4;2010;178900
Residential_Low_Density;58;10110;Pave;Slightly_Irregular;AllPub;Inside;Northridge_Heights;One_Story;Excellent;Average;2008;2008;MetalSd;MetalSd;GasA;Excellent;Y;SBrkr;1866;0;0;1866;1;0;2;0;2;1;Excellent;7;1;Good;Attchd;3;870;Typical;Typical;Paved;11;2008;336860
Floating_Village_Residential;35;4017;Pave;Slightly_Irregular;AllPub;Inside;Somerset;Two_Story;Good;Average;2006;2007;MetalSd;MetalSd;GasA;Excellent;Y;SBrkr;625;625;0;1250;0;0;2;1;2;1;Good;5;0;No_Fireplace;Detchd;2;625;Typical;Typical;Paved;3;2008;171900
Residential_Low_Density;52;9022;Pave;Regular;AllPub;Inside;Old_Town;One_Story;Average;Very_Good;1924;2006;VinylSd;VinylSd;GasA;Excellent;Y;SBrkr;792;0;0;792;0;0;1;0;2;1;Good;5;0;No_Fireplace;Detchd;1;240;Fair;Fair;Dirt_Gravel;5;2009;109500
Residential_Low_Density;63;7500;Pave;Regular;AllPub;Inside;Sawyer_West;One_Story;Good;Average;2006;2006;VinylSd;VinylSd;GasA;Excellent;Y;SBrkr;1143;0;0;1143;0;0;1;1;3;1;Good;5;0;No_Fireplace;No_Garage;0;0;No_Garage;No_Garage;Paved;10;2007;147000
Residential_Medium_Density;62;7404;Pave;Regular;AllPub;Corner;Old_Town;One_Story;Below_Average;Above_Average;1920;1950;MetalSd;MetalSd;GasA;Typical;Y;SBrkr;861;0;0;861;0;0;1;0;2;1;Typical;5;0;No_Fireplace;Detchd;2;288;Typical;Typical;Dirt_Gravel;11;2009;80000
Residential_Low_Density;0;8963;Pave;Slightly_Irregular;AllPub;Inside;Northwest_Ames;Two_Story;Very_Good;Excellent;1976;1996;VinylSd;VinylSd;GasA;Excellent;Y;SBrkr;1175;1540;0;2715;0;1;3;1;4;1;Good;11;2;Typical;BuiltIn;2;831;Typical;Typical;Paved;7;2008;299800
Residential_Low_Density;86;14598;Pave;Slightly_Irregular;AllPub;CulDSac;Somerset;Two_Story;Above_Average;Average;2007;2007;VinylSd;VinylSd;GasA;Excellent;Y;SBrkr;894;1039;0;1933;0;0;2;1;4;1;Good;9;1;Good;BuiltIn;3;668;Typical;Typical;Paved;1;2008;214000
Residential_Low_Density;85;10000;Pave;Regular;AllPub;Inside;Somerset;One_Story;Very_Good;Average;2006;2006;VinylSd;VinylSd;GasA;Excellent;Y;SBrkr;1588;0;0;1588;0;0;2;0;3;1;Good;7;1;Good;Attchd;3;825;Typical;Typical;Paved;12;2007;227000
Residential_Low_Density;82;11880;Pave;Slightly_Irregular;AllPub;Inside;Northwest_Ames;One_Story;Good;Average;1978;1978;Plywood;Plywood;GasA;Typical;Y;SBrkr;1601;0;0;1601;0;0;2;0;3;1;Typical;7;1;Typical;Attchd;2;478;Typical;Typical;Paved;4;2009;157000
Residential_Low_Density;80;10400;Pave;Regular;AllPub;Inside;Northwest_Ames;Two_Story;Good;Above_Average;1980;1988;HdBoard;HdBoard;GasA;Typical;Y;SBrkr;1277;767;0;2044;0;0;2;1;3;1;Typical;7;1;Typical;Attchd;2;489;Typical;Typical;Paved;3;2008;185000
Residential_Low_Density;90;9900;Pave;Regular;AllPub;Corner;North_Ames;One_Story;Average;Average;1961;1961;Plywood;Plywood;GasA;Typical;Y;SBrkr;1114;0;0;1114;1;0;1;0;3;1;Typical;5;0;No_Fireplace;Attchd;2;451;Typical;Typical;Paved;5;2008;140000
Residential_Low_Density;96;10542;Pave;Regular;AllPub;Inside;Northridge;Two_Story;Good;Average;1993;1994;Wd Sdng;ImStucc;GasA;Excellent;Y;SBrkr;1325;1093;0;2418;1;0;2;1;3;1;Good;9;1;Typical;Attchd;3;983;Typical;Typical;Paved;8;2008;341000
Residential_Low_Density;80;10721;Pave;Slightly_Irregular;AllPub;Inside;North_Ames;One_Story;Above_Average;Above_Average;1959;1959;HdBoard;HdBoard;GasA;Excellent;Y;SBrkr;1252;0;0;1252;0;0;1;0;3;1;Good;7;0;No_Fireplace;Detchd;2;528;Typical;Typical;Paved;10;2008;142000
Residential_Medium_Density;97;8940;Pave;Slightly_Irregular;AllPub;Corner;Mitchell;SFoyer;Good;Average;1997;1998;VinylSd;VinylSd;GasA;Excellent;Y;SBrkr;1344;0;0;1344;2;0;2;0;2;2;Typical;8;0;No_Fireplace;Attchd;4;784;Typical;Typical;Paved;11;2008;209200
Residential_Low_Density;0;11855;Pave;Regular;AllPub;Inside;Sawyer_West;Two_Story;Good;Average;2000;2000;VinylSd;VinylSd;GasA;Excellent;Y;SBrkr;1168;1619;0;2787;2;0;4;2;6;2;Typical;8;2;Typical;BuiltIn;4;820;Typical;Typical;Paved;10;2009;269500
Residential_Low_Density;0;12099;Pave;Slightly_Irregular;AllPub;Inside;North_Ames;One_and_Half_Fin;Average;Above_Average;1953;2004;MetalSd;MetalSd;GasA;Excellent;Y;SBrkr;1216;0;512;1728;1;0;1;0;3;1;Typical;7;1;Good;Attchd;1;371;Typical;Typical;Paved;6;2007;156000
Residential_Low_Density;45;9468;Pave;Moderately_Irregular;AllPub;CulDSac;College_Creek;Two_Story;Above_Average;Average;1999;1999;VinylSd;VinylSd;GasA;Excellent;Y;SBrkr;840;915;0;1755;1;0;2;1;3;1;Typical;7;1;Typical;Attchd;2;530;Typical;Typical;Paved;8;2006;214000
Residential_Low_Density;87;12361;Pave;Slightly_Irregular;AllPub;CulDSac;Sawyer_West;Two_Story;Above_Average;Good;1993;1993;VinylSd;VinylSd;GasA;Excellent;Y;SBrkr;964;838;0;1802;0;1;2;1;3;1;Good;8;1;Good;More_Than_Two_Types;4;1017;Typical;Typical;Paved;5;2010;218000
Residential_Low_Density;62;7984;Pave;Slightly_Irregular;AllPub;Inside;Gilbert;Two_Story;Good;Average;2004;2005;VinylSd;VinylSd;GasA;Excellent;Y;SBrkr;868;762;0;1630;0;0;2;1;3;1;Good;7;1;Good;BuiltIn;2;436;Typical;Typical;Paved;9;2009;189500
Floating_Village_Residential;85;10625;Pave;Regular;AllPub;Inside;Somerset;Two_Story;Good;Average;2005;2005;CemntBd;CmentBd;GasA;Excellent;Y;SBrkr;1026;932;0;1958;0;0;2;1;3;1;Good;9;1;Good;Attchd;3;936;Typical;Typical;Paved;7;2008;250000
Residential_Low_Density;70;9100;Pave;Regular;AllPub;Inside;Sawyer;One_Story;Average;Below_Average;1962;1962;Wd Sdng;Wd Sdng;GasA;Excellent;Y;SBrkr;988;0;0;988;1;0;1;0;3;1;Typical;6;0;No_Fireplace;Detchd;2;624;Typical;Typical;Paved;7;2006;129500
Residential_Low_Density;0;8010;Pave;Slightly_Irregular;AllPub;Inside;Gilbert;Two_Story;Good;Average;2002;2003;VinylSd;VinylSd;GasA;Excellent;Y;SBrkr;840;880;0;1720;0;0;2;1;3;1;Good;7;1;Good;BuiltIn;2;400;Typical;Typical;Paved;7;2008;188000
Residential_Low_Density;60;9144;Pave;Regular;AllPub;Inside;Brookside;One_and_Half_Fin;Above_Average;Below_Average;1915;2004;VinylSd;VinylSd;GasA;Excellent;Y;SBrkr;1170;546;0;1716;0;0;2;0;4;1;Good;8;0;No_Fireplace;Detchd;2;672;Typical;Typical;Paved;3;2008;162500
Floating_Village_Residential;75;7862;Pave;Slightly_Irregular;AllPub;Inside;Somerset;One_Story;Above_Average;Average;2009;2009;VinylSd;VinylSd;GasA;Excellent;Y;SBrkr;1218;0;0;1218;0;0;2;0;2;1;Good;4;0;No_Fireplace;Attchd;2;676;Typical;Typical;Paved;9;2009;208300
Residential_Low_Density;105;15431;Pave;Regular;AllPub;Inside;Northridge_Heights;One_Story;Very_Excellent;Average;2005;2006;VinylSd;VinylSd;GasA;Excellent;Y;SBrkr;2046;0;0;2046;1;0;2;1;2;1;Excellent;7;2;Good;Attchd;3;878;Typical;Typical;Paved;8;2007;450000
Residential_Low_Density;42;14892;Pave;Slightly_Irregular;AllPub;CulDSac;Gilbert;One_Story;Excellent;Average;2006;2007;VinylSd;VinylSd;GasA;Excellent;Y;SBrkr;1746;0;0;1746;1;0;2;0;3;1;Excellent;7;2;Good;Attchd;3;758;Typical;Typical;Paved;10;2009;377500
Residential_Low_Density;75;12508;Pave;Slightly_Irregular;AllPub;Inside;Mitchell;One_and_Half_Fin;Above_Average;Good;1940;1985;VinylSd;VinylSd;GasA;Excellent;Y;SBrkr;983;767;0;1750;1;0;2;0;4;1;Typical;7;0;No_Fireplace;Attchd;1;423;Typical;Typical;Paved;7;2008;160000
Residential_Low_Density;0;11000;Pave;Slightly_Irregular;AllPub;CulDSac;North_Ames;One_Story;Average;Above_Average;1966;1966;Plywood;Plywood;GasA;Excellent;Y;SBrkr;1154;0;0;1154;0;0;1;1;3;1;Typical;6;1;Poor;Attchd;2;480;Typical;Typical;Paved;11;2009;154000
Residential_Low_Density;0;9101;Pave;Slightly_Irregular;AllPub;Corner;Mitchell;SFoyer;Average;Above_Average;1978;1978;Plywood;Plywood;GasA;Excellent;Y;SBrkr;1110;0;0;1110;1;0;1;0;1;1;Good;4;1;Typical;Attchd;2;602;Typical;Typical;Paved;7;2009;165500
Residential_Low_Density;48;5911;Pave;Regular;AllPub;Inside;Northridge_Heights;One_Story;Excellent;Average;2005;2005;MetalSd;MetalSd;GasA;Excellent;Y;SBrkr;1565;0;0;1565;1;0;2;0;2;1;Excellent;6;1;Good;Attchd;2;556;Typical;Typical;Paved;3;2006;282500
Residential_Low_Density;55;7301;Pave;Slightly_Irregular;AllPub;Inside;Northridge_Heights;One_Story;Good;Above_Average;2007;2008;VinylSd;VinylSd;GasA;Excellent;Y;SBrkr;1358;0;0;1358;1;0;2;0;2;1;Good;6;1;Good;Attchd;2;484;Typical;Typical;Paved;11;2008;217300
Residential_Low_Density;88;15312;Pave;Regular;AllPub;Inside;Sawyer;SLvl;Above_Average;Average;1960;1960;Wd Sdng;Wd Sdng;GasA;Excellent;Y;SBrkr;1138;0;0;1138;0;1;1;0;3;1;Typical;6;1;Typical;Attchd;2;480;Typical;Typical;Paved;3;2009;148000
Residential_Low_Density;80;10800;Pave;Regular;AllPub;Inside;North_Ames;One_Story;Above_Average;Above_Average;1961;1992;HdBoard;HdBoard;GasA;Typical;Y;SBrkr;1773;0;0;1773;1;0;2;0;3;1;Typical;6;2;Typical;Attchd;2;418;Typical;Typical;Paved;8;2006;183000
Residential_Low_Density;58;8410;Pave;Regular;AllPub;FR2;Edwards;One_and_Half_Fin;Average;Fair;1910;1996;Wd Sdng;VinylSd;GasA;Typical;Y;SBrkr;658;526;0;1184;0;0;1;0;5;1;Typical;8;0;No_Fireplace;No_Garage;0;0;No_Garage;No_Garage;Dirt_Gravel;5;2006;81000
Residential_Low_Density;96;11631;Pave;Slightly_Irregular;AllPub;Corner;Gilbert;Two_Story;Very_Good;Average;2004;2005;VinylSd;VinylSd;GasA;Excellent;Y;SBrkr;1052;1321;0;2373;0;0;2;1;4;1;Good;9;1;Good;BuiltIn;3;632;Typical;Typical;Paved;6;2006;258000
Residential_Low_Density;80;10400;Pave;Regular;AllPub;Inside;Northwest_Ames;Two_Story;Above_Average;Average;1972;1972;VinylSd;VinylSd;GasA;Good;Y;SBrkr;1012;778;0;1790;1;0;1;2;4;1;Typical;8;1;Typical;Attchd;2;484;Typical;Typical;Paved;11;2006;165150
Residential_Low_Density;86;14157;Pave;Slightly_Irregular;AllPub;Corner;Stone_Brook;One_Story;Excellent;Average;2005;2006;VinylSd;VinylSd;GasA;Excellent;Y;SBrkr;1922;0;0;1922;1;0;2;0;3;1;Good;8;1;Good;Attchd;3;676;Typical;Typical;Paved;7;2007;377426
Residential_Low_Density;80;9938;Pave;Regular;AllPub;Inside;Sawyer_West;Two_Story;Good;Average;1993;1994;MetalSd;MetalSd;GasA;Excellent;Y;SBrkr;1062;887;0;1949;1;0;2;1;3;1;Good;8;1;Typical;Attchd;2;574;Typical;Typical;Paved;6;2010;236000
Residential_Low_Density;75;9750;Pave;Regular;AllPub;Inside;Northwest_Ames;One_Story;Average;Above_Average;1965;1965;MetalSd;MetalSd;GasA;Excellent;Y;SBrkr;1625;0;0;1625;0;0;2;0;4;2;Typical;8;0;No_Fireplace;Detchd;2;484;Typical;Typical;Paved;8;2008;140500
Residential_Low_Density;75;8700;Pave;Slightly_Irregular;AllPub;Inside;North_Ames;One_Story;Average;Good;1961;1961;HdBoard;HdBoard;GasA;Good;Y;SBrkr;888;0;0;888;0;1;1;0;3;1;Typical;5;0;No_Fireplace;Attchd;1;240;Typical;Typical;Paved;2;2007;120000
Residential_Low_Density;52;51974;Pave;Slightly_Irregular;AllPub;CulDSac;Stone_Brook;One_Story;Excellent;Average;2006;2007;VinylSd;VinylSd;GasA;Excellent;Y;SBrkr;2338;0;0;2338;1;0;2;1;4;1;Good;8;2;Good;Attchd;3;1110;Good;Typical;Paved;6;2007;591587
Residential_Medium_Density;121;17671;Pave;Regular;AllPub;Corner;Old_Town;Two_Story;Very_Good;Excellent;1882;1986;Wd Sdng;Wd Sdng;GasA;Good;Y;SBrkr;916;826;0;1742;0;0;1;1;4;1;Good;8;1;Good;Attchd;2;424;Typical;Typical;Partial_Pavement;11;2009;168000
Residential_Low_Density;44;9548;Pave;Slightly_Irregular;AllPub;CulDSac;College_Creek;Two_Story;Good;Above_Average;2003;2003;VinylSd;VinylSd;GasA;Excellent;Y;SBrkr;941;888;0;1829;1;0;2;1;3;1;Good;7;1;Typical;Attchd;2;613;Typical;Typical;Paved;1;2010;237000
Residential_Medium_Density;60;9600;Pave;Regular;AllPub;Inside;Old_Town;Two_Story;Good;Excellent;1928;2005;MetalSd;MetalSd;GasA;Excellent;Y;SBrkr;689;689;0;1378;0;0;2;0;3;1;Good;7;1;Good;Detchd;2;360;Typical;Typical;Dirt_Gravel;10;2008;161000
Residential_Low_Density;50;5000;Pave;Regular;AllPub;Inside;Brookside;One_Story;Very_Poor;Fair;1946;1950;VinylSd;VinylSd;GasA;Fair;N;FuseF;334;0;0;334;0;0;1;0;1;1;Fair;2;0;No_Fireplace;No_Garage;0;0;No_Garage;No_Garage;Dirt_Gravel;1;2007;39300
Residential_Low_Density;0;15387;Pave;Slightly_Irregular;AllPub;CulDSac;Northwest_Ames;One_Story;Good;Good;1967;1967;Plywood;Plywood;GasA;Excellent;Y;SBrkr;1620;0;0;1620;0;0;2;0;4;1;Good;8;1;Good;Attchd;2;578;Typical;Typical;Paved;8;2008;215000
Residential_Low_Density;85;12244;Pave;Regular;AllPub;Inside;Timberland;Two_Story;Very_Good;Average;2003;2003;VinylSd;VinylSd;GasA;Excellent;Y;SBrkr;1482;780;0;2262;1;0;2;1;4;1;Good;10;2;Good;Attchd;3;749;Typical;Typical;Paved;8;2008;305000
Residential_Low_Density;90;13377;Pave;Regular;AllPub;Corner;College_Creek;One_Story;Above_Average;Average;2006;2006;VinylSd;VinylSd;GasA;Good;Y;SBrkr;1846;0;0;1846;1;0;2;0;3;1;Good;7;1;Good;Attchd;2;495;Typical;Typical;Paved;7;2006;233555
Residential_Low_Density;58;14054;Pave;Slightly_Irregular;AllPub;Inside;Gilbert;Two_Story;Good;Average;2006;2006;VinylSd;VinylSd;GasA;Excellent;Y;SBrkr;879;984;0;1863;0;0;2;1;4;1;Good;9;1;Good;BuiltIn;3;660;Typical;Typical;Paved;11;2006;219210
Residential_Low_Density;63;4000;Pave;Regular;AllPub;Inside;Crawford;Two_Story;Good;Very_Good;1930;1995;Wd Sdng;Wd Sdng;GasA;Typical;Y;SBrkr;567;531;0;1098;1;0;1;0;2;1;Typical;5;1;Good;Detchd;1;216;Typical;Typical;Paved;6;2007;148500
Residential_Low_Density;69;9588;Pave;Slightly_Irregular;AllPub;Inside;College_Creek;Two_Story;Very_Good;Average;2007;2007;CemntBd;CmentBd;GasA;Excellent;Y;SBrkr;1482;1092;0;2574;0;0;2;1;3;1;Excellent;10;1;Good;BuiltIn;3;868;Typical;Typical;Paved;11;2007;276000
Residential_Low_Density;149;12589;Pave;Moderately_Irregular;AllPub;Inside;Gilbert;Two_Story;Above_Average;Average;2005;2005;VinylSd;VinylSd;GasA;Excellent;Y;SBrkr;742;742;0;1484;0;0;2;1;3;1;Good;8;1;Good;Attchd;2;390;Typical;Typical;Paved;6;2009;174000
Residential_Low_Density;0;9555;Pave;Slightly_Irregular;AllPub;CulDSac;Edwards;Two_Story;Average;Above_Average;1979;1979;Plywood;Plywood;GasA;Typical;Y;SBrkr;1100;1133;0;2233;0;0;2;1;5;2;Typical;11;0;No_Fireplace;Attchd;2;579;Typical;Good;Paved;2;2007;141000
Residential_Medium_Density;53;9863;Pave;Regular;AllPub;Inside;Old_Town;Two_Story;Above_Average;Above_Average;1927;1950;Wd Sdng;Wd Sdng;GasA;Typical;Y;SBrkr;914;728;0;1642;0;1;1;1;4;1;Typical;9;1;Good;Detchd;1;374;Typical;Typical;Paved;3;2007;145000
Residential_Low_Density;74;7400;Pave;Regular;AllPub;Corner;North_Ames;One_Story;Good;Above_Average;1962;1962;Wd Sdng;Wd Sdng;GasA;Good;Y;SBrkr;1045;0;0;1045;1;0;1;0;3;1;Typical;6;0;No_Fireplace;Detchd;2;528;Typical;Typical;Paved;3;2006;120000
Floating_Village_Residential;24;2280;Pave;Regular;AllPub;Inside;Somerset;Two_Story;Above_Average;Average;1999;1999;MetalSd;MetalSd;GasA;Good;Y;SBrkr;757;792;0;1549;1;0;2;1;3;1;Typical;6;0;No_Fireplace;Detchd;2;440;Typical;Typical;Paved;4;2008;172900
Residential_Low_Density;71;8220;Pave;Slightly_Irregular;AllPub;Inside;Gilbert;Two_Story;Good;Average;2000;2001;VinylSd;VinylSd;GasA;Excellent;Y;SBrkr;1008;884;0;1892;0;0;2;1;3;1;Typical;8;1;Typical;Attchd;2;431;Typical;Typical;Paved;7;2008;226750
Residential_Low_Density;44;7390;Pave;Slightly_Irregular;AllPub;Inside;Northridge_Heights;One_Story;Excellent;Average;2008;2009;MetalSd;MetalSd;GasA;Excellent;Y;SBrkr;1884;0;0;1884;1;0;2;0;2;1;Excellent;6;1;Good;Attchd;2;649;Typical;Typical;Paved;5;2009;320000
Residential_Low_Density;82;11643;Pave;Slightly_Irregular;AllPub;Inside;Northridge_Heights;Two_Story;Very_Good;Average;2005;2006;MetalSd;MetalSd;GasA;Excellent;Y;SBrkr;1544;814;0;2358;1;0;2;1;4;1;Excellent;10;1;Good;BuiltIn;3;784;Typical;Typical;Paved;8;2006;329900
Residential_Low_Density;63;8849;Pave;Slightly_Irregular;AllPub;Inside;Northridge_Heights;One_Story;Excellent;Average;2005;2005;MetalSd;MetalSd;GasA;Excellent;Y;SBrkr;1684;0;0;1684;0;0;2;0;2;1;Excellent;6;1;Excellent;Attchd;2;564;Typical;Typical;Paved;7;2008;266000
Residential_Medium_Density;50;5925;Pave;Regular;AllPub;Corner;Old_Town;One_Story;Poor;Below_Average;1940;1950;MetalSd;MetalSd;GasA;Fair;N;FuseA;612;0;0;612;0;0;1;0;1;1;Typical;4;0;No_Fireplace;Detchd;1;308;Typical;Fair;Dirt_Gravel;10;2009;45000
Residential_Low_Density;60;10410;Pave;Regular;AllPub;Inside;Old_Town;One_Story;Fair;Very_Good;1930;2001;VinylSd;VinylSd;GasA;Excellent;Y;SBrkr;713;0;0;713;0;0;1;0;2;1;Good;5;0;No_Fireplace;Detchd;1;371;Fair;Fair;Dirt_Gravel;10;2006;99800
Floating_Village_Residential;60;7200;Pave;Regular;AllPub;Inside;Somerset;One_Story;Above_Average;Average;2006;2006;VinylSd;VinylSd;GasA;Good;Y;SBrkr;1262;0;0;1262;0;0;2;0;2;1;Good;5;0;No_Fireplace;Attchd;2;572;Typical;Typical;Paved;5;2006;185000
Residential_Medium_Density;60;10320;Pave;Regular;AllPub;Inside;Iowa_DOT_and_Rail_Road;Two_Story;Above_Average;Good;1915;1965;MetalSd;MetalSd;GasA;Excellent;Y;FuseF;754;649;0;1403;1;0;1;1;3;1;Typical;7;0;No_Fireplace;Detchd;1;308;Typical;Typical;Paved;2;2009;116000
Residential_Low_Density;108;11358;Pave;Slightly_Irregular;AllPub;Corner;Northwest_Ames;One_Story;Good;Good;1972;1987;Wd Sdng;Wd Sdng;GasA;Typical;Y;SBrkr;1610;0;0;1610;0;0;2;0;3;1;Good;8;1;Typical;Attchd;2;515;Typical;Typical;Paved;5;2007;185000
Residential_Low_Density;98;12203;Pave;Slightly_Irregular;AllPub;Corner;Northridge;Two_Story;Very_Good;Average;1998;1999;VinylSd;VinylSd;GasA;Excellent;Y;SBrkr;1276;1336;0;2612;1;0;2;1;4;1;Good;8;1;Typical;Attchd;3;676;Typical;Typical;Paved;7;2009;336000
Residential_Low_Density;73;8993;Pave;Slightly_Irregular;AllPub;Inside;Gilbert;One_Story;Good;Average;2007;2007;VinylSd;VinylSd;GasA;Excellent;Y;SBrkr;1302;0;0;1302;0;0;2;0;3;1;Good;6;0;No_Fireplace;Attchd;2;436;Typical;Typical;Paved;8;2007;176485
Residential_Low_Density;70;7910;Pave;Regular;AllPub;Inside;North_Ames;SLvl;Average;Average;1960;1960;BrkFace;HdBoard;GasA;Good;Y;SBrkr;1507;0;0;1507;0;0;2;0;4;1;Typical;7;0;No_Fireplace;Basment;1;404;Typical;Typical;Paved;8;2008;127000
Residential_Low_Density;0;11553;Pave;Slightly_Irregular;AllPub;Inside;Sawyer;One_Story;Average;Average;1968;1968;Plywood;Plywood;GasA;Typical;Y;SBrkr;1159;0;0;1159;0;0;1;1;3;1;Typical;7;1;Fair;Attchd;1;336;Typical;Typical;Paved;7;2006;158000
Residential_Low_Density;0;14585;Pave;Slightly_Irregular;AllPub;CulDSac;North_Ames;One_Story;Above_Average;Above_Average;1960;1987;Wd Sdng;Wd Sdng;GasA;Excellent;Y;SBrkr;1429;0;0;1429;0;1;1;0;3;1;Good;7;2;Good;Attchd;2;572;Typical;Typical;Paved;6;2007;181900
Residential_Low_Density;75;9533;Pave;Regular;AllPub;Inside;North_Ames;One_Story;Average;Average;1953;1953;Wd Sdng;Wd Sdng;GasA;Typical;Y;FuseA;1210;0;0;1210;0;0;1;1;2;1;Typical;7;0;No_Fireplace;Attchd;1;616;Typical;Typical;Paved;8;2009;102900
Residential_Low_Density;106;12720;Pave;Regular;AllPub;Inside;Northridge_Heights;One_Story;Very_Excellent;Average;2003;2003;MetalSd;MetalSd;GasA;Excellent;Y;SBrkr;2470;0;0;2470;2;0;1;1;1;1;Excellent;7;2;Good;Attchd;3;789;Typical;Typical;Paved;2;2008;615000
Residential_Low_Density;0;11400;Pave;Regular;AllPub;Inside;Northridge;One_Story;Very_Excellent;Average;2001;2002;VinylSd;VinylSd;GasA;Excellent;Y;SBrkr;2633;0;0;2633;1;0;2;1;2;1;Excellent;8;2;Good;Attchd;3;804;Typical;Typical;Paved;3;2007;466500
Residential_Medium_Density;100;9045;Pave;Regular;AllPub;Inside;Old_Town;Two_Story;Average;Fair;1910;1950;MetalSd;MetalSd;Grav;Fair;N;FuseF;1128;1128;0;2256;0;0;2;0;4;2;Fair;12;0;No_Fireplace;No_Garage;0;0;No_Garage;No_Garage;Dirt_Gravel;6;2010;76500
Residential_Low_Density;72;7200;Pave;Regular;AllPub;Inside;Edwards;SLvl;Above_Average;Above_Average;1976;1976;MetalSd;MetalSd;GasA;Excellent;Y;SBrkr;1125;0;0;1125;1;0;1;0;3;1;Typical;6;1;Fair;Detchd;1;352;Typical;Typical;Paved;10;2009;125000
Residential_Low_Density;54;6342;Pave;Regular;AllPub;Inside;Sawyer;One_and_Half_Fin;Average;Very_Good;1875;1996;VinylSd;VinylSd;GasA;Good;N;SBrkr;780;240;0;1020;0;0;1;0;2;1;Typical;6;0;No_Fireplace;No_Garage;0;0;No_Garage;No_Garage;Dirt_Gravel;5;2010;94000
Residential_Low_Density;100;15602;Pave;Slightly_Irregular;AllPub;Inside;Crawford;One_Story;Good;Very_Good;1959;1997;BrkFace;Wd Sdng;GasA;Typical;Y;SBrkr;1801;0;0;1801;1;0;2;0;1;1;Typical;6;2;Typical;Attchd;2;484;Typical;Typical;Paved;3;2010;289000
Residential_Low_Density;44;13758;Pave;Slightly_Irregular;AllPub;CulDSac;Timberland;One_and_Half_Fin;Good;Average;1990;1991;HdBoard;HdBoard;GasA;Excellent;Y;SBrkr;1187;530;0;1717;0;0;2;1;3;1;Good;7;1;Typical;Attchd;2;400;Typical;Typical;Paved;4;2007;187500
Residential_Low_Density;90;9900;Pave;Regular;AllPub;Inside;North_Ames;One_Story;Above_Average;Average;1967;1967;BrkComm;Brk Cmn;GasA;Typical;Y;SBrkr;1691;0;0;1691;1;0;1;0;2;1;Typical;5;0;No_Fireplace;Attchd;2;550;Good;Typical;Paved;4;2009;175000
Residential_Medium_Density;24;2160;Pave;Regular;AllPub;Inside;Briardale;Two_Story;Average;Above_Average;1973;1973;HdBoard;HdBoard;GasA;Good;Y;SBrkr;765;600;0;1365;0;0;1;1;3;1;Good;7;1;Fair;Attchd;2;440;Typical;Typical;Paved;6;2006;125500
Residential_Low_Density;78;10335;Pave;Slightly_Irregular;AllPub;Inside;College_Creek;One_Story;Good;Average;1999;1999;VinylSd;VinylSd;GasA;Excellent;Y;SBrkr;1501;0;0;1501;1;0;2;0;3;1;Good;6;0;No_Fireplace;Attchd;2;577;Typical;Typical;Paved;6;2009;204000
Residential_Low_Density;91;10437;Pave;Slightly_Irregular;AllPub;Inside;Northridge;One_Story;Very_Good;Above_Average;1995;1995;MetalSd;MetalSd;GasA;Excellent;Y;SBrkr;2113;0;0;2113;1;0;2;1;2;1;Good;7;1;Typical;Attchd;3;839;Typical;Typical;Paved;8;2008;350000
Residential_Medium_Density;50;6000;Pave;Regular;AllPub;Inside;Old_Town;One_and_Half_Fin;Above_Average;Above_Average;1927;1950;MetalSd;MetalSd;GasA;Typical;Y;SBrkr;866;430;0;1296;0;0;1;0;3;1;Typical;6;0;No_Fireplace;Detchd;2;576;Typical;Typical;Paved;7;2007;127500
Residential_Low_Density;65;7150;Pave;Regular;AllPub;Inside;North_Ames;One_Story;Average;Above_Average;1966;1966;HdBoard;HdBoard;GasA;Typical;Y;SBrkr;988;0;0;988;1;0;1;0;3;1;Typical;5;0;No_Fireplace;Detchd;1;360;Typical;Typical;Paved;11;2007;129250
Residential_Low_Density;0;11354;Pave;Regular;AllPub;Inside;College_Creek;One_Story;Good;Average;2000;2000;VinylSd;VinylSd;GasA;Excellent;Y;SBrkr;1673;0;0;1673;1;0;2;0;3;1;Good;7;1;Typical;Attchd;2;583;Typical;Typical;Paved;1;2007;270000
Residential_Medium_Density;21;1533;Pave;Regular;AllPub;Inside;Meadow_Village;SFoyer;Average;Good;1970;1970;CemntBd;CmentBd;GasA;Excellent;Y;SBrkr;630;0;0;630;1;0;1;0;1;1;Excellent;3;0;No_Fireplace;No_Garage;0;0;No_Garage;No_Garage;Paved;8;2006;92000
Floating_Village_Residential;73;7321;Pave;Slightly_Irregular;AllPub;Inside;Somerset;One_Story;Good;Average;1999;2000;CemntBd;CmentBd;GasA;Excellent;Y;SBrkr;1358;0;0;1358;0;0;2;0;3;1;Good;5;0;No_Fireplace;Detchd;2;625;Typical;Typical;Paved;12;2007;204000
Residential_Low_Density;85;19645;Pave;Slightly_Irregular;AllPub;FR2;Crawford;SLvl;Good;Above_Average;1994;2007;VinylSd;VinylSd;GasA;Excellent;Y;SBrkr;896;756;0;1652;1;0;2;1;3;1;Good;6;0;No_Fireplace;BuiltIn;2;473;Typical;Typical;Paved;6;2010;203135
Residential_Low_Density;95;13618;Pave;Regular;AllPub;Corner;Timberland;One_Story;Very_Good;Average;2005;2006;VinylSd;VinylSd;GasA;Excellent;Y;SBrkr;1960;0;0;1960;1;0;2;0;3;1;Good;8;2;Good;Attchd;3;714;Typical;Typical;Paved;11;2006;320000
Residential_Low_Density;0;5062;Pave;Slightly_Irregular;AllPub;CulDSac;Stone_Brook;Two_Story;Good;Average;1984;1984;HdBoard;HdBoard;GasA;Good;Y;SBrkr;1190;900;0;2090;1;0;2;0;3;1;Good;6;1;Typical;Attchd;2;577;Typical;Typical;Paved;9;2007;207500
Residential_Low_Density;80;10197;Pave;Slightly_Irregular;AllPub;Inside;North_Ames;One_Story;Above_Average;Average;1961;1961;WdShing;Wd Shng;GasA;Typical;Y;SBrkr;1362;0;0;1362;1;0;1;1;3;1;Typical;6;1;Typical;Attchd;2;504;Typical;Typical;Paved;6;2008;163000
Residential_Low_Density;100;14330;Pave;Slightly_Irregular;AllPub;Corner;Veenker;SLvl;Good;Below_Average;1974;1974;WdShing;Wd Sdng;GasA;Good;Y;SBrkr;2151;495;0;2646;1;2;2;0;3;1;Good;9;4;Typical;Attchd;2;550;Typical;Typical;Paved;1;2006;260000
Residential_Low_Density;75;9825;Pave;Regular;AllPub;Inside;Edwards;One_Story;Average;Average;1965;1965;AsphShn;AsphShn;GasA;Typical;N;SBrkr;1664;0;0;1664;0;0;2;0;4;2;Typical;8;0;No_Fireplace;No_Garage;0;0;No_Garage;No_Garage;Paved;5;2010;100000
Residential_Low_Density;60;7200;Pave;Regular;AllPub;Inside;North_Ames;One_Story;Average;Very_Good;1950;2002;VinylSd;VinylSd;GasA;Good;Y;SBrkr;864;0;0;864;1;0;1;0;3;1;Good;5;0;No_Fireplace;Detchd;2;720;Typical;Typical;Paved;7;2007;129000
Residential_Medium_Density;21;1680;Pave;Regular;AllPub;Inside;Briardale;Two_Story;Above_Average;Good;1972;1972;HdBoard;HdBoard;GasA;Good;Y;SBrkr;672;546;0;1218;0;1;1;1;3;1;Typical;7;0;No_Fireplace;Detchd;1;264;Typical;Typical;Paved;5;2006;118000
Floating_Village_Residential;0;2403;Pave;Slightly_Irregular;AllPub;FR2;Somerset;Two_Story;Good;Average;2003;2003;VinylSd;VinylSd;GasA;Excellent;Y;SBrkr;530;550;0;1080;0;0;2;1;2;1;Good;4;0;No_Fireplace;Attchd;2;496;Typical;Typical;Paved;6;2010;147110
Residential_Low_Density;47;12416;Pave;Slightly_Irregular;AllPub;Inside;Timberland;One_Story;Above_Average;Average;1986;1986;VinylSd;Plywood;GasA;Typical;Y;SBrkr;1651;0;0;1651;1;0;2;0;3;1;Typical;7;1;Typical;Attchd;2;616;Typical;Typical;Paved;11;2008;184000
Residential_Low_Density;65;8125;Pave;Regular;AllPub;Inside;North_Ames;One_Story;Average;Good;1965;2005;HdBoard;HdBoard;GasA;Excellent;Y;SBrkr;925;0;0;925;1;0;1;0;3;1;Typical;5;0;No_Fireplace;Detchd;2;576;Typical;Typical;Paved;7;2008;135000
Residential_Low_Density;70;13300;Pave;Regular;AllPub;Inside;North_Ames;One_Story;Average;Average;1956;2001;Wd Sdng;VinylSd;GasA;Good;Y;SBrkr;1384;0;0;1384;1;0;1;0;2;1;Typical;6;0;No_Fireplace;Attchd;2;896;Typical;Typical;Paved;6;2006;159000
Residential_Medium_Density;60;9780;Pave;Regular;AllPub;Inside;Iowa_DOT_and_Rail_Road;Two_Story;Good;Excellent;1950;2005;VinylSd;VinylSd;GasA;Excellent;Y;SBrkr;976;976;0;1952;0;0;1;1;4;1;Good;8;2;Typical;Detchd;1;299;Typical;Typical;Paved;4;2007;212300
Residential_Low_Density;63;12680;Pave;Slightly_Irregular;AllPub;Inside;Northwest_Ames;One_Story;Good;Above_Average;1988;1988;Plywood;Wd Sdng;GasA;Excellent;Y;SBrkr;1688;0;0;1688;1;0;2;0;2;1;Excellent;6;1;Excellent;Attchd;2;528;Typical;Typical;Paved;6;2008;226500
Residential_Low_Density;99;13069;Pave;Slightly_Irregular;AllPub;Inside;Northridge_Heights;Two_Story;Very_Good;Average;2004;2004;VinylSd;VinylSd;GasA;Excellent;Y;SBrkr;1718;1238;0;2956;0;0;2;1;5;1;Excellent;11;1;Excellent;BuiltIn;3;916;Typical;Typical;Paved;8;2007;342000
Residential_Low_Density;0;13006;Pave;Slightly_Irregular;AllPub;Corner;Gilbert;Two_Story;Good;Average;1997;1997;HdBoard;HdBoard;GasA;Good;Y;SBrkr;993;1243;0;2236;0;0;2;1;4;1;Good;8;1;Typical;BuiltIn;2;642;Typical;Typical;Paved;11;2006;222000
Residential_Low_Density;47;6904;Pave;Slightly_Irregular;AllPub;Inside;Northridge_Heights;One_Story;Above_Average;Average;2005;2005;VinylSd;VinylSd;GasA;Excellent;Y;SBrkr;1358;0;0;1358;0;0;2;0;2;1;Good;6;1;Good;Attchd;2;484;Typical;Typical;Paved;8;2009;213000
Residential_Medium_Density;21;1596;Pave;Regular;AllPub;Inside;Meadow_Village;SLvl;Below_Average;Above_Average;1973;1973;CemntBd;CmentBd;GasA;Typical;Y;SBrkr;526;462;0;988;1;0;1;0;1;1;Typical;4;1;Poor;BuiltIn;1;297;Typical;Typical;Paved;7;2008;94900
Residential_Low_Density;110;14277;Pave;Regular;AllPub;Inside;Northridge_Heights;Two_Story;Very_Good;Average;2003;2003;VinylSd;VinylSd;GasA;Excellent;Y;SBrkr;1217;1168;0;2385;1;0;2;1;3;1;Good;7;1;Good;Attchd;3;818;Typical;Typical;Paved;1;2007;350000
Residential_Low_Density;42;4084;Pave;Slightly_Irregular;AllPub;Inside;Timberland;One_Story;Good;Above_Average;1986;1986;VinylSd;VinylSd;GasA;Good;Y;SBrkr;1501;0;0;1501;1;0;2;0;2;1;Good;6;1;Typical;Attchd;2;512;Typical;Typical;Paved;7;2008;241500
Residential_Low_Density;98;12704;Pave;Regular;AllPub;Inside;Northridge_Heights;One_Story;Very_Good;Average;2008;2009;VinylSd;VinylSd;GasA;Excellent;Y;SBrkr;2042;0;0;2042;0;0;2;1;3;1;Excellent;8;1;Good;Attchd;3;1390;Typical;Typical;Paved;8;2009;253293
Residential_Low_Density;90;5400;Pave;Regular;AllPub;Inside;Old_Town;One_Story;Poor;Average;1940;1950;Stucco;Stucco;GasA;Good;N;FuseA;599;0;0;599;1;0;1;0;2;1;Good;4;0;No_Fireplace;No_Garage;0;0;No_Garage;No_Garage;Dirt_Gravel;6;2009;59000
Residential_Medium_Density;51;6120;Pave;Regular;AllPub;Inside;Brookside;One_and_Half_Fin;Fair;Average;1930;1950;AsbShng;AsbShng;GasA;Excellent;Y;SBrkr;728;434;0;1162;1;0;1;0;3;1;Typical;6;0;No_Fireplace;Detchd;1;258;Fair;Poor;Paved;11;2006;75000
Residential_Medium_Density;50;6000;Pave;Regular;AllPub;Inside;Old_Town;One_Story;Average;Good;1955;1955;Wd Sdng;Wd Sdng;GasA;Typical;Y;FuseA;960;0;0;960;1;0;1;0;3;1;Typical;5;0;No_Fireplace;Detchd;2;576;Typical;Typical;Paved;6;2006;135500
Residential_Low_Density;60;7200;Pave;Regular;AllPub;Inside;North_Ames;One_Story;Average;Good;1950;1950;MetalSd;MetalSd;GasA;Typical;Y;SBrkr;988;0;0;988;0;0;1;0;3;1;Typical;6;0;No_Fireplace;Attchd;1;276;Typical;Typical;Paved;5;2007;119000
Residential_Medium_Density;50;7000;Pave;Regular;AllPub;Inside;Iowa_DOT_and_Rail_Road;One_and_Half_Fin;Above_Average;Good;1926;1950;MetalSd;MetalSd;GasA;Excellent;Y;SBrkr;861;424;0;1285;0;1;1;0;3;1;Typical;6;0;No_Fireplace;Detchd;2;506;Typical;Typical;Paved;5;2006;145400
Residential_Low_Density;85;10936;Pave;Regular;AllPub;Corner;Somerset;One_Story;Very_Good;Average;2006;2006;VinylSd;VinylSd;GasA;Excellent;Y;SBrkr;1504;0;0;1504;0;0;2;0;3;1;Good;7;0;No_Fireplace;Attchd;2;510;Typical;Typical;Paved;9;2006;199000
Residential_Low_Density;61;33983;Pave;Slightly_Irregular;AllPub;Inside;Mitchell;One_Story;Average;Above_Average;1977;1994;Plywood;Plywood;GasA;Typical;Y;SBrkr;1676;0;0;1676;1;0;1;1;3;1;Good;6;2;Typical;Attchd;2;672;Typical;Typical;Partial_Pavement;5;2007;196000
Residential_Low_Density;70;8163;Pave;Regular;AllPub;Inside;North_Ames;SLvl;Average;Above_Average;1959;1959;HdBoard;HdBoard;GasA;Typical;Y;SBrkr;1144;0;0;1144;1;0;1;0;3;1;Typical;6;1;Typical;Attchd;1;796;Typical;Typical;Paved;3;2006;143000
Residential_Low_Density;60;6600;Pave;Regular;AllPub;Inside;Mitchell;One_Story;Average;Excellent;1982;2008;VinylSd;VinylSd;GasA;Excellent;Y;SBrkr;816;0;0;816;0;1;1;0;3;1;Good;5;1;Excellent;Attchd;1;264;Typical;Typical;Paved;10;2008;130500
Residential_Low_Density;0;16269;Pave;Slightly_Irregular;AllPub;CulDSac;College_Creek;One_Story;Average;Average;1978;1978;MetalSd;MetalSd;GasA;Typical;Y;SBrkr;907;0;0;907;0;0;1;0;3;1;Typical;5;0;No_Fireplace;Attchd;1;343;Typical;Typical;Paved;7;2009;140000
Residential_Low_Density;60;10230;Pave;Regular;AllPub;Inside;Old_Town;One_Story;Average;Good;1925;1950;MetalSd;MetalSd;GasA;Excellent;Y;SBrkr;1078;0;0;1078;0;0;1;0;3;1;Excellent;6;0;No_Fireplace;Detchd;1;264;Typical;Typical;Dirt_Gravel;12;2009;125000
Residential_Low_Density;68;9724;Pave;Regular;AllPub;Inside;North_Ames;One_and_Half_Fin;Average;Good;1952;2002;MetalSd;MetalSd;GasA;Good;Y;SBrkr;1929;532;0;2461;0;0;2;0;3;1;Typical;7;2;Good;Detchd;2;400;Typical;Typical;Paved;3;2010;197600
Residential_Low_Density;64;12102;Pave;Regular;AllPub;Inside;Edwards;SFoyer;Average;Average;1976;1976;HdBoard;Plywood;GasA;Excellent;Y;SBrkr;1033;0;0;1033;0;1;1;0;3;1;Typical;6;0;No_Fireplace;BuiltIn;2;504;Fair;Typical;Paved;4;2008;165000
Residential_Low_Density;87;11146;Pave;Slightly_Irregular;AllPub;Inside;Northridge_Heights;One_Story;Very_Good;Average;2006;2006;VinylSd;VinylSd;GasA;Excellent;Y;SBrkr;1717;0;0;1717;0;0;2;0;3;1;Good;7;1;Good;Attchd;3;908;Typical;Typical;Paved;7;2009;255500
Residential_Low_Density;68;10265;Pave;Slightly_Irregular;AllPub;Inside;Sawyer;One_Story;Average;Good;1967;2005;HdBoard;HdBoard;GasA;Excellent;Y;SBrkr;992;0;0;992;1;0;1;0;3;1;Good;6;0;No_Fireplace;Attchd;1;294;Typical;Typical;Paved;7;2008;145000
Residential_Low_Density;40;6792;Pave;Slightly_Irregular;AllPub;Inside;Northridge_Heights;One_Story;Good;Average;2005;2006;VinylSd;VinylSd;GasA;Excellent;Y;SBrkr;1368;0;0;1368;0;0;2;0;2;1;Good;6;1;Good;Attchd;2;474;Typical;Typical;Paved;3;2006;202665
Residential_Low_Density;110;16163;Pave;Regular;AllPub;Corner;Northridge_Heights;One_Story;Very_Good;Average;2004;2004;VinylSd;VinylSd;GasA;Excellent;Y;SBrkr;1618;0;0;1618;0;0;2;0;2;1;Good;6;1;Good;Attchd;3;880;Typical;Typical;Paved;7;2006;252000
Residential_Medium_Density;60;10440;Pave;Regular;AllPub;Corner;Old_Town;Two_Story;Average;Above_Average;1910;1981;Wd Sdng;Wd Sdng;GasA;Good;Y;SBrkr;682;548;0;1230;0;0;1;1;2;1;Typical;5;0;No_Fireplace;Detchd;2;440;Typical;Typical;Paved;5;2009;110000
Floating_Village_Residential;75;9000;Pave;Regular;AllPub;Inside;Somerset;Two_Story;Very_Good;Average;2006;2006;VinylSd;VinylSd;GasA;Excellent;Y;SBrkr;1088;871;0;1959;0;0;2;1;3;1;Good;8;1;Good;Attchd;3;1025;Typical;Typical;Paved;12;2007;270000
Residential_Low_Density;64;7018;Pave;Regular;AllPub;Inside;Sawyer_West;One_Story;Average;Average;1979;1979;Plywood;Plywood;GasA;Typical;Y;SBrkr;1535;0;0;1535;0;0;2;0;4;2;Typical;8;0;No_Fireplace;Attchd;2;400;Typical;Typical;Paved;6;2009;118858
Residential_Low_Density;85;12633;Pave;Slightly_Irregular;AllPub;Inside;Timberland;One_Story;Excellent;Average;2007;2007;CemntBd;CmentBd;GasA;Excellent;Y;SBrkr;1978;0;0;1978;1;0;2;0;2;1;Excellent;7;1;Good;Attchd;3;920;Typical;Typical;Paved;5;2009;425000
Residential_Low_Density;75;9157;Pave;Slightly_Irregular;AllPub;Corner;Timberland;Two_Story;Good;Average;2003;2003;VinylSd;VinylSd;GasA;Excellent;Y;SBrkr;1072;942;0;2014;0;0;2;1;3;1;Good;9;0;No_Fireplace;Attchd;2;486;Typical;Typical;Paved;2;2009;170000
Residential_Low_Density;73;8760;Pave;Regular;AllPub;Inside;College_Creek;Two_Story;Good;Average;2006;2006;VinylSd;VinylSd;GasA;Excellent;Y;SBrkr;1391;571;0;1962;0;0;2;1;3;1;Good;7;0;No_Fireplace;Attchd;3;868;Typical;Typical;Paved;8;2006;239799
Residential_Low_Density;75;7950;Pave;Slightly_Irregular;AllPub;Corner;Edwards;Two_Story;Above_Average;Above_Average;1977;1977;HdBoard;Plywood;GasA;Typical;Y;SBrkr;698;728;0;1426;0;0;1;1;3;1;Typical;6;0;No_Fireplace;Attchd;2;440;Typical;Typical;Paved;7;2009;159500
Residential_Low_Density;64;6762;Pave;Regular;AllPub;Inside;College_Creek;One_Story;Good;Average;2007;2007;VinylSd;VinylSd;GasA;Excellent;Y;SBrkr;1208;0;0;1208;1;0;2;0;2;1;Good;6;0;No_Fireplace;Attchd;2;628;Typical;Typical;Paved;9;2007;195400
Residential_Low_Density;72;11317;Pave;Regular;AllPub;Inside;College_Creek;Two_Story;Good;Average;2003;2003;VinylSd;VinylSd;GasA;Excellent;Y;SBrkr;840;828;0;1668;0;0;2;1;3;1;Good;8;0;No_Fireplace;Attchd;2;500;Typical;Typical;Paved;9;2007;180000
Residential_Medium_Density;50;6125;Pave;Regular;AllPub;Inside;Brookside;One_and_Half_Fin;Average;Good;1939;1998;MetalSd;MetalSd;GasA;Excellent;Y;SBrkr;728;546;0;1274;0;0;2;0;3;1;Typical;6;0;No_Fireplace;Detchd;1;224;Fair;Typical;Paved;3;2007;135000
Floating_Village_Residential;34;3628;Pave;Regular;AllPub;Inside;Somerset;One_Story;Good;Average;2004;2004;MetalSd;MetalSd;GasA;Excellent;Y;SBrkr;1143;0;0;1143;0;0;1;1;1;1;Good;5;1;Good;Attchd;2;588;Typical;Typical;Paved;5;2006;176400
Residential_Low_Density;53;4043;Pave;Regular;AllPub;Inside;Northpark_Villa;One_Story;Above_Average;Above_Average;1977;1977;Plywood;Plywood;GasA;Typical;Y;SBrkr;1069;0;0;1069;0;0;2;0;2;1;Typical;4;0;No_Fireplace;Attchd;2;440;Typical;Typical;Paved;10;2008;140000
Residential_Medium_Density;51;6120;Pave;Regular;AllPub;Inside;Brookside;One_Story;Average;Above_Average;1925;1999;MetalSd;MetalSd;GasA;Good;Y;SBrkr;995;0;0;995;0;0;1;0;2;1;Typical;5;0;No_Fireplace;Detchd;1;264;Typical;Typical;Paved;3;2009;115000
Residential_Low_Density;50;11672;Pave;Moderately_Irregular;AllPub;Inside;Brookside;One_Story;Average;Average;1925;1950;MetalSd;MetalSd;GasA;Typical;Y;FuseA;816;0;0;816;0;0;1;0;2;1;Typical;4;0;No_Fireplace;Detchd;1;210;Fair;Fair;Dirt_Gravel;7;2006;109000
Residential_Low_Density;75;9750;Pave;Regular;AllPub;Inside;North_Ames;SLvl;Average;Average;1967;1967;VinylSd;VinylSd;GasA;Good;Y;SBrkr;980;0;0;980;0;0;2;0;3;1;Typical;6;0;No_Fireplace;Attchd;1;384;Typical;Typical;Paved;10;2006;135500
Residential_Low_Density;92;15922;Pave;Slightly_Irregular;AllPub;Corner;Stone_Brook;Two_Story;Excellent;Average;2005;2006;VinylSd;VinylSd;GasA;Excellent;Y;SBrkr;1390;1405;0;2795;0;0;3;1;4;1;Excellent;10;1;Good;BuiltIn;3;660;Typical;Typical;Paved;1;2006;401179
Residential_Low_Density;84;17808;Pave;Regular;AllPub;Inside;Edwards;One_Story;Below_Average;Average;1946;1950;Wd Sdng;Wd Sdng;GasA;Typical;N;SBrkr;1242;0;0;1242;0;0;1;0;2;1;Typical;4;0;No_Fireplace;Attchd;1;336;Typical;Typical;Dirt_Gravel;7;2007;109900
Residential_Low_Density;60;10930;Pave;Regular;AllPub;Inside;North_Ames;One_and_Half_Fin;Average;Above_Average;1945;1950;MetalSd;MetalSd;GasA;Typical;Y;FuseA;1048;510;0;1558;1;0;1;1;3;1;Typical;6;1;Typical;Attchd;1;288;Typical;Typical;Paved;4;2008;140000
Floating_Village_Residential;50;5119;Pave;Slightly_Irregular;AllPub;CulDSac;Somerset;One_Story;Excellent;Average;1999;2000;MetalSd;MetalSd;GasA;Excellent;Y;SBrkr;1709;0;0;1709;1;0;2;0;2;1;Good;5;1;Typical;Attchd;2;506;Typical;Typical;Paved;1;2008;328900
Residential_Medium_Density;21;1894;Pave;Regular;AllPub;Inside;Meadow_Village;Two_Story;Below_Average;Average;1970;1970;CemntBd;CmentBd;GasA;Typical;Y;SBrkr;546;546;0;1092;0;0;1;1;3;1;Typical;6;0;No_Fireplace;CarPort;1;286;Typical;Typical;Paved;4;2006;71000
Residential_Low_Density;60;10800;Pave;Regular;AllPub;Inside;Old_Town;Two_Story;Average;Excellent;1895;1999;Wd Sdng;HdBoard;GasA;Excellent;Y;SBrkr;751;783;0;1534;0;0;1;1;3;1;Good;6;0;No_Fireplace;No_Garage;0;0;No_Garage;No_Garage;Dirt_Gravel;7;2007;148000
Residential_Medium_Density;58;6451;Pave;Regular;AllPub;Inside;Old_Town;Two_Story;Good;Good;1900;1970;AsbShng;Wd Sdng;GasA;Good;Y;SBrkr;848;580;0;1428;1;0;1;0;4;1;Typical;7;0;No_Fireplace;Detchd;2;576;Typical;Typical;Paved;5;2006;139900
Floating_Village_Residential;80;8000;Pave;Regular;AllPub;Inside;Somerset;One_Story;Good;Average;2002;2002;VinylSd;VinylSd;GasA;Excellent;Y;SBrkr;1492;0;0;1492;1;0;2;0;3;1;Good;6;1;Good;Attchd;2;596;Typical;Typical;Paved;4;2010;230000
Residential_Low_Density;98;11428;Pave;Slightly_Irregular;AllPub;Inside;Northridge_Heights;One_Story;Very_Good;Average;2006;2006;VinylSd;VinylSd;GasA;Excellent;Y;SBrkr;1634;0;0;1634;0;0;2;0;3;1;Good;7;1;Good;Attchd;3;866;Typical;Typical;Paved;5;2007;250000
Residential_Medium_Density;60;6180;Pave;Regular;AllPub;Corner;Brookside;One_Story;Above_Average;Average;1926;1950;Wd Sdng;Wd Sdng;GasA;Typical;N;SBrkr;986;0;0;986;0;0;1;0;2;1;Typical;5;1;Good;Detchd;1;180;Typical;Typical;Paved;5;2007;102000
Residential_Low_Density;40;4280;Pave;Regular;AllPub;Inside;Crawford;One_Story;Average;Above_Average;1913;2002;WdShing;Stucco;GasA;Typical;N;SBrkr;694;0;0;694;0;0;1;0;2;1;Good;4;1;Good;Detchd;1;352;Good;Typical;Partial_Pavement;3;2007;90350
Residential_Low_Density;80;12048;Pave;Regular;AllPub;Inside;Edwards;One_Story;Average;Above_Average;1952;2002;Wd Sdng;Wd Sdng;GasA;Good;Y;SBrkr;1488;0;0;1488;0;0;1;0;3;1;Typical;7;1;Excellent;Attchd;2;569;Typical;Typical;Paved;4;2006;135000
Residential_Low_Density;60;9873;Pave;Regular;AllPub;Inside;Brookside;One_Story;Below_Average;Average;1970;1970;HdBoard;HdBoard;GasW;Typical;N;SBrkr;960;0;0;960;1;0;1;0;3;1;Typical;6;0;No_Fireplace;Detchd;2;576;Typical;Typical;Paved;5;2006;129000
Residential_Low_Density;75;11166;Pave;Regular;AllPub;Inside;College_Creek;One_Story;Good;Average;2001;2001;VinylSd;VinylSd;GasA;Excellent;Y;SBrkr;1492;0;0;1492;0;0;2;0;3;1;Good;6;1;Typical;Attchd;2;608;Typical;Typical;Paved;7;2009;201000
Residential_Low_Density;60;7038;Pave;Regular;AllPub;Inside;North_Ames;One_Story;Below_Average;Above_Average;1970;1970;VinylSd;VinylSd;GasA;Typical;Y;SBrkr;864;0;0;864;1;0;1;0;3;1;Typical;5;0;No_Fireplace;Detchd;2;576;Typical;Typical;Paved;9;2009;76500
Residential_High_Density;60;7200;Pave;Regular;AllPub;Inside;South_and_West_of_Iowa_State_University;Two_Story;Below_Average;Above_Average;1967;1967;Plywood;CBlock;GasA;Typical;Y;SBrkr;862;1788;0;2650;0;0;3;0;6;2;Typical;10;0;No_Fireplace;No_Garage;0;0;No_Garage;No_Garage;Paved;2;2010;160000
Residential_Low_Density;0;7791;Pave;Slightly_Irregular;AllPub;Inside;Sawyer;One_Story;Average;Very_Good;1963;1995;Plywood;Plywood;GasA;Excellent;Y;SBrkr;912;0;0;912;1;0;1;0;3;1;Good;6;0;No_Fireplace;Attchd;1;300;Typical;Typical;Paved;10;2009;129000
Residential_Low_Density;0;9308;Pave;Slightly_Irregular;AllPub;CulDSac;Sawyer;One_Story;Average;Average;1965;1965;HdBoard;HdBoard;GasA;Typical;Y;SBrkr;984;0;0;984;0;0;1;0;3;1;Typical;5;0;No_Fireplace;Attchd;1;310;Typical;Typical;Paved;7;2006;126000
Residential_Low_Density;89;13214;Pave;Slightly_Irregular;AllPub;Inside;Timberland;One_Story;Excellent;Average;2008;2009;Stucco;CmentBd;GasA;Excellent;Y;SBrkr;2018;0;0;2018;0;0;2;0;3;1;Excellent;10;1;Good;Attchd;3;746;Typical;Typical;Paved;5;2010;378500
Residential_Low_Density;116;13474;Pave;Regular;AllPub;Inside;Sawyer_West;Two_Story;Good;Average;1990;1991;HdBoard;Plywood;GasA;Good;Y;SBrkr;1122;1121;0;2243;1;0;2;1;4;1;Good;8;1;Typical;Attchd;3;746;Typical;Typical;Paved;6;2007;225000
Residential_Low_Density;62;14299;Pave;Regular;AllPub;Inside;Sawyer;One_Story;Below_Average;Fair;1964;1964;HdBoard;HdBoard;GasA;Typical;Y;SBrkr;1005;0;0;1005;1;0;1;0;3;1;Typical;5;0;No_Fireplace;Detchd;2;440;Typical;Typical;Dirt_Gravel;7;2007;115400
Residential_Low_Density;72;16387;Pave;Slightly_Irregular;AllPub;Inside;Northridge_Heights;Two_Story;Excellent;Average;2006;2006;VinylSd;VinylSd;GasA;Good;Y;SBrkr;1738;851;0;2589;1;0;2;1;4;1;Excellent;11;1;Good;Attchd;3;831;Typical;Typical;Paved;8;2006;412083
Residential_Low_Density;60;7200;Pave;Regular;AllPub;Inside;Crawford;Two_Story;Good;Above_Average;1931;2000;Stucco;Wd Shng;GasA;Typical;Y;SBrkr;851;651;0;1502;0;0;1;1;3;1;Typical;6;1;Good;Attchd;1;270;Typical;Typical;Partial_Pavement;2;2008;149000
Residential_High_Density;0;7082;Pave;Regular;AllPub;Inside;South_and_West_of_Iowa_State_University;Two_Story;Average;Very_Good;1916;1995;VinylSd;VinylSd;GasA;Good;Y;SBrkr;948;980;0;1928;0;0;2;0;5;2;Typical;10;0;No_Fireplace;No_Garage;0;0;No_Garage;No_Garage;Dirt_Gravel;7;2006;160000
Residential_Low_Density;85;13175;Pave;Regular;AllPub;Inside;Northwest_Ames;One_Story;Above_Average;Above_Average;1978;1988;Plywood;Plywood;GasA;Typical;Y;SBrkr;2073;0;0;2073;1;0;2;0;3;1;Typical;7;2;Typical;Attchd;2;500;Typical;Typical;Paved;2;2010;210000
Residential_Low_Density;69;14850;Pave;Slightly_Irregular;AllPub;Inside;North_Ames;One_Story;Average;Average;1957;1957;Wd Sdng;Wd Sdng;GasA;Typical;Y;FuseA;1092;0;0;1092;1;0;1;0;2;1;Typical;6;1;Typical;Attchd;1;299;Typical;Typical;Paved;5;2006;141000
Residential_Low_Density;90;11060;Pave;Slightly_Irregular;AllPub;Corner;Edwards;Two_Story;Good;Average;2003;2005;VinylSd;VinylSd;GasA;Excellent;Y;SBrkr;1164;1150;0;2314;0;0;2;1;3;1;Good;9;1;Excellent;BuiltIn;2;502;Typical;Typical;Paved;2;2006;229000
Residential_Medium_Density;50;6000;Pave;Regular;AllPub;Inside;Old_Town;One_Story;Below_Average;Below_Average;1920;1950;MetalSd;MetalSd;GasA;Good;Y;FuseA;960;0;0;960;0;0;1;0;2;1;Fair;5;0;No_Fireplace;Detchd;1;308;Typical;Typical;Paved;7;2007;108500
Residential_Low_Density;85;11069;Pave;Regular;AllPub;Corner;College_Creek;Two_Story;Above_Average;Average;2007;2007;VinylSd;VinylSd;GasA;Excellent;Y;SBrkr;608;788;0;1396;0;0;2;1;3;1;Good;6;1;Good;BuiltIn;2;440;Typical;Typical;Paved;7;2009;170000
Residential_Low_Density;51;6171;Pave;Regular;AllPub;Inside;South_and_West_of_Iowa_State_University;One_and_Half_Fin;Above_Average;Above_Average;1925;1990;WdShing;Wd Shng;GasA;Excellent;Y;SBrkr;1160;448;0;1608;0;0;2;1;3;1;Good;7;1;Good;Detchd;1;216;Fair;Typical;Paved;10;2009;137450
Floating_Village_Residential;37;3435;Pave;Slightly_Irregular;AllPub;Corner;Somerset;One_Story;Good;Average;2004;2005;MetalSd;MetalSd;GasA;Excellent;Y;SBrkr;1245;0;0;1245;0;0;2;0;1;1;Good;5;0;No_Fireplace;Attchd;2;495;Typical;Typical;Paved;6;2008;178000
Residential_Medium_Density;56;9576;Pave;Regular;AllPub;Inside;Old_Town;One_and_Half_Fin;Above_Average;Good;1945;1950;VinylSd;VinylSd;GasA;Typical;Y;SBrkr;885;297;0;1182;0;0;1;1;3;1;Typical;5;0;No_Fireplace;Detchd;1;378;Fair;Typical;Paved;5;2006;120000
Residential_Low_Density;72;10632;Pave;Slightly_Irregular;AllPub;Inside;Clear_Creek;One_and_Half_Fin;Average;Fair;1917;1950;Wd Sdng;Wd Sdng;GasA;Good;N;SBrkr;725;499;0;1224;0;0;1;1;3;1;Poor;6;0;No_Fireplace;Detchd;1;180;Fair;Fair;Dirt_Gravel;1;2010;107500
Residential_Medium_Density;60;7200;Pave;Regular;AllPub;Corner;Iowa_DOT_and_Rail_Road;One_Story;Above_Average;Above_Average;1930;1950;VinylSd;VinylSd;GasA;Typical;Y;FuseF;984;0;0;984;0;0;1;0;3;1;Typical;6;0;No_Fireplace;Detchd;1;308;Typical;Typical;Dirt_Gravel;3;2006;90000
Residential_Low_Density;95;12350;Pave;Regular;AllPub;Inside;Northridge_Heights;Two_Story;Excellent;Average;2009;2009;VinylSd;VinylSd;GasA;Excellent;Y;SBrkr;1365;1325;0;2690;1;0;2;1;3;1;Excellent;8;1;Good;Attchd;3;864;Typical;Typical;Paved;7;2009;398800
Residential_Low_Density;0;23730;Pave;Moderately_Irregular;AllPub;Inside;Mitchell;One_Story;Good;Average;1996;1997;MetalSd;MetalSd;GasA;Excellent;Y;SBrkr;2032;0;0;2032;1;0;3;0;3;1;Good;7;0;No_Fireplace;Attchd;3;786;Typical;Typical;Paved;9;2008;300000
Residential_Low_Density;0;11241;Pave;Slightly_Irregular;AllPub;CulDSac;North_Ames;One_Story;Above_Average;Good;1970;1970;Wd Sdng;Wd Sdng;GasA;Excellent;Y;SBrkr;1004;0;0;1004;1;0;1;0;2;1;Typical;5;1;Typical;Attchd;2;480;Typical;Typical;Paved;3;2010;149000
Residential_Medium_Density;60;10800;Pave;Regular;AllPub;Inside;Old_Town;One_Story;Below_Average;Good;1885;1995;VinylSd;VinylSd;GasA;Good;Y;SBrkr;1047;0;0;1047;0;0;1;0;2;1;Typical;6;0;No_Fireplace;Detchd;1;273;Fair;Fair;Dirt_Gravel;8;2007;100000
Residential_Low_Density;78;15600;Pave;Regular;AllPub;Inside;Crawford;Two_Story;Average;Good;1950;1963;Wd Sdng;Wd Sdng;GasA;Good;Y;SBrkr;1278;1037;0;2315;1;0;2;0;4;1;Typical;9;3;Good;Attchd;1;342;Typical;Typical;Paved;7;2006;257000
Residential_Low_Density;0;8637;Pave;Slightly_Irregular;AllPub;Inside;Gilbert;Two_Story;Above_Average;Average;1999;2000;VinylSd;VinylSd;GasA;Good;Y;SBrkr;947;767;0;1714;1;0;2;1;3;1;Typical;7;1;Typical;Attchd;2;451;Typical;Typical;Paved;4;2007;180000
Residential_Low_Density;59;4484;Pave;Slightly_Irregular;AllPub;Corner;South_and_West_of_Iowa_State_University;One_and_Half_Fin;Average;Above_Average;1942;1979;Plywood;Plywood;GasA;Typical;N;SBrkr;778;504;0;1282;1;0;1;0;2;1;Typical;4;0;No_Fireplace;Detchd;1;240;Typical;Typical;Paved;7;2007;108500
Residential_Medium_Density;52;6240;Pave;Regular;AllPub;Inside;Brookside;One_and_Half_Fin;Good;Average;1939;1950;Wd Sdng;Wd Sdng;GasA;Typical;Y;SBrkr;1245;764;0;2009;0;0;2;0;4;1;Typical;7;1;Good;Detchd;2;400;Typical;Typical;Paved;1;2008;150000
Residential_Low_Density;120;13728;Pave;Regular;AllPub;Corner;Edwards;Two_Story;Above_Average;Good;1935;1986;Stucco;Stucco;GasA;Excellent;Y;SBrkr;1236;872;0;2108;0;0;2;0;4;1;Good;7;2;Typical;Basment;2;540;Typical;Typical;Paved;7;2008;235000
Residential_Low_Density;79;10637;Pave;Regular;AllPub;Inside;College_Creek;One_Story;Very_Good;Average;2007;2008;VinylSd;VinylSd;GasA;Excellent;Y;SBrkr;1718;0;0;1718;1;0;2;0;3;1;Good;7;1;Good;Attchd;3;826;Typical;Typical;Paved;9;2009;297000
Residential_Low_Density;0;8050;Pave;Slightly_Irregular;AllPub;Inside;North_Ames;One_Story;Average;Average;1959;1959;MetalSd;MetalSd;GasA;Typical;Y;SBrkr;1143;0;0;1143;1;0;1;0;3;1;Typical;6;0;No_Fireplace;Attchd;1;308;Typical;Typical;Paved;5;2010;136000
Residential_Low_Density;69;8973;Pave;Regular;AllPub;Inside;North_Ames;One_Story;Average;Good;1958;1991;Plywood;Plywood;GasA;Typical;Y;FuseA;1053;0;0;1053;0;1;1;1;3;1;Excellent;6;0;No_Fireplace;More_Than_Two_Types;2;750;Typical;Typical;Paved;7;2006;150000
Residential_Low_Density;67;8777;Pave;Regular;AllPub;Inside;Edwards;One_Story;Fair;Above_Average;1945;2007;VinylSd;VinylSd;GasA;Typical;N;SBrkr;640;0;0;640;0;0;1;0;2;1;Typical;5;0;No_Fireplace;Detchd;1;240;Typical;Typical;Dirt_Gravel;4;2010;84900
Residential_Low_Density;0;9500;Pave;Slightly_Irregular;AllPub;Inside;North_Ames;One_Story;Above_Average;Average;1963;1963;Plywood;Plywood;GasA;Good;Y;SBrkr;1394;0;0;1394;1;0;1;1;3;1;Typical;6;2;Good;Attchd;2;514;Typical;Typical;Paved;7;2009;159000
Residential_Low_Density;0;9144;Pave;Regular;AllPub;Inside;Brookside;One_and_Half_Fin;Average;Average;1940;1982;MetalSd;MetalSd;GasA;Good;Y;SBrkr;988;517;0;1505;1;0;1;0;3;1;Typical;8;0;No_Fireplace;Detchd;1;240;Typical;Typical;Dirt_Gravel;7;2008;145000
Residential_Low_Density;82;12464;Pave;Moderately_Irregular;AllPub;Corner;College_Creek;One_Story;Average;Average;1996;1996;VinylSd;VinylSd;GasA;Good;Y;SBrkr;1040;0;0;1040;1;0;1;0;3;1;Good;6;0;No_Fireplace;Detchd;2;576;Typical;Typical;Paved;11;2009;152000
Floating_Village_Residential;0;2998;Pave;Regular;AllPub;Inside;Somerset;Two_Story;Above_Average;Average;2000;2000;MetalSd;MetalSd;GasA;Excellent;Y;SBrkr;768;756;0;1524;0;0;2;1;2;1;Good;4;0;No_Fireplace;Detchd;2;440;Typical;Typical;Paved;6;2006;166000
Floating_Village_Residential;24;2645;Pave;Regular;AllPub;Inside;Somerset;Two_Story;Very_Good;Average;1999;2000;MetalSd;MetalSd;GasA;Excellent;Y;SBrkr;764;677;0;1441;0;0;2;1;2;1;Good;5;0;No_Fireplace;Detchd;2;492;Typical;Typical;Paved;11;2007;174000
Residential_Low_Density;128;39290;Pave;Slightly_Irregular;AllPub;Inside;Edwards;One_Story;Very_Excellent;Average;2008;2009;CemntBd;CmentBd;GasA;Excellent;Y;SBrkr;5095;0;0;5095;1;1;2;1;2;1;Excellent;15;2;Good;Attchd;3;1154;Typical;Typical;Paved;10;2007;183850
Residential_Low_Density;0;8696;Pave;Slightly_Irregular;AllPub;Inside;College_Creek;One_Story;Good;Average;1997;1998;VinylSd;VinylSd;GasA;Excellent;Y;SBrkr;1418;0;0;1418;1;0;2;0;3;1;Good;5;1;Typical;Attchd;2;558;Typical;Typical;Paved;5;2008;226001
Residential_Low_Density;44;6371;Pave;Slightly_Irregular;AllPub;Inside;Northridge_Heights;One_Story;Good;Average;2009;2010;VinylSd;VinylSd;GasA;Excellent;Y;SBrkr;1358;0;0;1358;1;0;2;0;2;1;Good;6;1;Good;Attchd;2;484;Typical;Typical;Paved;6;2010;224000
Residential_Low_Density;103;12867;Pave;Slightly_Irregular;AllPub;Corner;Northridge_Heights;Two_Story;Very_Good;Average;2005;2006;CemntBd;CmentBd;GasA;Excellent;Y;SBrkr;1209;1044;0;2253;0;0;2;1;3;1;Excellent;8;1;Good;Attchd;2;575;Typical;Typical;Paved;7;2006;344133
Residential_Low_Density;0;13774;Pave;Slightly_Irregular;AllPub;Inside;Northwest_Ames;Two_Story;Good;Good;1977;1992;HdBoard;HdBoard;GasA;Excellent;Y;SBrkr;1316;972;0;2288;0;0;1;2;4;1;Good;8;2;Typical;Attchd;2;520;Typical;Typical;Paved;11;2009;230000
Residential_Low_Density;74;8536;Pave;Regular;AllPub;Corner;Edwards;One_Story;Average;Average;2006;2007;VinylSd;VinylSd;GasA;Good;Y;SBrkr;1125;0;0;1125;0;0;1;1;2;1;Typical;5;0;No_Fireplace;Attchd;2;430;Typical;Typical;Paved;4;2007;155000
Residential_Low_Density;129;9196;Pave;Slightly_Irregular;AllPub;Inside;Mitchell;One_Story;Good;Average;2003;2003;VinylSd;VinylSd;GasA;Excellent;Y;SBrkr;1560;0;0;1560;0;0;2;0;3;1;Good;7;0;No_Fireplace;Attchd;2;573;Typical;Typical;Paved;4;2010;201000
Residential_Low_Density;76;9967;Pave;Slightly_Irregular;AllPub;Inside;Gilbert;SLvl;Good;Average;2000;2000;VinylSd;VinylSd;GasA;Excellent;Y;SBrkr;774;656;0;1430;0;0;2;1;3;1;Typical;8;1;Typical;BuiltIn;2;400;Typical;Typical;Paved;12;2007;170000
Residential_Medium_Density;35;3907;Pave;Slightly_Irregular;AllPub;Inside;Blueste;One_Story;Very_Good;Average;1989;1989;HdBoard;HdBoard;GasA;Good;Y;SBrkr;1191;0;0;1191;0;0;2;0;2;1;Good;5;1;Typical;Attchd;2;531;Typical;Typical;Paved;3;2010;162500
Residential_Low_Density;60;7134;Pave;Regular;AllPub;Inside;North_Ames;SLvl;Average;Average;1955;1955;MetalSd;MetalSd;GasA;Typical;Y;SBrkr;1360;0;0;1360;0;0;1;0;3;1;Typical;6;1;Typical;Detchd;2;572;Typical;Typical;Paved;2;2007;130000
Residential_Low_Density;0;18450;Pave;Slightly_Irregular;AllPub;Inside;North_Ames;Two_Story;Above_Average;Average;1965;1979;Plywood;Plywood;GasA;Typical;Y;SBrkr;1465;915;0;2380;0;0;2;1;3;1;Typical;7;1;Poor;CarPort;2;596;Typical;Typical;Paved;8;2007;129000
Residential_Low_Density;24;2308;Pave;Regular;AllPub;FR2;Northpark_Villa;Two_Story;Above_Average;Average;1976;1976;Plywood;Brk Cmn;GasA;Typical;Y;SBrkr;804;744;0;1548;0;0;2;1;3;1;Typical;7;1;Typical;Detchd;2;440;Typical;Typical;Paved;9;2009;146000
Residential_Low_Density;68;10110;Pave;Regular;AllPub;Inside;Sawyer_West;Two_Story;Above_Average;Average;2003;2003;VinylSd;VinylSd;GasA;Excellent;Y;SBrkr;835;861;0;1696;1;0;2;1;3;1;Good;7;0;No_Fireplace;Attchd;2;542;Typical;Typical;Paved;7;2008;188000
Residential_Low_Density;92;11932;Pave;Regular;AllPub;FR2;Somerset;One_Story;Very_Good;Average;2007;2008;VinylSd;VinylSd;GasA;Excellent;Y;SBrkr;1580;0;0;1580;0;0;2;0;3;1;Good;7;0;No_Fireplace;Attchd;3;830;Typical;Typical;Paved;6;2008;235128
Residential_Low_Density;74;12961;Pave;Regular;AllPub;Inside;Mitchell;Two_Story;Above_Average;Average;1993;1994;VinylSd;VinylSd;GasA;Excellent;Y;SBrkr;1152;645;0;1797;1;0;2;1;3;1;Good;7;1;Fair;Attchd;2;616;Typical;Typical;Paved;3;2010;231000
Residential_Low_Density;97;10990;Pave;Slightly_Irregular;AllPub;CulDSac;Northridge;Two_Story;Good;Average;1996;1997;VinylSd;VinylSd;GasA;Excellent;Y;SBrkr;1064;1061;0;2125;1;0;2;1;4;1;Good;12;2;Typical;Attchd;2;576;Typical;Typical;Paved;6;2008;279500
Residential_Low_Density;59;9434;Pave;Slightly_Irregular;AllPub;Inside;Gilbert;SLvl;Good;Average;2004;2005;WdShing;Wd Shng;GasA;Excellent;Y;SBrkr;744;630;0;1374;0;0;2;1;3;1;Good;6;1;Good;BuiltIn;2;400;Typical;Typical;Paved;8;2009;170000
Residential_Low_Density;0;16500;Pave;Regular;AllPub;Inside;Northwest_Ames;SFoyer;Above_Average;Average;1971;1971;HdBoard;HdBoard;GasA;Fair;Y;SBrkr;1320;0;0;1320;0;1;2;0;3;1;Typical;5;1;Good;Attchd;2;495;Typical;Typical;Paved;5;2009;172500
Residential_Low_Density;70;9370;Pave;Moderately_Irregular;AllPub;Inside;Sawyer_West;Two_Story;Above_Average;Average;1992;1993;HdBoard;HdBoard;GasA;Excellent;Y;SBrkr;844;887;0;1731;1;0;2;1;3;1;Good;7;0;No_Fireplace;Attchd;2;462;Typical;Typical;Paved;10;2006;248500
Residential_Low_Density;70;7700;Pave;Regular;AllPub;Inside;Mitchell;Two_Story;Average;Poor;1985;1986;HdBoard;HdBoard;GasA;Good;Y;SBrkr;1216;1216;0;2432;0;0;4;2;4;2;Typical;10;0;No_Fireplace;Attchd;2;616;Typical;Fair;Paved;2;2010;159000
Residential_Low_Density;84;9660;Pave;Slightly_Irregular;AllPub;Inside;Northridge;Two_Story;Very_Good;Average;1998;1998;VinylSd;VinylSd;GasA;Excellent;Y;SBrkr;1079;897;0;1976;1;0;2;1;3;1;Good;7;1;Excellent;Attchd;3;885;Typical;Typical;Paved;2;2006;286000
Residential_Low_Density;105;13693;Pave;Regular;AllPub;Inside;Northridge_Heights;One_Story;Very_Good;Average;2007;2007;VinylSd;VinylSd;GasA;Excellent;Y;SBrkr;2464;0;0;2464;1;0;2;1;4;1;Excellent;9;1;Excellent;Attchd;3;650;Typical;Typical;Paved;8;2008;417500
Residential_Medium_Density;62;7311;Pave;Regular;AllPub;Corner;Old_Town;One_Story;Poor;Average;1946;1950;VinylSd;VinylSd;GasA;Typical;N;FuseA;407;0;0;407;0;0;1;0;1;1;Typical;3;0;No_Fireplace;Detchd;1;297;Fair;Typical;Paved;3;2008;46500
Residential_Low_Density;71;9520;Pave;Slightly_Irregular;AllPub;Inside;Timberland;One_Story;Very_Good;Average;2007;2008;VinylSd;VinylSd;GasA;Excellent;Y;SBrkr;1646;0;0;1646;1;0;2;0;3;1;Good;7;1;Good;Attchd;3;800;Typical;Typical;Paved;4;2008;293077
Residential_Medium_Density;50;6000;Pave;Regular;AllPub;Corner;Old_Town;One_Story;Below_Average;Good;1954;2000;MetalSd;MetalSd;GasA;Excellent;Y;SBrkr;901;0;0;901;0;0;1;0;2;1;Typical;4;0;No_Fireplace;Detchd;1;281;Fair;Typical;Paved;8;2008;107900
Residential_Low_Density;80;8000;Pave;Regular;AllPub;Inside;North_Ames;One_Story;Average;Average;1960;1960;BrkFace;BrkFace;GasA;Typical;Y;SBrkr;1377;0;0;1377;1;0;1;0;3;1;Typical;6;2;Typical;Attchd;1;351;Typical;Typical;Paved;11;2007;156500
Residential_Medium_Density;60;4800;Pave;Regular;AllPub;Corner;Old_Town;One_and_Half_Fin;Below_Average;Average;1900;1954;Wd Sdng;Wd Sdng;GasA;Typical;Y;SBrkr;1157;687;0;1844;1;0;1;0;3;1;Typical;9;2;Good;Basment;1;240;Typical;Typical;Paved;1;2010;80400
Residential_Low_Density;108;14774;Pave;Slightly_Irregular;AllPub;Corner;Northridge;Two_Story;Excellent;Average;1999;1999;VinylSd;VinylSd;GasA;Excellent;Y;SBrkr;1422;1177;0;2599;0;0;2;1;4;1;Good;10;1;Typical;BuiltIn;3;779;Typical;Typical;Paved;5;2010;333168
Residential_Low_Density;65;8450;Pave;Regular;AllPub;Inside;Sawyer_West;Two_Story;Above_Average;Average;2001;2001;VinylSd;VinylSd;GasA;Excellent;Y;SBrkr;827;850;0;1677;1;0;2;1;3;1;Good;7;0;No_Fireplace;Attchd;2;627;Typical;Typical;Paved;9;2008;190500
Residential_Low_Density;78;10206;Pave;Regular;AllPub;Inside;Somerset;One_Story;Very_Good;Average;2008;2008;VinylSd;VinylSd;GasA;Excellent;Y;SBrkr;1658;0;0;1658;0;0;2;1;3;1;Good;7;1;Good;Attchd;3;726;Typical;Typical;Paved;9;2009;257500
Residential_Medium_Density;0;6291;Grvl;Slightly_Irregular;AllPub;Inside;Iowa_DOT_and_Rail_Road;One_Story;Above_Average;Above_Average;1930;1950;Stucco;Wd Shng;GasA;Typical;Y;SBrkr;768;0;0;768;0;0;1;0;1;1;Typical;4;0;No_Fireplace;Detchd;2;440;Typical;Typical;Dirt_Gravel;7;2008;93850
Residential_Low_Density;60;11409;Pave;Regular;AllPub;Inside;Edwards;One_and_Half_Fin;Average;Below_Average;1949;2008;Wd Sdng;Wd Sdng;GasA;Good;Y;SBrkr;1148;568;0;1716;0;0;1;1;3;1;Typical;8;1;Good;Attchd;1;281;Typical;Typical;Paved;1;2009;131000
Floating_Village_Residential;24;2544;Pave;Regular;AllPub;Inside;Somerset;Two_Story;Above_Average;Average;2005;2005;VinylSd;VinylSd;GasA;Excellent;Y;SBrkr;600;636;0;1236;1;0;2;1;2;1;Good;4;0;No_Fireplace;Detchd;2;480;Typical;Typical;Paved;5;2010;152000
Floating_Village_Residential;0;2980;Pave;Regular;AllPub;Corner;Somerset;Two_Story;Above_Average;Average;2000;2000;MetalSd;MetalSd;GasA;Excellent;Y;SBrkr;756;756;0;1512;1;0;2;1;2;1;Good;5;0;No_Fireplace;Detchd;2;440;Typical;Typical;Paved;5;2010;177000
Residential_Medium_Density;0;5700;Pave;Slightly_Irregular;AllPub;Corner;Old_Town;Two_Story;Good;Above_Average;1929;1990;Wd Sdng;Wd Shng;GasA;Good;N;FuseA;672;672;0;1344;1;0;1;1;3;1;Good;6;1;Good;Attchd;2;456;Typical;Typical;Paved;9;2007;140000
Residential_Low_Density;57;10021;Pave;Slightly_Irregular;AllPub;Inside;College_Creek;Two_Story;Above_Average;Above_Average;1997;2006;VinylSd;VinylSd;GasA;Excellent;Y;SBrkr;646;662;0;1308;1;0;2;1;3;1;Good;6;0;No_Fireplace;Attchd;2;497;Typical;Typical;Paved;5;2007;175000
Residential_Low_Density;90;11248;Pave;Slightly_Irregular;AllPub;Corner;College_Creek;One_Story;Excellent;Average;2002;2002;VinylSd;VinylSd;GasA;Excellent;Y;SBrkr;1668;0;0;1668;1;0;2;0;3;1;Good;7;1;Typical;Attchd;3;702;Typical;Typical;Paved;7;2007;285000
Residential_Low_Density;48;6472;Pave;Regular;AllPub;Inside;Northridge_Heights;One_Story;Excellent;Average;2008;2008;VinylSd;VinylSd;GasA;Excellent;Y;SBrkr;1456;0;0;1456;0;0;2;0;2;1;Excellent;6;1;Good;Attchd;2;539;Typical;Typical;Paved;4;2009;248500
Residential_Low_Density;80;9600;Pave;Regular;AllPub;Inside;North_Ames;One_Story;Average;Average;1966;1966;VinylSd;VinylSd;GasA;Typical;Y;SBrkr;1232;0;0;1232;1;0;1;1;3;1;Typical;6;0;No_Fireplace;Attchd;2;490;Typical;Typical;Paved;4;2010;142250
Residential_Low_Density;64;7848;Pave;Slightly_Irregular;AllPub;Inside;Gilbert;SLvl;Good;Above_Average;1999;1999;VinylSd;VinylSd;GasA;Excellent;Y;SBrkr;774;656;0;1430;0;0;2;1;3;1;Typical;7;1;Typical;BuiltIn;2;410;Typical;Typical;Paved;6;2009;168000
Residential_Low_Density;70;8750;Pave;Regular;AllPub;Inside;College_Creek;Two_Story;Above_Average;Average;1998;1998;VinylSd;VinylSd;GasA;Excellent;Y;SBrkr;928;844;0;1772;1;0;2;1;3;1;Typical;7;1;Typical;Attchd;2;492;Typical;Typical;Paved;4;2009;200000
Residential_Medium_Density;21;1680;Pave;Regular;AllPub;Inside;Briardale;Two_Story;Average;Average;1971;1971;HdBoard;HdBoard;GasA;Typical;Y;SBrkr;525;567;0;1092;0;0;1;1;3;1;Typical;6;0;No_Fireplace;Detchd;1;320;Typical;Typical;Paved;3;2010;105500
Residential_Medium_Density;60;5160;Pave;Regular;AllPub;Corner;Iowa_DOT_and_Rail_Road;One_and_Half_Fin;Above_Average;Above_Average;1927;1950;MetalSd;MetalSd;GasA;Typical;Y;FuseA;1204;462;0;1666;0;0;1;0;3;1;Typical;4;0;No_Fireplace;Detchd;1;384;Fair;Typical;Paved;8;2009;135000
Residential_Low_Density;78;10335;Pave;Slightly_Irregular;AllPub;Inside;Sawyer;One_Story;Average;Above_Average;1968;1993;Plywood;Plywood;GasA;Good;Y;SBrkr;1721;0;0;1721;0;0;2;1;3;1;Typical;7;1;Typical;Attchd;2;440;Typical;Typical;Paved;7;2006;180000
Residential_Low_Density;67;10656;Pave;Slightly_Irregular;AllPub;Inside;Timberland;One_Story;Very_Good;Average;2006;2007;VinylSd;VinylSd;GasA;Excellent;Y;SBrkr;1646;0;0;1646;0;0;2;0;3;1;Good;6;1;Good;Attchd;3;870;Typical;Typical;Paved;11;2007;248900
Residential_High_Density;60;8400;Pave;Regular;AllPub;Inside;Sawyer_West;One_Story;Below_Average;Below_Average;1950;1950;Wd Sdng;AsbShng;GasA;Good;Y;SBrkr;841;0;0;841;0;0;1;0;2;1;Typical;4;0;No_Fireplace;CarPort;1;294;Typical;Typical;Dirt_Gravel;9;2009;82000
Residential_Low_Density;70;7728;Pave;Regular;AllPub;Inside;North_Ames;SLvl;Average;Above_Average;1962;1962;Wd Sdng;Wd Sdng;GasA;Typical;Y;SBrkr;1190;0;0;1190;1;0;1;0;3;1;Typical;6;0;No_Fireplace;Attchd;2;540;Typical;Typical;Paved;5;2006;132500
Residential_Low_Density;60;11664;Pave;Regular;AllPub;Inside;North_Ames;One_Story;Above_Average;Average;1948;1950;MetalSd;MetalSd;GasA;Typical;Y;SBrkr;1082;0;0;1082;0;0;1;0;2;1;Typical;5;1;Good;Detchd;1;240;Typical;Typical;Paved;11;2007;119200
Residential_Low_Density;43;5005;Pave;Slightly_Irregular;AllPub;Inside;Stone_Brook;One_Story;Very_Good;Average;1992;1992;HdBoard;HdBoard;GasA;Excellent;Y;SBrkr;1280;0;0;1280;0;0;2;0;2;1;Good;5;0;No_Fireplace;Attchd;2;506;Typical;Typical;Paved;1;2010;191500
Residential_Low_Density;0;10960;Pave;Slightly_Irregular;AllPub;Inside;Northwest_Ames;One_Story;Above_Average;Average;1984;1984;HdBoard;HdBoard;GasA;Typical;Y;SBrkr;1284;0;0;1284;1;0;2;0;3;1;Typical;5;0;No_Fireplace;Attchd;2;480;Typical;Typical;Paved;4;2007;174000
Residential_Low_Density;90;11694;Pave;Regular;AllPub;Inside;Northridge_Heights;One_Story;Excellent;Average;2007;2007;CemntBd;CmentBd;GasA;Excellent;Y;SBrkr;1828;0;0;1828;0;0;2;0;3;1;Good;9;1;Good;Attchd;3;774;Typical;Typical;Paved;7;2007;314813
Residential_Low_Density;68;7922;Pave;Regular;AllPub;Inside;North_Ames;One_Story;Average;Good;1953;2007;VinylSd;VinylSd;GasA;Typical;Y;SBrkr;1057;0;0;1057;1;0;1;0;3;1;Good;5;0;No_Fireplace;Detchd;1;246;Typical;Typical;Paved;1;2010;109000
Residential_Low_Density;103;16280;Pave;Regular;AllPub;Inside;Veenker;One_Story;Very_Good;Excellent;1976;2007;VinylSd;VinylSd;GasA;Excellent;Y;SBrkr;1671;0;0;1671;1;0;3;0;3;1;Excellent;6;1;Good;Attchd;2;550;Typical;Typical;Paved;5;2008;290000
Residential_Low_Density;0;11170;Pave;Moderately_Irregular;AllPub;Corner;Timberland;Two_Story;Good;Average;1990;1991;MetalSd;MetalSd;GasA;Excellent;Y;SBrkr;1298;1216;0;2514;0;0;2;1;4;1;Typical;8;0;No_Fireplace;Attchd;2;693;Typical;Typical;Paved;4;2006;250000
Residential_Low_Density;45;8212;Pave;Regular;AllPub;Inside;Edwards;One_Story;Fair;Fair;1914;1950;Stucco;Stucco;GasA;Typical;N;FuseF;864;0;0;864;1;0;1;0;2;1;Typical;5;0;No_Fireplace;Detchd;1;200;Typical;Fair;Paved;6;2010;58500
Residential_Low_Density;61;3782;Pave;Slightly_Irregular;AllPub;CulDSac;Greens;One_Story;Very_Good;Average;1981;1981;Wd Sdng;Plywood;GasA;Typical;Y;SBrkr;1226;0;0;1226;1;0;1;0;1;1;Good;4;2;Typical;Attchd;2;484;Typical;Typical;Paved;9;2009;211500
Residential_Low_Density;0;8854;Pave;Regular;AllPub;Inside;Brookside;One_and_Half_Unf;Above_Average;Above_Average;1916;1950;Wd Sdng;Wd Sdng;Grav;Fair;N;FuseF;952;0;0;952;0;0;1;0;2;1;Fair;4;1;Good;Detchd;1;192;Fair;Poor;Partial_Pavement;5;2009;121000
Residential_Low_Density;110;13440;Pave;Regular;AllPub;Inside;Northridge_Heights;Two_Story;Very_Good;Average;2006;2007;VinylSd;VinylSd;GasA;Excellent;Y;SBrkr;1148;1402;0;2550;0;0;2;1;4;1;Excellent;11;1;Good;BuiltIn;3;670;Typical;Typical;Paved;3;2007;338931
Residential_Low_Density;59;7837;Pave;Slightly_Irregular;AllPub;Inside;Gilbert;Two_Story;Above_Average;Good;1993;1994;VinylSd;VinylSd;GasA;Good;Y;SBrkr;799;772;0;1571;0;0;2;1;3;1;Typical;7;1;Typical;Attchd;2;380;Typical;Typical;Paved;5;2009;178000
Residential_Low_Density;53;3710;Pave;Regular;AllPub;Inside;Bloomington_Heights;One_Story;Good;Average;2007;2008;WdShing;Wd Shng;GasA;Excellent;Y;SBrkr;1246;0;0;1246;0;0;2;0;2;1;Good;5;1;Good;Attchd;2;428;Typical;Typical;Paved;3;2008;187687
Residential_Medium_Density;78;7060;Pave;Regular;AllPub;Inside;Mitchell;SFoyer;Good;Average;1997;1998;VinylSd;VinylSd;GasA;Excellent;Y;SBrkr;1344;0;0;1344;2;0;2;0;2;2;Typical;8;0;No_Fireplace;Attchd;4;784;Typical;Typical;Paved;11;2008;206300
Residential_Medium_Density;0;8239;Pave;Slightly_Irregular;AllPub;Inside;Green_Hills;One_Story;Good;Average;1986;1986;BrkFace;Wd Sdng;GasA;Good;Y;SBrkr;1295;0;0;1295;0;0;2;0;2;1;Good;5;0;No_Fireplace;Attchd;1;312;Typical;Typical;Paved;11;2006;230000
Residential_Low_Density;60;8400;Pave;Regular;AllPub;Inside;South_and_West_of_Iowa_State_University;One_Story;Poor;Average;1920;1950;Wd Sdng;Wd Sdng;GasA;Typical;N;FuseF;438;0;0;438;0;0;1;0;1;1;Fair;3;0;No_Fireplace;Detchd;1;246;Typical;Typical;Dirt_Gravel;1;2009;60000
Residential_Low_Density;94;9239;Pave;Regular;AllPub;Inside;Sawyer;One_Story;Average;Very_Good;1963;2003;VinylSd;VinylSd;GasA;Excellent;Y;SBrkr;960;0;0;960;1;0;1;0;3;1;Good;6;0;No_Fireplace;Attchd;1;300;Typical;Typical;Paved;5;2008;144900
Residential_Low_Density;70;11218;Pave;Regular;AllPub;Inside;Sawyer_West;Two_Story;Above_Average;Average;1992;1992;Wd Sdng;Wd Sdng;GasA;Excellent;Y;SBrkr;1055;790;0;1845;0;0;2;1;3;1;Good;8;1;Typical;Attchd;2;462;Typical;Typical;Paved;5;2010;189000
Floating_Village_Residential;30;3180;Pave;Regular;AllPub;Inside;Somerset;Two_Story;Above_Average;Average;2005;2005;MetalSd;MetalSd;GasA;Excellent;Y;SBrkr;600;600;0;1200;1;0;2;1;2;1;Good;5;0;No_Fireplace;Detchd;2;480;Typical;Typical;Paved;5;2008;165000
Residential_Low_Density;60;10950;Pave;Regular;AllPub;Inside;North_Ames;One_Story;Above_Average;Above_Average;1952;1952;Wd Sdng;Wd Sdng;GasA;Typical;Y;SBrkr;948;0;0;948;0;0;1;0;2;1;Typical;5;0;No_Fireplace;Detchd;2;410;Typical;Typical;Dirt_Gravel;4;2007;125000
Residential_Low_Density;95;13450;Pave;Slightly_Irregular;AllPub;Corner;College_Creek;Two_Story;Good;Average;2002;2002;VinylSd;VinylSd;GasA;Excellent;Y;SBrkr;920;941;0;1861;1;0;2;1;3;1;Good;8;0;No_Fireplace;BuiltIn;2;492;Typical;Typical;Paved;6;2006;200000
Residential_Low_Density;79;9236;Pave;Slightly_Irregular;AllPub;Inside;College_Creek;One_Story;Above_Average;Average;1997;1997;VinylSd;VinylSd;GasA;Excellent;Y;SBrkr;1494;0;0;1494;1;0;2;0;3;1;Good;6;0;No_Fireplace;Attchd;2;576;Typical;Typical;Paved;7;2006;217000
Residential_Low_Density;60;8730;Pave;Regular;AllPub;Inside;Brookside;Two_Story;Above_Average;Good;1915;2003;Wd Sdng;Wd Sdng;GasA;Excellent;Y;FuseA;698;698;0;1396;0;0;1;0;3;1;Typical;7;0;No_Fireplace;Detchd;1;384;Typical;Typical;Paved;7;2007;153575
Residential_Low_Density;82;20270;Pave;Slightly_Irregular;AllPub;CulDSac;Clear_Creek;One_Story;Good;Above_Average;1979;1979;Plywood;Plywood;GasA;Typical;Y;SBrkr;1524;0;0;1524;1;0;2;0;3;1;Typical;7;2;Good;Attchd;2;478;Typical;Typical;Paved;4;2008;245000
Residential_Low_Density;128;12160;Pave;Regular;AllPub;Inside;North_Ames;One_Story;Above_Average;Below_Average;1953;1953;Wd Sdng;Wd Sdng;GasA;Excellent;Y;SBrkr;1505;0;0;1505;1;0;1;0;2;1;Typical;6;1;Typical;Attchd;2;505;Typical;Typical;Paved;2;2009;149500
Residential_Low_Density;53;3982;Pave;Regular;AllPub;Inside;Bloomington_Heights;One_Story;Very_Good;Average;2006;2006;VinylSd;VinylSd;GasA;Excellent;Y;SBrkr;1567;0;0;1567;1;0;2;0;1;1;Excellent;7;1;Good;Attchd;3;648;Typical;Typical;Paved;10;2006;264561
Residential_Low_Density;0;6563;Pave;Slightly_Irregular;AllPub;CulDSac;Stone_Brook;One_Story;Very_Good;Average;1985;1985;HdBoard;HdBoard;GasA;Typical;Y;SBrkr;1742;0;0;1742;1;0;2;0;2;1;Good;5;1;Typical;Attchd;2;564;Typical;Typical;Paved;12;2006;275000
Residential_Low_Density;110;7810;Pave;Slightly_Irregular;AllPub;Inside;Crawford;One_and_Half_Fin;Below_Average;Above_Average;1930;2003;AsbShng;CmentBd;GasA;Excellent;Y;SBrkr;1230;525;0;1755;0;0;2;0;4;1;Good;7;1;Typical;Detchd;1;231;Fair;Typical;Paved;11;2007;188000
Residential_Low_Density;68;9717;Pave;Regular;AllPub;Inside;North_Ames;One_Story;Average;Above_Average;1950;1996;MetalSd;MetalSd;GasA;Good;Y;FuseA;1078;0;0;1078;1;0;1;0;2;1;Good;5;0;No_Fireplace;Attchd;1;240;Typical;Typical;Paved;4;2010;142125
Residential_Low_Density;80;10928;Pave;Regular;AllPub;Inside;Northwest_Ames;One_Story;Above_Average;Above_Average;1978;1986;VinylSd;VinylSd;GasA;Typical;Y;SBrkr;1671;0;0;1671;0;0;2;0;3;1;Typical;7;1;Typical;Attchd;2;484;Typical;Typical;Paved;8;2009;200000
Residential_Low_Density;53;14137;Pave;Slightly_Irregular;AllPub;Inside;Gilbert;One_Story;Average;Average;1996;1997;HdBoard;HdBoard;GasA;Good;Y;SBrkr;1384;0;0;1384;1;0;2;0;3;1;Good;7;0;No_Fireplace;Attchd;2;404;Typical;Typical;Paved;11;2008;177900
Residential_Medium_Density;90;9900;Pave;Regular;AllPub;Corner;Old_Town;Two_Story;Average;Very_Good;1910;2002;VinylSd;VinylSd;GasA;Excellent;Y;SBrkr;764;700;0;1464;0;0;2;0;3;1;Typical;7;0;No_Fireplace;No_Garage;0;0;No_Garage;No_Garage;Dirt_Gravel;3;2009;129000
Residential_Medium_Density;21;2205;Pave;Regular;AllPub;Inside;Briardale;Two_Story;Above_Average;Above_Average;1973;1973;HdBoard;HdBoard;GasA;Typical;Y;SBrkr;525;567;0;1092;0;0;1;1;3;1;Typical;6;0;No_Fireplace;Detchd;1;264;Typical;Typical;Paved;2;2007;113500
Residential_Low_Density;75;8778;Pave;Regular;AllPub;Inside;Somerset;Two_Story;Very_Good;Average;2006;2006;VinylSd;VinylSd;GasA;Excellent;Y;SBrkr;1302;528;0;1830;0;0;2;1;3;1;Good;7;0;No_Fireplace;BuiltIn;3;859;Typical;Typical;Paved;3;2007;221300
Residential_Low_Density;94;12883;Pave;Slightly_Irregular;AllPub;Corner;Northridge_Heights;One_Story;Very_Good;Average;2009;2010;VinylSd;VinylSd;GasA;Excellent;Y;SBrkr;1544;0;0;1544;0;0;2;0;3;1;Good;7;0;No_Fireplace;Attchd;3;868;Typical;Typical;Paved;6;2010;290941
Residential_Low_Density;110;14226;Pave;Regular;AllPub;Corner;Northridge_Heights;One_Story;Very_Good;Average;2006;2006;VinylSd;VinylSd;GasA;Good;Y;SBrkr;1973;0;0;1973;0;0;2;0;3;1;Good;9;1;Good;Attchd;3;895;Typical;Typical;Paved;7;2007;395000
Residential_Low_Density;122;11923;Pave;Slightly_Irregular;AllPub;Corner;College_Creek;One_Story;Excellent;Average;2007;2007;VinylSd;VinylSd;GasA;Excellent;Y;SBrkr;1800;0;0;1800;0;0;2;0;2;1;Excellent;7;0;No_Fireplace;Attchd;2;702;Typical;Typical;Paved;5;2009;239000
Residential_Low_Density;57;9764;Pave;Slightly_Irregular;AllPub;FR2;Sawyer;One_Story;Average;Good;1967;2003;VinylSd;VinylSd;GasA;Excellent;Y;SBrkr;894;0;0;894;1;0;1;0;3;1;Good;5;0;No_Fireplace;Attchd;2;450;Typical;Typical;Paved;5;2008;130000
Residential_Low_Density;86;11650;Pave;Regular;AllPub;Corner;North_Ames;One_Story;Good;Average;1959;1959;Plywood;Plywood;GasA;Good;Y;FuseA;1472;0;0;1472;0;0;2;0;2;1;Good;5;1;Good;Attchd;2;484;Typical;Typical;Paved;6;2006;157500
Residential_Medium_Density;21;1533;Pave;Regular;AllPub;Inside;Meadow_Village;Two_Story;Below_Average;Above_Average;1970;2008;CemntBd;CmentBd;GasA;Typical;Y;SBrkr;798;546;0;1344;0;0;1;1;3;1;Typical;6;1;Typical;No_Garage;0;0;No_Garage;No_Garage;Paved;5;2009;97000
Residential_Low_Density;70;9842;Pave;Regular;AllPub;FR2;North_Ames;One_Story;Below_Average;Average;1962;1962;HdBoard;HdBoard;GasA;Typical;Y;SBrkr;1224;0;0;1224;0;0;2;0;2;2;Typical;6;0;No_Fireplace;CarPort;2;462;Typical;Typical;Paved;3;2007;101800
Residential_Low_Density;73;8990;Pave;Slightly_Irregular;AllPub;Inside;College_Creek;One_Story;Good;Average;2006;2006;VinylSd;VinylSd;GasA;Excellent;Y;SBrkr;1498;0;0;1498;0;0;2;0;2;1;Good;5;0;No_Fireplace;Attchd;2;675;Typical;Typical;Paved;4;2006;204900
Residential_Low_Density;88;10738;Pave;Slightly_Irregular;AllPub;Corner;Northwest_Ames;One_Story;Above_Average;Good;1966;1966;HdBoard;HdBoard;GasA;Good;Y;SBrkr;1093;0;0;1093;1;0;2;0;3;1;Typical;6;1;Fair;Attchd;2;484;Typical;Typical;Paved;11;2007;158500
Residential_Medium_Density;0;5890;Pave;Regular;AllPub;Corner;Iowa_DOT_and_Rail_Road;One_Story;Above_Average;Very_Good;1930;2007;Wd Sdng;Wd Sdng;GasA;Excellent;Y;SBrkr;816;0;0;816;0;0;1;0;2;1;Typical;5;0;No_Fireplace;Detchd;1;432;Typical;Typical;Paved;6;2008;120500
Residential_Medium_Density;63;11426;Pave;Regular;AllPub;Inside;Old_Town;One_and_Half_Fin;Good;Average;2003;2003;VinylSd;VinylSd;GasA;Excellent;Y;SBrkr;1362;720;0;2082;0;0;2;1;3;1;Good;6;0;No_Fireplace;Detchd;2;484;Typical;Typical;Dirt_Gravel;6;2008;200000
Residential_Low_Density;0;9556;Pave;Slightly_Irregular;AllPub;Corner;Gilbert;One_Story;Good;Average;1992;1993;HdBoard;HdBoard;GasA;Good;Y;SBrkr;1187;0;0;1187;0;0;2;0;3;1;Good;6;0;No_Fireplace;Attchd;2;420;Typical;Typical;Paved;8;2007;160000
Residential_Low_Density;70;8680;Pave;Regular;AllPub;Inside;North_Ames;One_Story;Average;Good;1960;1960;CemntBd;CmentBd;GasA;Typical;Y;SBrkr;894;0;0;894;0;0;1;0;3;1;Typical;5;0;No_Fireplace;Detchd;1;312;Typical;Typical;Paved;1;2007;117600
Residential_Low_Density;0;14217;Pave;Moderately_Irregular;AllPub;CulDSac;College_Creek;One_Story;Average;Average;1994;1994;VinylSd;VinylSd;GasA;Good;Y;SBrkr;1022;0;0;1022;0;1;1;0;3;1;Typical;6;0;No_Fireplace;Detchd;2;747;Typical;Typical;Paved;8;2007;139500
Residential_Low_Density;61;7930;Pave;Regular;AllPub;Inside;North_Ames;One_Story;Above_Average;Very_Good;1969;2005;Plywood;Plywood;GasA;Good;Y;SBrkr;1026;0;0;1026;1;0;1;0;3;1;Good;5;0;No_Fireplace;Detchd;2;440;Typical;Typical;Paved;7;2009;156000
Residential_Medium_Density;52;6240;Pave;Regular;AllPub;Inside;Brookside;One_and_Half_Fin;Average;Average;1930;1950;MetalSd;MetalSd;GasA;Typical;Y;FuseF;928;608;0;1536;0;0;2;0;4;1;Typical;7;1;Good;Detchd;2;480;Typical;Typical;Paved;3;2010;138400
Residential_Low_Density;62;8707;Pave;Regular;AllPub;FR2;Edwards;One_and_Half_Fin;Below_Average;Average;1924;1950;Wd Sdng;Wd Sdng;GasA;Typical;N;FuseF;1093;576;0;1669;0;0;1;1;4;1;Typical;9;0;No_Fireplace;Attchd;1;288;Fair;Typical;Paved;5;2006;107000
Residential_Low_Density;74;7733;Pave;Slightly_Irregular;AllPub;Inside;Sawyer_West;One_Story;Above_Average;Average;2005;2005;VinylSd;VinylSd;GasA;Excellent;Y;SBrkr;1142;0;0;1142;0;0;1;1;3;1;Good;5;0;No_Fireplace;No_Garage;0;0;No_Garage;No_Garage;Paved;1;2006;139500
Floating_Village_Residential;0;4217;Pave;Slightly_Irregular;AllPub;Inside;Somerset;One_Story;Above_Average;Average;2008;2008;VinylSd;VinylSd;GasA;Excellent;Y;SBrkr;1256;0;0;1256;1;0;1;1;1;1;Good;5;1;Good;Attchd;2;641;Typical;Typical;Paved;3;2009;195000
Residential_Low_Density;57;7558;Pave;Regular;AllPub;Inside;Crawford;One_and_Half_Fin;Above_Average;Above_Average;1928;1950;BrkFace;Stone;GasA;Good;Y;SBrkr;1172;741;0;1913;0;0;1;1;3;1;Typical;9;1;Typical;Detchd;2;342;Fair;Fair;Paved;3;2009;177000
Residential_Low_Density;67;8777;Pave;Regular;AllPub;Inside;Edwards;Two_Story;Below_Average;Above_Average;1910;2000;Plywood;Plywood;GasA;Good;Y;SBrkr;760;676;0;1436;1;0;2;0;3;1;Typical;6;0;No_Fireplace;Attchd;2;528;Typical;Typical;Paved;10;2006;98000
Residential_Medium_Density;52;6240;Pave;Regular;AllPub;Inside;Iowa_DOT_and_Rail_Road;One_and_Half_Fin;Below_Average;Average;1925;1950;MetalSd;MetalSd;GasA;Typical;Y;FuseA;848;0;360;1208;0;0;1;0;2;1;Typical;5;0;No_Fireplace;Detchd;2;539;Typical;Typical;Paved;1;2009;103000
Residential_Low_Density;69;7599;Pave;Regular;AllPub;Corner;Mitchell;One_Story;Below_Average;Above_Average;1982;2006;HdBoard;Plywood;GasA;Typical;Y;SBrkr;845;0;0;845;1;0;1;0;2;1;Typical;4;0;No_Fireplace;Detchd;2;360;Typical;Typical;Paved;6;2007;129500
Residential_Low_Density;94;17778;Pave;Slightly_Irregular;AllPub;Inside;Veenker;One_Story;Very_Good;Average;1981;1981;BrkFace;BrkFace;GasA;Good;Y;SBrkr;2497;0;0;2497;1;0;2;0;2;1;Good;7;2;Good;Attchd;2;676;Typical;Typical;Paved;3;2007;373000
Residential_Low_Density;62;7440;Pave;Regular;AllPub;Inside;Edwards;One_Story;Average;Above_Average;1954;1954;Wd Sdng;Wd Sdng;GasW;Typical;Y;SBrkr;1089;0;0;1089;1;0;1;0;3;1;Typical;5;1;Good;Detchd;1;252;Typical;Typical;Partial_Pavement;9;2009;125000
Residential_Low_Density;70;8400;Pave;Regular;AllPub;Inside;North_Ames;One_Story;Average;Above_Average;1957;1957;MetalSd;MetalSd;GasA;Typical;Y;SBrkr;1314;0;0;1314;1;0;1;0;3;1;Typical;5;0;No_Fireplace;Attchd;1;294;Typical;Typical;Paved;6;2010;145000
Residential_Low_Density;68;9179;Pave;Slightly_Irregular;AllPub;Inside;College_Creek;Two_Story;Good;Average;1999;1999;VinylSd;VinylSd;GasA;Excellent;Y;SBrkr;882;908;0;1790;1;0;2;1;3;1;Good;7;0;No_Fireplace;Attchd;2;588;Typical;Typical;Paved;6;2008;193000
Residential_Low_Density;85;19550;Pave;Regular;AllPub;Inside;Edwards;One_Story;Average;Good;1940;2007;PreCast;PreCast;GasA;Excellent;Y;SBrkr;1518;0;0;1518;1;0;1;0;2;1;Fair;5;2;Good;No_Garage;0;0;No_Garage;No_Garage;Paved;1;2008;260000
Floating_Village_Residential;62;7500;Pave;Regular;AllPub;Inside;Somerset;One_Story;Good;Average;2005;2005;VinylSd;VinylSd;GasA;Excellent;Y;SBrkr;1266;0;0;1266;0;0;2;0;3;1;Good;6;1;Typical;Attchd;2;453;Typical;Typical;Paved;4;2006;176000
Residential_Low_Density;0;8880;Pave;Slightly_Irregular;AllPub;Inside;Sawyer_West;Two_Story;Good;Average;1994;2002;VinylSd;VinylSd;GasA;Excellent;Y;SBrkr;1222;888;0;2110;1;0;2;1;3;1;Good;8;2;Fair;Attchd;2;463;Typical;Typical;Paved;5;2010;205000
Residential_Low_Density;64;7040;Pave;Regular;AllPub;Inside;Sawyer_West;SFoyer;Average;Average;1979;1979;Plywood;Plywood;GasA;Typical;Y;SBrkr;1229;0;0;1229;2;0;0;2;2;2;Good;6;2;Typical;Detchd;2;672;Typical;Typical;Paved;6;2009;148325
Residential_Low_Density;66;10235;Pave;Slightly_Irregular;AllPub;Inside;College_Creek;One_Story;Very_Good;Average;2007;2007;VinylSd;VinylSd;GasA;Excellent;Y;SBrkr;1651;0;0;1651;0;0;2;0;3;1;Good;7;1;Good;Attchd;3;870;Typical;Typical;Paved;9;2007;246500
Residential_Low_Density;0;12968;Pave;Moderately_Irregular;AllPub;Inside;Sawyer;One_Story;Average;Above_Average;1962;1962;HdBoard;Plywood;GasA;Typical;Y;SBrkr;912;0;0;912;1;0;1;0;2;1;Typical;4;0;No_Fireplace;Detchd;1;352;Typical;Typical;Paved;9;2008;144000
Residential_Low_Density;70;10150;Pave;Regular;AllPub;Inside;North_Ames;One_Story;Average;Average;1958;1958;Wd Sdng;Wd Sdng;GasA;Excellent;Y;FuseA;912;0;0;912;0;0;1;0;2;1;Typical;5;0;No_Fireplace;Attchd;1;275;Typical;Typical;Paved;7;2007;114500
Residential_Medium_Density;57;10307;Pave;Regular;AllPub;Inside;Old_Town;Two_Story;Above_Average;Average;1910;1950;Wd Sdng;Wd Sdng;GasA;Good;N;FuseA;972;972;0;1944;1;0;2;0;4;2;Typical;12;0;No_Fireplace;Detchd;2;324;Fair;Typical;Dirt_Gravel;6;2009;103500
Residential_Low_Density;82;9430;Pave;Regular;AllPub;Inside;Northridge;Two_Story;Very_Good;Average;1999;1999;VinylSd;VinylSd;GasA;Excellent;Y;SBrkr;1268;1097;0;2365;1;0;2;1;3;1;Good;8;1;Good;Attchd;3;856;Typical;Typical;Paved;7;2009;337000
Residential_Low_Density;68;9272;Pave;Slightly_Irregular;AllPub;Inside;College_Creek;Two_Story;Good;Average;1999;1999;VinylSd;VinylSd;GasA;Excellent;Y;SBrkr;856;893;0;1749;0;0;2;1;3;1;Good;7;0;No_Fireplace;Attchd;2;515;Typical;Typical;Paved;6;2006;196000
Residential_Low_Density;68;9571;Pave;Regular;AllPub;Inside;Edwards;One_Story;Average;Above_Average;1956;1956;Wd Sdng;Wd Sdng;GasA;Typical;Y;SBrkr;1144;0;0;1144;1;0;1;0;3;1;Typical;6;0;No_Fireplace;Attchd;1;596;Typical;Typical;Paved;6;2010;129000
Residential_Low_Density;118;21299;Pave;Regular;AllPub;Inside;North_Ames;One_Story;Good;Average;1941;1963;BrkFace;BrkFace;GasA;Excellent;Y;SBrkr;2039;0;0;2039;1;0;1;1;3;1;Typical;7;3;Good;More_Than_Two_Types;3;791;Typical;Typical;Paved;12;2006;167000
Residential_Low_Density;60;7200;Pave;Regular;AllPub;Corner;Old_Town;Two_Story;Good;Excellent;1910;2008;VinylSd;VinylSd;GasA;Excellent;Y;SBrkr;930;760;0;1690;0;0;2;0;4;1;Good;5;0;No_Fireplace;Detchd;2;624;Typical;Typical;Paved;8;2009;156500
Residential_Low_Density;0;10050;Pave;Slightly_Irregular;AllPub;Inside;North_Ames;SFoyer;Average;Above_Average;1966;1966;HdBoard;HdBoard;GasA;Excellent;Y;SBrkr;1280;0;0;1280;0;1;2;0;3;1;Typical;6;1;Typical;Basment;2;432;Typical;Typical;Paved;6;2007;175000
Floating_Village_Residential;32;3784;Pave;Slightly_Irregular;AllPub;Inside;Somerset;One_Story;Very_Good;Average;2006;2007;VinylSd;VinylSd;GasA;Excellent;Y;SBrkr;1565;0;0;1565;1;0;2;0;2;1;Good;5;0;No_Fireplace;Attchd;2;476;Typical;Typical;Paved;2;2007;193800
Residential_Low_Density;0;14100;Pave;Slightly_Irregular;AllPub;Inside;Crawford;One_and_Half_Fin;Very_Good;Excellent;1935;1997;Stucco;Stucco;GasA;Excellent;Y;SBrkr;1968;1479;0;3447;0;0;3;1;4;1;Good;11;2;Good;BuiltIn;3;1014;Typical;Typical;Paved;5;2008;381000
Residential_Low_Density;52;6292;Pave;Regular;AllPub;Inside;South_and_West_of_Iowa_State_University;One_Story;Above_Average;Average;1930;1950;Wd Sdng;Wd Sdng;GasA;Typical;N;SBrkr;790;0;0;790;0;0;1;0;2;1;Typical;4;0;No_Fireplace;Detchd;1;160;Fair;Typical;Paved;4;2008;91000
Residential_Medium_Density;50;6000;Pave;Regular;AllPub;Inside;Brookside;Two_Story;Above_Average;Above_Average;1939;1950;MetalSd;VinylSd;GasA;Excellent;Y;SBrkr;608;624;0;1232;0;0;1;1;3;1;Typical;6;2;Typical;Attchd;1;217;Typical;Typical;Paved;2;2007;128000
Residential_Low_Density;89;12461;Pave;Regular;AllPub;Corner;Northridge;One_Story;Very_Good;Average;1994;1995;ImStucc;ImStucc;GasA;Excellent;Y;SBrkr;1624;0;0;1624;1;0;2;0;2;1;Good;5;1;Fair;Attchd;3;757;Typical;Typical;Paved;7;2006;262000
Residential_Medium_Density;37;4435;Pave;Regular;AllPub;Inside;College_Creek;One_Story;Above_Average;Average;2003;2003;VinylSd;VinylSd;GasA;Excellent;Y;SBrkr;848;0;0;848;1;0;1;0;1;1;Good;4;0;No_Fireplace;Attchd;2;420;Typical;Typical;Paved;4;2006;133000
Residential_Medium_Density;0;4435;Pave;Regular;AllPub;Inside;College_Creek;One_Story;Above_Average;Average;2003;2003;VinylSd;VinylSd;GasA;Excellent;Y;SBrkr;848;0;0;848;1;0;1;0;1;1;Good;4;0;No_Fireplace;Attchd;2;420;Typical;Typical;Paved;4;2010;143750
Residential_Low_Density;150;14137;Pave;Regular;AllPub;Corner;Mitchell;SFoyer;Below_Average;Average;1964;1964;HdBoard;HdBoard;GasA;Good;Y;SBrkr;1200;0;0;1200;1;0;1;0;3;1;Typical;6;0;No_Fireplace;More_Than_Two_Types;3;850;Typical;Typical;Paved;11;2008;173000
Residential_Low_Density;66;6760;Pave;Regular;AllPub;Inside;North_Ames;SFoyer;Average;Average;1962;1962;HdBoard;HdBoard;GasA;Typical;Y;SBrkr;936;0;0;936;1;0;1;0;3;1;Typical;6;1;Poor;Attchd;1;288;Typical;Typical;Paved;10;2007;130000
Residential_Low_Density;60;6600;Pave;Regular;AllPub;Inside;North_Ames;One_Story;Average;Average;1962;1962;Wd Sdng;Wd Sdng;GasA;Good;Y;SBrkr;864;0;0;864;0;0;1;0;2;1;Typical;5;0;No_Fireplace;Detchd;1;294;Typical;Typical;Paved;12;2007;125500
Residential_Low_Density;94;10402;Pave;Slightly_Irregular;AllPub;Corner;College_Creek;One_Story;Good;Average;2009;2009;VinylSd;VinylSd;GasA;Excellent;Y;SBrkr;1226;0;0;1226;0;0;2;0;3;1;Good;6;0;No_Fireplace;Attchd;3;740;Typical;Typical;Paved;5;2010;198900
Residential_Low_Density;90;13200;Pave;Slightly_Irregular;AllPub;Inside;North_Ames;One_Story;Above_Average;Above_Average;1958;1958;Wd Sdng;Wd Sdng;GasA;Excellent;Y;SBrkr;1570;0;0;1570;1;0;1;0;3;1;Typical;5;1;Typical;Attchd;2;441;Typical;Typical;Paved;5;2008;166800
Residential_Low_Density;34;4590;Pave;Regular;AllPub;Inside;Northridge_Heights;One_Story;Very_Good;Average;2006;2006;VinylSd;VinylSd;GasA;Excellent;Y;SBrkr;1554;0;0;1554;0;0;2;0;2;1;Good;6;1;Good;Attchd;2;627;Typical;Typical;Paved;5;2007;209500
C_all;75;8250;Pave;Regular;AllPub;Inside;Iowa_DOT_and_Rail_Road;Two_Story;Average;Above_Average;1895;2006;VinylSd;VinylSd;GasA;Fair;N;SBrkr;1034;957;0;1991;0;0;2;0;4;2;Typical;9;0;No_Fireplace;No_Garage;0;0;No_Garage;No_Garage;Dirt_Gravel;6;2007;119600
Residential_Medium_Density;50;6000;Pave;Regular;AllPub;Inside;Brookside;One_and_Half_Fin;Above_Average;Excellent;1937;2000;MetalSd;MetalSd;GasA;Typical;Y;SBrkr;786;390;0;1176;0;0;1;0;2;1;Typical;4;0;No_Fireplace;Detchd;2;624;Typical;Typical;Dirt_Gravel;7;2009;134900
Residential_Low_Density;36;3640;Pave;Slightly_Irregular;AllPub;CulDSac;Greens;One_Story;Very_Good;Average;1980;1980;Wd Sdng;Wd Sdng;GasA;Typical;Y;SBrkr;1036;0;0;1036;1;0;1;0;1;1;Good;4;1;Typical;Detchd;2;484;Typical;Typical;Paved;9;2006;188000
Residential_Low_Density;74;6882;Pave;Regular;AllPub;Corner;Edwards;One_Story;Below_Average;Fair;1955;1955;AsbShng;Plywood;GasA;Typical;N;SBrkr;1152;0;0;1152;0;0;2;0;2;2;Fair;6;0;No_Fireplace;No_Garage;0;0;No_Garage;No_Garage;Dirt_Gravel;9;2007;61500
Residential_Medium_Density;32;4500;Pave;Regular;AllPub;FR2;Mitchell;One_Story;Above_Average;Average;1998;1998;VinylSd;VinylSd;GasA;Excellent;Y;SBrkr;1204;0;0;1204;1;0;2;0;2;1;Typical;5;0;No_Fireplace;Attchd;2;412;Typical;Typical;Paved;6;2009;162000
Residential_Low_Density;121;13758;Pave;Slightly_Irregular;AllPub;Inside;Northridge_Heights;One_Story;Excellent;Average;2005;2006;VinylSd;VinylSd;GasA;Excellent;Y;SBrkr;1792;0;0;1792;1;0;2;0;2;1;Good;6;1;Good;Attchd;3;925;Typical;Typical;Paved;3;2006;372397
Residential_Low_Density;66;13682;Pave;Moderately_Irregular;AllPub;CulDSac;Stone_Brook;Two_Story;Very_Excellent;Average;2006;2006;VinylSd;VinylSd;GasA;Excellent;Y;SBrkr;1426;1519;0;2945;0;0;3;1;3;1;Good;10;1;Good;BuiltIn;3;641;Typical;Typical;Paved;10;2006;438780
Residential_Low_Density;37;7937;Pave;Slightly_Irregular;AllPub;CulDSac;Mitchell;SLvl;Above_Average;Above_Average;1984;1984;HdBoard;HdBoard;GasA;Typical;Y;SBrkr;1003;0;0;1003;1;0;1;0;3;1;Typical;6;0;No_Fireplace;Detchd;2;588;Typical;Typical;Paved;3;2006;142500
Residential_Medium_Density;24;1950;Pave;Regular;AllPub;Inside;Blueste;Two_Story;Above_Average;Above_Average;1980;1980;MetalSd;MetalSd;GasA;Typical;Y;SBrkr;716;840;0;1556;1;0;2;1;3;1;Typical;6;1;Typical;Attchd;2;452;Typical;Typical;Paved;7;2008;151000
Residential_Medium_Density;60;9600;Pave;Regular;AllPub;Corner;Old_Town;Two_Story;Very_Good;Excellent;1900;2003;Wd Sdng;Wd Sdng;GasW;Typical;N;SBrkr;930;636;0;1566;0;0;2;0;3;1;Good;7;0;No_Fireplace;Detchd;1;288;Typical;Typical;Paved;4;2010;150000
Residential_Low_Density;53;4043;Pave;Regular;AllPub;Inside;Northpark_Villa;One_Story;Above_Average;Average;1977;1977;Plywood;Plywood;GasA;Typical;Y;SBrkr;1069;0;0;1069;0;0;2;0;2;1;Typical;4;1;Fair;Attchd;2;440;Typical;Typical;Paved;7;2010;127500
Residential_Low_Density;60;8088;Pave;Regular;AllPub;Inside;Edwards;One_Story;Poor;Fair;1922;1955;MetalSd;MetalSd;GasA;Typical;N;FuseF;498;0;0;498;0;0;1;0;1;1;Typical;3;0;No_Fireplace;Detchd;1;216;Fair;Fair;Dirt_Gravel;2;2006;35000
Residential_Low_Density;67;8877;Pave;Regular;AllPub;Inside;Edwards;One_Story;Below_Average;Average;1951;1951;Wd Sdng;Wd Sdng;GasA;Typical;Y;FuseF;1220;0;0;1220;0;0;1;0;2;1;Typical;6;0;No_Fireplace;Detchd;2;396;Typical;Typical;Paved;4;2006;102000
Floating_Village_Residential;65;8125;Pave;Regular;AllPub;Inside;Somerset;Two_Story;Good;Average;2005;2006;VinylSd;VinylSd;GasA;Excellent;Y;SBrkr;756;797;0;1553;0;0;2;1;3;1;Good;6;0;No_Fireplace;Attchd;2;615;Typical;Typical;Paved;3;2006;186500
Residential_Low_Density;0;9819;Pave;Slightly_Irregular;AllPub;Inside;Mitchell;One_Story;Above_Average;Average;1977;1977;Plywood;ImStucc;GasA;Typical;Y;SBrkr;1567;0;0;1567;1;0;2;0;2;1;Good;5;2;Typical;Attchd;2;714;Typical;Typical;Paved;5;2009;196000
Residential_Low_Density;60;10890;Pave;Regular;AllPub;Inside;South_and_West_of_Iowa_State_University;One_and_Half_Fin;Average;Average;1938;1950;MetalSd;MetalSd;GasA;Typical;Y;SBrkr;1058;493;0;1551;1;0;2;0;3;1;Fair;6;0;No_Fireplace;Detchd;1;240;Fair;Typical;Paved;7;2006;137000
Residential_Low_Density;73;8760;Pave;Regular;AllPub;Inside;North_Ames;One_Story;Above_Average;Above_Average;1959;1959;MetalSd;MetalSd;GasA;Typical;Y;SBrkr;1194;0;0;1194;1;0;1;0;3;1;Typical;6;0;No_Fireplace;Attchd;1;312;Typical;Typical;Paved;4;2010;148000
Residential_Low_Density;60;10800;Pave;Regular;AllPub;Inside;North_Ames;One_and_Half_Fin;Below_Average;Good;1949;1996;MetalSd;MetalSd;GasA;Typical;Y;FuseF;832;629;0;1461;0;0;2;0;4;1;Typical;6;0;No_Fireplace;Detchd;1;384;Typical;Typical;Paved;8;2009;133500
Residential_Low_Density;92;12108;Pave;Regular;AllPub;Inside;Edwards;One_Story;Below_Average;Below_Average;1955;1955;VinylSd;VinylSd;GasA;Typical;N;FuseF;1440;0;0;1440;0;0;2;0;4;2;Fair;8;0;No_Fireplace;No_Garage;0;0;No_Garage;No_Garage;Paved;9;2008;118000
Residential_Low_Density;0;10547;Pave;Slightly_Irregular;AllPub;Inside;Edwards;SFoyer;Average;Average;1978;1978;Plywood;Plywood;GasA;Typical;Y;SBrkr;1152;0;0;1152;2;0;2;0;2;2;Typical;6;0;No_Fireplace;Detchd;1;252;Typical;Fair;Dirt_Gravel;7;2009;159900
Residential_Low_Density;85;10176;Pave;Regular;AllPub;Inside;Gilbert;One_Story;Good;Average;1990;1990;HdBoard;HdBoard;GasA;Good;Y;SBrkr;1341;0;0;1341;1;0;1;1;2;1;Good;5;1;Poor;Attchd;2;506;Typical;Typical;Paved;2;2010;171500
Residential_Low_Density;65;9345;Pave;Slightly_Irregular;AllPub;Inside;College_Creek;One_Story;Very_Good;Average;2007;2007;VinylSd;VinylSd;GasA;Excellent;Y;SBrkr;1615;0;0;1615;0;0;2;0;3;1;Good;7;1;Good;Attchd;3;864;Typical;Typical;Paved;5;2008;248500
Residential_Low_Density;0;9531;Pave;Slightly_Irregular;AllPub;CulDSac;College_Creek;Two_Story;Above_Average;Average;1998;1998;VinylSd;VinylSd;GasA;Excellent;Y;SBrkr;882;914;0;1796;1;0;2;1;3;1;Typical;7;0;No_Fireplace;Attchd;2;546;Typical;Typical;Paved;5;2007;211000
Residential_Low_Density;70;8267;Pave;Regular;AllPub;Corner;North_Ames;One_Story;Average;Average;1958;1958;HdBoard;HdBoard;GasA;Typical;Y;SBrkr;1604;0;0;1604;0;0;2;0;4;2;Typical;8;0;No_Fireplace;Attchd;2;576;Typical;Typical;Paved;3;2010;135000
Residential_Low_Density;80;12400;Pave;Regular;AllPub;Inside;Crawford;One_and_Half_Fin;Average;Above_Average;1940;1950;Wd Sdng;Wd Sdng;GasA;Typical;Y;SBrkr;1125;592;0;1717;0;0;1;1;2;1;Typical;7;1;Good;Attchd;1;410;Typical;Typical;Paved;2;2006;194000
Residential_Low_Density;0;7976;Pave;Regular;AllPub;Inside;Sawyer_West;Two_Story;Good;Average;2000;2000;VinylSd;VinylSd;GasA;Excellent;Y;SBrkr;1168;1619;0;2787;2;0;4;2;6;2;Typical;8;2;Typical;BuiltIn;4;820;Typical;Typical;Paved;10;2009;269500
Residential_Low_Density;70;6960;Pave;Regular;AllPub;Inside;Sawyer;One_and_Half_Fin;Good;Very_Good;1940;1998;Wd Sdng;Wd Sdng;GasA;Excellent;Y;FuseA;798;504;0;1302;0;0;1;1;2;1;Good;6;2;Good;Attchd;1;224;Typical;Typical;Paved;7;2007;165250
Residential_Low_Density;75;11404;Pave;Slightly_Irregular;AllPub;Inside;College_Creek;Two_Story;Good;Average;1998;1999;VinylSd;VinylSd;GasA;Excellent;Y;SBrkr;1153;878;0;2031;0;0;2;1;3;1;Good;8;1;Typical;Attchd;2;541;Typical;Typical;Paved;7;2008;222500
Residential_Low_Density;60;9780;Pave;Regular;AllPub;Inside;Edwards;One_and_Half_Fin;Average;Fair;1934;1950;MetalSd;MetalSd;GasA;Typical;N;FuseA;687;425;0;1112;1;0;2;0;4;1;Typical;6;0;No_Fireplace;Detchd;1;226;Poor;Poor;Dirt_Gravel;3;2009;63000
Residential_Low_Density;80;9600;Pave;Regular;AllPub;Inside;North_Ames;One_Story;Average;Above_Average;1960;1960;MetalSd;MetalSd;GasA;Typical;Y;SBrkr;1496;0;0;1496;0;0;2;0;3;1;Good;6;0;No_Fireplace;Attchd;2;450;Typical;Typical;Paved;2;2008;141500
Residential_Low_Density;75;7875;Pave;Regular;AllPub;Inside;North_Ames;One_Story;Average;Above_Average;1961;1961;VinylSd;VinylSd;GasA;Good;Y;SBrkr;1144;0;0;1144;1;0;1;0;3;1;Typical;6;0;No_Fireplace;Attchd;2;456;Typical;Typical;Paved;9;2008;139950
Residential_Low_Density;82;11202;Pave;Slightly_Irregular;AllPub;Inside;Timberland;One_Story;Very_Good;Average;2003;2003;VinylSd;VinylSd;GasA;Excellent;Y;SBrkr;1440;0;0;1440;1;0;2;0;3;1;Good;7;1;Typical;Attchd;2;467;Typical;Typical;Paved;6;2008;232500
Residential_Medium_Density;60;4800;Pave;Regular;AllPub;Corner;Old_Town;One_Story;Average;Below_Average;1940;1950;MetalSd;MetalSd;GasA;Typical;Y;SBrkr;672;0;0;672;0;0;1;0;2;1;Typical;4;0;No_Fireplace;Detchd;1;256;Typical;Typical;Paved;8;2008;64000
Residential_Medium_Density;51;6120;Pave;Regular;AllPub;Inside;Brookside;One_and_Half_Fin;Average;Good;1930;1984;MetalSd;MetalSd;GasA;Good;Y;SBrkr;741;583;0;1324;0;0;1;0;3;1;Good;7;0;No_Fireplace;Detchd;1;180;Fair;Typical;Paved;2;2006;110000
Residential_Low_Density;64;7018;Pave;Regular;AllPub;Inside;Sawyer_West;Two_Story;Average;Average;1979;1979;HdBoard;HdBoard;GasA;Typical;Y;SBrkr;1114;1114;0;2228;0;0;2;0;6;2;Typical;8;0;No_Fireplace;Detchd;2;720;Typical;Typical;Paved;6;2009;147983
Residential_Medium_Density;103;12205;Pave;Regular;AllPub;Inside;Old_Town;One_Story;Fair;Very_Poor;1949;1992;MetalSd;MetalSd;GasA;Good;Y;SBrkr;1588;0;0;1588;0;0;2;0;5;1;Typical;6;0;No_Fireplace;No_Garage;0;0;No_Garage;No_Garage;Dirt_Gravel;12;2008;65000
Residential_Low_Density;43;3182;Pave;Regular;AllPub;Inside;Bloomington_Heights;One_Story;Very_Good;Average;2004;2005;VinylSd;VinylSd;GasA;Excellent;Y;SBrkr;1269;0;0;1269;0;0;2;0;2;1;Good;6;1;Typical;Attchd;2;430;Typical;Typical;Paved;4;2010;192000
Residential_Low_Density;78;12168;Pave;Regular;AllPub;Inside;Crawford;Two_Story;Very_Good;Above_Average;1934;1998;BrkFace;Wd Sdng;GasA;Typical;Y;SBrkr;1940;1254;0;3194;0;0;2;1;4;1;Typical;10;2;Good;Basment;2;380;Typical;Typical;Paved;9;2007;359100
Residential_Low_Density;80;10032;Pave;Regular;AllPub;Inside;North_Ames;One_Story;Above_Average;Average;1959;1959;Wd Sdng;Wd Sdng;GasA;Excellent;Y;SBrkr;1580;0;0;1580;1;0;1;1;3;1;Typical;6;2;Good;Attchd;2;440;Typical;Typical;Paved;6;2010;159500
Residential_Low_Density;82;9950;Pave;Slightly_Irregular;AllPub;Inside;Northridge;Two_Story;Good;Average;1995;1995;VinylSd;VinylSd;GasA;Excellent;Y;SBrkr;1214;1306;0;2520;0;0;2;1;4;1;Good;9;1;Typical;Attchd;3;721;Typical;Typical;Paved;6;2007;290000
Residential_Low_Density;70;8197;Pave;Regular;AllPub;Inside;North_Ames;One_Story;Good;Average;2003;2009;VinylSd;VinylSd;GasA;Excellent;Y;SBrkr;1480;0;0;1480;1;0;2;0;3;1;Good;7;0;No_Fireplace;Attchd;2;620;Typical;Typical;Paved;2;2010;214000
Residential_Low_Density;71;8197;Pave;Regular;AllPub;Inside;Sawyer;One_Story;Above_Average;Average;1977;1977;Plywood;Plywood;GasA;Excellent;Y;SBrkr;1285;0;0;1285;0;0;1;1;3;1;Typical;7;1;Typical;Attchd;2;528;Typical;Typical;Paved;4;2007;143500
Residential_Low_Density;57;8846;Pave;Slightly_Irregular;AllPub;CulDSac;College_Creek;SFoyer;Average;Average;1996;1996;VinylSd;VinylSd;GasA;Excellent;Y;SBrkr;914;0;0;914;0;0;1;0;2;1;Typical;5;0;No_Fireplace;Detchd;2;576;Typical;Typical;Paved;7;2006;148000
Residential_Low_Density;60;6960;Pave;Regular;AllPub;Inside;North_Ames;One_Story;Below_Average;Above_Average;1970;1970;HdBoard;Plywood;GasA;Typical;Y;SBrkr;864;0;0;864;0;0;1;0;3;1;Good;5;0;No_Fireplace;Detchd;2;660;Typical;Typical;Paved;11;2009;120500
Residential_Low_Density;50;9350;Pave;Regular;AllPub;Inside;Edwards;Two_Story;Above_Average;Good;1946;1950;MetalSd;MetalSd;GasA;Excellent;Y;SBrkr;892;747;0;1639;0;0;1;1;3;1;Good;6;1;Good;Detchd;1;240;Typical;Typical;Paved;7;2009;154400
Residential_Low_Density;70;8750;Pave;Regular;AllPub;Inside;College_Creek;Two_Story;Good;Average;1996;1996;VinylSd;VinylSd;GasA;Excellent;Y;SBrkr;909;807;0;1716;0;0;2;1;2;1;Good;7;1;Typical;Attchd;2;512;Typical;Typical;Paved;7;2009;191000
Residential_Low_Density;85;11050;Pave;Regular;AllPub;Inside;Northwest_Ames;One_Story;Above_Average;Average;1968;1968;HdBoard;HdBoard;GasA;Fair;Y;SBrkr;1740;0;0;1740;0;0;1;1;4;1;Typical;8;1;Typical;Attchd;2;512;Typical;Typical;Paved;10;2008;150000
Floating_Village_Residential;85;10625;Pave;Regular;AllPub;Inside;Somerset;One_Story;Very_Good;Average;2007;2007;VinylSd;VinylSd;GasA;Excellent;Y;SBrkr;1660;0;0;1660;0;0;2;0;3;1;Good;7;1;Good;Attchd;3;660;Typical;Typical;Paved;6;2008;256000
Residential_Low_Density;80;9600;Pave;Regular;AllPub;Inside;Northwest_Ames;Two_Story;Above_Average;Above_Average;1971;1971;MetalSd;MetalSd;GasA;Typical;Y;SBrkr;930;715;0;1645;0;0;1;2;4;1;Typical;7;0;No_Fireplace;Attchd;2;441;Typical;Typical;Paved;6;2010;171000
Residential_Low_Density;0;9765;Pave;Moderately_Irregular;AllPub;Corner;Gilbert;Two_Story;Above_Average;Very_Good;1993;1993;VinylSd;VinylSd;GasA;Good;Y;SBrkr;680;790;0;1470;0;0;2;1;3;1;Typical;6;1;Typical;BuiltIn;2;420;Typical;Typical;Paved;4;2009;185000
Residential_Low_Density;0;9991;Pave;Slightly_Irregular;AllPub;Corner;Sawyer;One_Story;Below_Average;Below_Average;1976;1993;Plywood;Plywood;GasA;Excellent;Y;SBrkr;1620;0;0;1620;1;0;2;0;3;1;Typical;8;1;Typical;Attchd;2;490;Typical;Typical;Paved;6;2009;150000
Residential_Medium_Density;52;9439;Pave;Regular;AllPub;Inside;Old_Town;One_and_Half_Fin;Average;Average;1930;1950;Wd Sdng;Wd Sdng;GasA;Good;Y;FuseA;912;336;0;1248;0;0;1;0;2;1;Typical;6;0;No_Fireplace;Detchd;1;160;Fair;Fair;Paved;3;2007;87000
Residential_Low_Density;0;13284;Pave;Regular;AllPub;Inside;Sawyer;One_Story;Average;Average;1954;1954;Wd Sdng;Plywood;GasA;Typical;Y;SBrkr;1383;0;0;1383;1;0;1;0;3;1;Typical;6;1;Good;Attchd;1;354;Typical;Typical;Paved;6;2008;165000
Residential_Low_Density;77;9206;Pave;Regular;AllPub;Inside;Sawyer_West;Two_Story;Above_Average;Average;1985;1985;HdBoard;HdBoard;GasA;Typical;Y;SBrkr;977;755;0;1732;0;0;2;1;3;1;Good;7;1;Typical;Attchd;2;476;Typical;Typical;Paved;6;2010;178000
Residential_Low_Density;62;10441;Pave;Regular;AllPub;Inside;Mitchell;SFoyer;Average;Average;1992;1992;HdBoard;Wd Shng;GasA;Typical;Y;SBrkr;970;0;0;970;0;1;1;0;3;1;Typical;6;0;No_Fireplace;No_Garage;0;0;No_Garage;No_Garage;Paved;7;2006;132000
Residential_Medium_Density;50;7000;Pave;Regular;AllPub;Corner;Iowa_DOT_and_Rail_Road;One_and_Half_Fin;Above_Average;Good;1940;1950;Wd Sdng;Wd Sdng;GasA;Good;Y;FuseA;720;495;0;1215;0;0;1;0;3;1;Good;6;0;No_Fireplace;Detchd;2;720;Typical;Typical;Paved;5;2007;141000
Residential_Low_Density;67;8777;Pave;Regular;AllPub;Inside;Edwards;One_Story;Below_Average;Average;1949;2003;VinylSd;VinylSd;GasA;Excellent;Y;SBrkr;1126;0;0;1126;0;0;2;0;2;1;Good;5;0;No_Fireplace;Detchd;2;520;Typical;Typical;Dirt_Gravel;5;2009;108000
Residential_Medium_Density;40;3636;Pave;Regular;AllPub;Inside;Iowa_DOT_and_Rail_Road;One_Story;Below_Average;Below_Average;1922;1950;AsbShng;AsbShng;GasA;Fair;N;SBrkr;796;0;0;796;0;0;1;0;2;1;Typical;5;0;No_Fireplace;No_Garage;0;0;No_Garage;No_Garage;Dirt_Gravel;1;2008;55000
Residential_Low_Density;53;7155;Pave;Regular;AllPub;Inside;Crawford;Two_Story;Good;Very_Good;1918;1990;Wd Sdng;Wd Sdng;GasA;Excellent;Y;SBrkr;628;600;0;1228;0;0;1;0;3;1;Typical;6;1;Good;Detchd;1;215;Fair;Typical;Paved;5;2009;137000
Residential_Low_Density;79;9490;Pave;Regular;AllPub;Inside;North_Ames;One_and_Half_Fin;Above_Average;Good;1941;1950;Wd Sdng;Wd Sdng;GasA;Typical;Y;FuseA;958;620;0;1578;1;0;1;0;3;1;Fair;5;2;Typical;Attchd;1;240;Typical;Typical;Paved;8;2006;133000
Residential_Low_Density;68;7820;Pave;Slightly_Irregular;AllPub;Inside;Northridge_Heights;One_Story;Excellent;Average;2007;2007;MetalSd;MetalSd;GasA;Excellent;Y;SBrkr;1869;0;0;1869;0;0;2;0;2;1;Excellent;6;1;Good;Attchd;2;617;Typical;Typical;Paved;12;2007;318061
Residential_Low_Density;155;20064;Pave;Slightly_Irregular;AllPub;Inside;Clear_Creek;One_Story;Very_Good;Above_Average;1976;1976;Wd Sdng;Wd Sdng;GasA;Excellent;Y;SBrkr;1743;0;0;1743;2;0;0;1;0;1;Good;5;2;Fair;Attchd;2;529;Typical;Typical;Paved;5;2007;279000
Floating_Village_Residential;85;11003;Pave;Regular;AllPub;Inside;Somerset;Two_Story;Very_Excellent;Average;2008;2008;VinylSd;VinylSd;GasA;Excellent;Y;SBrkr;1026;981;0;2007;1;0;2;1;3;1;Excellent;10;1;Excellent;Attchd;3;812;Typical;Typical;Paved;4;2009;310000
Residential_Low_Density;70;9926;Pave;Slightly_Irregular;AllPub;Inside;Northridge_Heights;One_Story;Good;Average;2005;2006;VinylSd;VinylSd;GasA;Excellent;Y;SBrkr;1614;0;0;1614;1;0;2;0;3;1;Good;7;0;No_Fireplace;Attchd;3;878;Typical;Typical;Paved;5;2007;245700
Residential_Low_Density;0;10400;Pave;Regular;AllPub;Inside;College_Creek;Two_Story;Good;Average;2001;2001;VinylSd;VinylSd;GasA;Excellent;Y;SBrkr;1290;871;0;2161;0;0;2;1;3;1;Good;8;1;Typical;Attchd;2;570;Typical;Typical;Paved;6;2008;230500
Residential_Medium_Density;37;4435;Pave;Regular;AllPub;Inside;College_Creek;One_Story;Above_Average;Average;2004;2004;VinylSd;VinylSd;GasA;Excellent;Y;SBrkr;848;0;0;848;1;0;1;0;1;1;Good;3;1;Good;Attchd;2;420;Typical;Typical;Paved;5;2006;155900
Residential_Medium_Density;50;7288;Pave;Regular;AllPub;Inside;Iowa_DOT_and_Rail_Road;One_and_Half_Fin;Average;Good;1925;2003;VinylSd;VinylSd;GasA;Excellent;Y;SBrkr;936;665;0;1601;0;0;2;0;3;1;Typical;6;0;No_Fireplace;No_Garage;0;0;No_Garage;No_Garage;Dirt_Gravel;9;2007;129850
Residential_Low_Density;70;10500;Pave;Regular;AllPub;FR2;North_Ames;SLvl;Average;Good;1971;2005;MetalSd;AsphShn;GasA;Typical;Y;SBrkr;576;533;0;1109;0;1;1;0;3;1;Typical;5;0;No_Fireplace;BuiltIn;1;288;Typical;Typical;Paved;12;2007;139000
Residential_Low_Density;86;11227;Pave;Regular;AllPub;Inside;Sawyer;Two_Story;Average;Average;1968;1968;HdBoard;HdBoard;GasA;Excellent;Y;SBrkr;720;720;0;1440;0;0;1;1;4;1;Typical;7;2;Typical;Attchd;2;480;Typical;Typical;Paved;3;2010;163000
Residential_Medium_Density;21;2001;Pave;Regular;AllPub;Inside;Meadow_Village;Two_Story;Below_Average;Average;1970;1970;CemntBd;CmentBd;GasA;Fair;Y;SBrkr;546;546;0;1092;0;0;1;1;3;1;Typical;6;0;No_Fireplace;Attchd;1;286;Typical;Typical;Paved;1;2007;75000
Residential_Low_Density;102;12151;Pave;Slightly_Irregular;AllPub;Inside;Northridge_Heights;Two_Story;Excellent;Average;2005;2005;CemntBd;CmentBd;GasA;Excellent;Y;SBrkr;1414;917;0;2331;1;0;2;1;3;1;Excellent;9;1;Good;BuiltIn;3;1003;Typical;Typical;Paved;8;2008;379000
Residential_Medium_Density;21;1890;Pave;Regular;AllPub;Inside;Briardale;Two_Story;Above_Average;Good;1972;1972;HdBoard;HdBoard;GasA;Excellent;Y;SBrkr;494;536;0;1030;0;0;1;1;3;1;Typical;6;0;No_Fireplace;Detchd;1;264;Typical;Typical;Paved;7;2006;116000
Residential_Low_Density;89;12898;Pave;Slightly_Irregular;AllPub;Inside;Timberland;One_Story;Excellent;Average;2007;2008;VinylSd;VinylSd;GasA;Excellent;Y;SBrkr;1620;0;0;1620;1;0;2;0;2;1;Excellent;6;1;Excellent;Attchd;3;912;Typical;Typical;Paved;9;2009;315500
Residential_Low_Density;0;6820;Pave;Slightly_Irregular;AllPub;Corner;Stone_Brook;One_Story;Very_Good;Average;1985;1985;HdBoard;HdBoard;GasA;Typical;Y;SBrkr;1502;0;0;1502;1;0;1;1;1;1;Good;4;0;No_Fireplace;Attchd;2;528;Typical;Typical;Paved;6;2010;212000
Residential_Medium_Density;21;1890;Pave;Regular;AllPub;Inside;Meadow_Village;Two_Story;Below_Average;Fair;1976;1976;CemntBd;CmentBd;GasA;Excellent;Y;SBrkr;546;546;0;1092;0;0;1;1;3;1;Typical;6;0;No_Fireplace;Attchd;1;286;Typical;Typical;Paved;4;2007;75190
Residential_Low_Density;63;12292;Pave;Slightly_Irregular;AllPub;CulDSac;Stone_Brook;Two_Story;Excellent;Average;2006;2006;VinylSd;VinylSd;GasA;Excellent;Y;SBrkr;1102;1371;0;2473;0;0;2;1;4;1;Good;11;1;Good;BuiltIn;3;675;Typical;Typical;Paved;7;2006;356383
Residential_Low_Density;55;7150;Pave;Regular;AllPub;Inside;North_Ames;One_and_Half_Fin;Below_Average;Below_Average;1955;1955;MetalSd;MetalSd;GasA;Good;Y;SBrkr;1040;500;0;1540;1;0;1;0;4;1;Fair;7;0;No_Fireplace;Detchd;1;352;Typical;Typical;Paved;8;2007;115000
Residential_Medium_Density;21;1680;Pave;Regular;AllPub;Inside;Briardale;Two_Story;Above_Average;Average;1973;1973;HdBoard;HdBoard;GasA;Typical;Y;SBrkr;483;504;0;987;0;1;1;1;2;1;Typical;5;0;No_Fireplace;Detchd;1;264;Typical;Typical;Paved;2;2008;103400
Residential_Low_Density;73;8925;Pave;Slightly_Irregular;AllPub;Inside;Timberland;One_Story;Very_Good;Average;2007;2007;VinylSd;VinylSd;GasA;Excellent;Y;SBrkr;1466;0;0;1466;0;0;2;0;3;1;Good;7;0;No_Fireplace;Attchd;3;610;Typical;Typical;Paved;7;2009;201000
Residential_Low_Density;79;14122;Pave;Slightly_Irregular;AllPub;Inside;Northridge_Heights;One_Story;Very_Good;Average;2005;2006;CemntBd;CmentBd;GasA;Excellent;Y;SBrkr;1822;0;0;1822;0;0;2;0;3;1;Excellent;8;1;Good;Attchd;3;678;Typical;Typical;Paved;2;2010;259000
Residential_Low_Density;92;10845;Pave;Slightly_Irregular;AllPub;Corner;Northridge_Heights;One_Story;Very_Good;Average;2003;2004;VinylSd;VinylSd;GasA;Excellent;Y;SBrkr;1575;0;0;1575;1;0;2;0;2;1;Good;7;1;Typical;Attchd;3;732;Typical;Typical;Paved;6;2008;284000
Residential_Low_Density;50;7500;Pave;Regular;AllPub;Inside;North_Ames;One_and_Half_Fin;Above_Average;Above_Average;1947;1950;VinylSd;VinylSd;GasA;Excellent;Y;FuseA;900;412;0;1312;0;0;1;1;3;1;Typical;6;0;No_Fireplace;Detchd;2;649;Typical;Typical;Paved;10;2006;127000
Residential_Low_Density;34;5122;Pave;Slightly_Irregular;AllPub;Inside;Northridge_Heights;One_Story;Above_Average;Average;2005;2005;VinylSd;VinylSd;GasA;Excellent;Y;SBrkr;1306;0;0;1306;1;0;2;0;1;1;Good;5;1;Good;Attchd;2;624;Typical;Typical;Paved;3;2009;184500
Residential_Low_Density;74;7844;Pave;Regular;AllPub;Inside;Sawyer;Two_Story;Above_Average;Good;1978;1978;HdBoard;HdBoard;GasA;Typical;Y;SBrkr;672;728;0;1400;0;0;1;1;3;1;Typical;6;1;Typical;Attchd;2;440;Typical;Typical;Paved;3;2006;149500
Residential_Low_Density;80;9760;Pave;Regular;AllPub;Inside;North_Ames;Two_Story;Above_Average;Very_Good;1964;1993;Wd Sdng;Wd Sdng;GasA;Good;Y;SBrkr;1020;831;0;1851;0;0;2;1;3;1;Good;7;1;Fair;Attchd;2;440;Typical;Typical;Paved;7;2007;187000
Residential_Low_Density;70;10512;Pave;Regular;AllPub;Inside;Edwards;One_and_Half_Fin;Above_Average;Above_Average;1954;1954;Wd Sdng;Wd Sdng;GasA;Excellent;Y;SBrkr;988;638;0;1626;0;0;1;1;3;1;Good;6;0;No_Fireplace;Attchd;1;332;Typical;Typical;Paved;5;2007;154000
Residential_Low_Density;53;4043;Pave;Regular;AllPub;Inside;Northpark_Villa;One_Story;Above_Average;Average;1975;1975;Plywood;Plywood;GasA;Good;Y;SBrkr;1069;0;0;1069;0;1;2;0;2;1;Typical;4;1;Poor;Attchd;2;440;Typical;Typical;Paved;7;2006;146300
Residential_Low_Density;0;16635;Pave;Slightly_Irregular;AllPub;FR2;Northwest_Ames;One_Story;Above_Average;Good;1977;2000;CemntBd;CmentBd;GasA;Good;Y;SBrkr;1602;0;0;1602;0;1;2;0;3;1;Good;8;1;Typical;Attchd;2;529;Typical;Typical;Paved;6;2009;215000
Residential_Low_Density;80;11316;Pave;Regular;AllPub;Corner;Timberland;Two_Story;Good;Average;2002;2003;VinylSd;VinylSd;GasA;Excellent;Y;SBrkr;824;1070;0;1894;1;0;2;1;4;1;Good;8;1;Good;BuiltIn;2;510;Typical;Typical;Paved;2;2010;214900
Residential_Medium_Density;21;1477;Pave;Regular;AllPub;Inside;Meadow_Village;Two_Story;Above_Average;Excellent;1970;2007;CemntBd;CmentBd;GasA;Excellent;Y;SBrkr;546;546;0;1092;0;0;2;1;3;1;Typical;6;0;No_Fireplace;No_Garage;0;0;No_Garage;No_Garage;Paved;3;2008;98000
Residential_Low_Density;74;9627;Pave;Regular;AllPub;Inside;Mitchell;Two_Story;Good;Average;1993;1994;HdBoard;HdBoard;GasA;Excellent;Y;SBrkr;996;1004;0;2000;0;0;2;1;3;1;Typical;9;1;Typical;Attchd;3;650;Typical;Typical;Paved;11;2006;188000
Residential_Low_Density;75;9675;Pave;Regular;AllPub;Inside;Somerset;Two_Story;Good;Average;2005;2005;VinylSd;VinylSd;GasA;Excellent;Y;SBrkr;1113;858;0;1971;0;0;2;1;3;1;Good;8;1;Good;Attchd;2;689;Typical;Typical;Paved;2;2009;253000
Residential_Low_Density;80;8800;Pave;Regular;AllPub;Inside;North_Ames;One_Story;Above_Average;Above_Average;1964;1964;HdBoard;HdBoard;GasA;Typical;Y;SBrkr;1251;0;0;1251;1;0;1;0;3;1;Typical;6;2;Good;Attchd;1;461;Typical;Typical;Paved;3;2006;160000
Floating_Village_Residential;34;2998;Pave;Regular;AllPub;Inside;Somerset;Two_Story;Above_Average;Average;2000;2000;MetalSd;MetalSd;GasA;Excellent;Y;SBrkr;756;756;0;1512;1;0;2;1;2;1;Good;4;0;No_Fireplace;Detchd;2;440;Typical;Typical;Paved;8;2009;180000
Residential_Low_Density;43;7000;Pave;Regular;AllPub;Inside;South_and_West_of_Iowa_State_University;Two_Story;Good;Very_Good;1926;1997;Wd Sdng;Stucco;GasA;Excellent;Y;SBrkr;743;736;0;1479;1;0;1;0;3;1;Good;6;2;Good;Detchd;1;312;Typical;Typical;Paved;5;2006;160000
Residential_Low_Density;50;8012;Pave;Regular;AllPub;Inside;Sawyer_West;One_Story;Above_Average;Average;1980;1980;Plywood;Plywood;GasA;Typical;Y;SBrkr;923;0;0;923;0;0;2;0;2;1;Typical;5;1;Typical;Attchd;1;264;Typical;Typical;Paved;5;2010;143000
Residential_Low_Density;60;7626;Pave;Regular;AllPub;Inside;North_Ames;One_Story;Average;Very_Good;1952;2005;Wd Sdng;Wd Sdng;GasA;Good;Y;SBrkr;1031;0;0;1031;1;0;1;0;2;1;Good;5;0;No_Fireplace;Attchd;1;230;Typical;Typical;Paved;3;2009;145500
Residential_Low_Density;80;9650;Pave;Regular;AllPub;Inside;Northwest_Ames;One_Story;Above_Average;Average;1977;1977;Plywood;Plywood;GasA;Typical;Y;SBrkr;1334;0;0;1334;0;1;2;0;2;1;Typical;6;1;Typical;Attchd;2;630;Typical;Typical;Paved;4;2009;167900
Residential_Low_Density;0;13031;Pave;Moderately_Irregular;AllPub;Corner;Gilbert;Two_Story;Above_Average;Average;1995;1996;HdBoard;HdBoard;GasA;Good;Y;SBrkr;691;807;0;1498;0;0;2;1;3;1;Typical;6;1;Typical;Attchd;2;409;Typical;Typical;Paved;7;2006;187500
Residential_Low_Density;0;11200;Pave;Regular;AllPub;Inside;Sawyer_West;One_Story;Above_Average;Average;1985;1985;Wd Sdng;Wd Shng;GasA;Typical;Y;SBrkr;1298;0;0;1298;1;0;2;0;3;1;Good;5;1;Typical;Attchd;2;403;Typical;Typical;Paved;5;2006;180000
Residential_Low_Density;75;9937;Pave;Regular;AllPub;Corner;Edwards;One_Story;Average;Good;1964;1999;MetalSd;MetalSd;GasA;Excellent;Y;SBrkr;1486;0;0;1486;1;0;1;0;3;1;Typical;7;0;No_Fireplace;Detchd;2;480;Typical;Typical;Paved;3;2009;167000
Residential_Low_Density;0;6897;Pave;Slightly_Irregular;AllPub;Corner;Sawyer;One_Story;Average;Very_Good;1962;2010;HdBoard;HdBoard;GasA;Excellent;Y;SBrkr;1040;0;0;1040;1;0;1;1;3;1;Typical;6;0;No_Fireplace;Detchd;1;260;Typical;Typical;Paved;4;2010;127000
Residential_Low_Density;0;10624;Pave;Slightly_Irregular;AllPub;Inside;North_Ames;One_Story;Average;Below_Average;1964;1964;HdBoard;HdBoard;GasA;Typical;Y;SBrkr;1728;0;0;1728;0;1;2;0;6;2;Typical;10;0;No_Fireplace;Detchd;1;352;Typical;Typical;Paved;11;2007;119000
Residential_Low_Density;0;14541;Pave;Slightly_Irregular;AllPub;Corner;Northridge;Two_Story;Very_Good;Good;1993;1993;MetalSd;MetalSd;GasA;Excellent;Y;SBrkr;1352;1168;0;2520;1;0;2;1;5;1;Good;10;1;Typical;Attchd;3;796;Typical;Typical;Paved;11;2006;310000
Floating_Village_Residential;30;3180;Pave;Regular;AllPub;Inside;Somerset;Two_Story;Good;Average;2005;2005;MetalSd;MetalSd;GasA;Excellent;Y;SBrkr;520;600;80;1200;0;0;2;1;2;1;Good;4;0;No_Fireplace;Detchd;2;480;Typical;Typical;Paved;6;2006;151000
Residential_Low_Density;0;9233;Pave;Slightly_Irregular;AllPub;Inside;Northridge;Two_Story;Excellent;Average;2000;2000;VinylSd;VinylSd;GasA;Excellent;Y;SBrkr;1540;1315;0;2855;1;0;2;1;4;1;Excellent;9;1;Typical;Attchd;3;774;Typical;Typical;Paved;3;2006;405000
Residential_Low_Density;70;8400;Pave;Regular;AllPub;Inside;Sawyer_West;Two_Story;Above_Average;Above_Average;1980;1981;HdBoard;HdBoard;GasA;Typical;Y;SBrkr;888;676;0;1564;0;0;2;1;3;1;Typical;7;1;Typical;Attchd;2;476;Typical;Typical;Paved;4;2010;171000
Residential_Low_Density;48;10635;Pave;Moderately_Irregular;AllPub;FR2;College_Creek;One_Story;Very_Good;Average;2003;2003;VinylSd;VinylSd;GasA;Excellent;Y;SBrkr;1668;0;0;1668;1;0;2;0;3;1;Good;8;1;Typical;Attchd;2;502;Typical;Typical;Paved;5;2010;232000
Residential_Low_Density;80;8000;Pave;Regular;AllPub;Inside;North_Ames;SLvl;Average;Average;1959;1959;BrkFace;Plywood;GasA;Typical;Y;SBrkr;1183;0;0;1183;1;0;1;0;3;1;Typical;6;0;No_Fireplace;Attchd;1;288;Typical;Typical;Paved;7;2009;138000
Residential_Low_Density;80;10000;Pave;Regular;AllPub;Inside;Northwest_Ames;One_Story;Average;Above_Average;1973;2000;HdBoard;HdBoard;GasA;Good;Y;SBrkr;1178;0;0;1178;0;1;1;1;3;1;Good;5;1;Fair;Attchd;2;439;Typical;Typical;Paved;11;2008;157000
Residential_Low_Density;75;9910;Pave;Regular;AllPub;Inside;Somerset;One_Story;Good;Above_Average;2007;2007;VinylSd;VinylSd;GasA;Excellent;Y;SBrkr;1369;0;0;1369;0;0;2;0;3;1;Good;5;0;No_Fireplace;Attchd;2;605;Typical;Typical;Paved;9;2007;213133
Residential_Low_Density;0;9900;Pave;Regular;AllPub;Inside;Northwest_Ames;Two_Story;Good;Average;1968;1968;MetalSd;MetalSd;GasA;Good;Y;SBrkr;1098;880;0;1978;0;0;2;1;4;1;Typical;9;1;Good;Attchd;2;486;Typical;Typical;Paved;4;2008;176000
Residential_Low_Density;113;21281;Pave;Regular;AllPub;Inside;North_Ames;Two_Story;Average;Below_Average;1935;2007;Wd Sdng;MetalSd;GasA;Good;Y;SBrkr;1308;1778;0;3086;0;0;3;1;4;1;Good;9;0;No_Fireplace;BuiltIn;3;1200;Typical;Typical;Paved;11;2007;301600
Residential_Low_Density;75;7500;Pave;Regular;AllPub;Inside;North_Ames;One_Story;Average;Good;1959;1994;BrkFace;BrkFace;GasA;Excellent;Y;SBrkr;1246;0;0;1246;1;0;1;1;3;1;Good;6;0;No_Fireplace;Attchd;1;305;Typical;Typical;Paved;5;2010;154000
Residential_Low_Density;83;9849;Pave;Regular;AllPub;Inside;Somerset;One_Story;Good;Above_Average;2007;2007;VinylSd;VinylSd;GasA;Excellent;Y;SBrkr;1689;0;0;1689;0;0;2;0;3;1;Good;7;0;No_Fireplace;Attchd;3;954;Typical;Typical;Paved;6;2007;248328
Residential_Low_Density;70;9100;Pave;Regular;AllPub;Inside;College_Creek;One_Story;Good;Average;2004;2005;VinylSd;VinylSd;GasA;Excellent;Y;SBrkr;1836;0;0;1836;0;0;2;0;3;1;Good;8;1;Good;Attchd;2;484;Typical;Typical;Paved;10;2006;216837
Residential_Low_Density;66;7742;Pave;Regular;AllPub;Inside;Sawyer;One_Story;Average;Good;1966;1966;HdBoard;HdBoard;GasA;Excellent;Y;SBrkr;955;0;0;955;1;0;1;0;3;1;Typical;6;0;No_Fireplace;Attchd;1;386;Typical;Typical;Paved;1;2007;127000
Floating_Village_Residential;36;3951;Pave;Slightly_Irregular;AllPub;Inside;Somerset;Two_Story;Very_Excellent;Average;1998;1999;BrkFace;MetalSd;GasA;Excellent;Y;SBrkr;1469;924;0;2393;1;0;2;1;2;1;Excellent;7;1;Typical;Attchd;2;846;Typical;Typical;Paved;2;2008;345000
Residential_Low_Density;82;9488;Pave;Regular;AllPub;Inside;Sawyer;One_Story;Average;Above_Average;1947;1993;VinylSd;VinylSd;GasA;Good;N;SBrkr;1054;0;0;1054;0;0;1;0;3;1;Typical;6;0;No_Fireplace;Detchd;1;240;Typical;Typical;Paved;9;2008;124000
Residential_Low_Density;73;8760;Pave;Regular;AllPub;Inside;North_Ames;One_Story;Above_Average;Good;1957;1999;VinylSd;VinylSd;GasA;Typical;Y;SBrkr;936;0;0;936;1;0;1;0;2;1;Good;4;0;No_Fireplace;Attchd;1;315;Typical;Typical;Paved;9;2007;141000
Residential_Low_Density;91;14303;Pave;Slightly_Irregular;AllPub;Corner;Northridge;One_Story;Very_Good;Average;1994;1994;HdBoard;HdBoard;GasA;Excellent;Y;SBrkr;1987;0;0;1987;1;0;2;0;2;1;Good;7;1;Typical;Attchd;2;691;Typical;Typical;Paved;8;2008;301500
Residential_Low_Density;88;12665;Pave;Slightly_Irregular;AllPub;Inside;Timberland;Two_Story;Very_Good;Average;2005;2006;VinylSd;VinylSd;GasA;Excellent;Y;SBrkr;1133;1349;0;2482;0;0;2;1;4;1;Good;9;1;Good;BuiltIn;3;642;Typical;Typical;Paved;2;2007;281213
Residential_Low_Density;0;12342;Pave;Slightly_Irregular;AllPub;Inside;North_Ames;One_Story;Average;Average;1960;1978;Wd Sdng;Wd Sdng;GasA;Typical;Y;SBrkr;1422;0;0;1422;0;0;1;0;3;1;Typical;6;1;Typical;Attchd;1;286;Typical;Typical;Paved;8;2007;139900
Residential_Low_Density;0;50102;Pave;Slightly_Irregular;AllPub;Inside;Timberland;One_Story;Above_Average;Average;1958;1958;Plywood;Plywood;GasA;Typical;Y;SBrkr;1650;0;0;1650;1;0;1;0;2;1;Typical;6;2;Good;Attchd;2;518;Typical;Typical;Paved;3;2006;250764
Residential_Medium_Density;50;7000;Pave;Regular;AllPub;Inside;Iowa_DOT_and_Rail_Road;One_Story;Above_Average;Very_Good;1926;1998;VinylSd;VinylSd;GasA;Typical;Y;SBrkr;919;0;0;919;1;0;1;0;2;1;Typical;5;0;No_Fireplace;Detchd;1;195;Typical;Typical;Partial_Pavement;7;2008;126000
Floating_Village_Residential;0;8470;Pave;Regular;AllPub;Corner;Somerset;Two_Story;Very_Good;Average;2002;2002;VinylSd;VinylSd;GasA;Excellent;Y;SBrkr;972;839;0;1811;0;0;2;1;3;1;Good;7;1;Good;Attchd;2;565;Typical;Typical;Paved;10;2009;235000
C_all;0;6449;Pave;Slightly_Irregular;AllPub;Inside;South_and_West_of_Iowa_State_University;Two_Story;Below_Average;Very_Poor;1907;1950;Wd Sdng;Stucco;GasW;Typical;N;SBrkr;942;942;0;1884;0;0;1;1;4;1;Typical;7;0;No_Fireplace;No_Garage;0;0;No_Garage;No_Garage;Dirt_Gravel;3;2010;93369
Residential_Medium_Density;63;11426;Pave;Regular;AllPub;Inside;Old_Town;One_and_Half_Fin;Below_Average;Above_Average;1910;1996;Wd Sdng;Wd Sdng;GasA;Good;Y;FuseA;828;658;108;1594;0;0;2;0;3;2;Typical;9;0;No_Fireplace;No_Garage;0;0;No_Garage;No_Garage;Dirt_Gravel;6;2008;118000
Residential_Low_Density;100;9600;Pave;Slightly_Irregular;AllPub;Inside;North_Ames;SLvl;Above_Average;Average;1961;1961;WdShing;Wd Shng;GasA;Typical;Y;SBrkr;1254;0;0;1254;1;0;1;0;3;1;Typical;6;1;Good;Attchd;2;525;Typical;Typical;Paved;5;2007;158500
Residential_Medium_Density;90;9900;Pave;Regular;AllPub;Inside;Old_Town;Two_Story;Above_Average;Below_Average;1880;1950;Wd Sdng;Wd Sdng;GasW;Typical;Y;SBrkr;1178;1032;0;2210;0;0;2;0;5;1;Fair;8;0;No_Fireplace;Detchd;1;205;Fair;Typical;Dirt_Gravel;5;2007;117500
Residential_Low_Density;87;13050;Pave;Regular;AllPub;Inside;Clear_Creek;One_Story;Average;Above_Average;1963;1963;WdShing;Wd Shng;GasA;Excellent;Y;SBrkr;1000;0;0;1000;1;0;1;0;1;1;Typical;4;2;Typical;Attchd;2;575;Typical;Typical;Paved;4;2006;164000
Residential_Low_Density;70;10457;Pave;Slightly_Irregular;AllPub;Inside;Mitchell;Two_Story;Average;Good;1969;1969;VinylSd;VinylSd;GasA;Excellent;Y;SBrkr;784;848;0;1632;0;0;1;1;4;1;Typical;7;1;Typical;Attchd;2;898;Typical;Typical;Paved;4;2009;173000
Residential_Low_Density;80;8000;Pave;Regular;AllPub;Corner;North_Ames;One_Story;Average;Below_Average;1961;1961;BrkFace;BrkFace;GasA;Excellent;N;SBrkr;1800;0;0;1800;0;0;2;0;6;2;Typical;10;0;No_Fireplace;No_Garage;0;0;No_Garage;No_Garage;Paved;7;2007;141000
Residential_Low_Density;76;10141;Pave;Slightly_Irregular;AllPub;Inside;Sawyer_West;One_Story;Very_Good;Average;2004;2004;VinylSd;VinylSd;GasA;Excellent;Y;SBrkr;1512;0;0;1512;0;0;2;0;3;1;Good;6;0;No_Fireplace;Attchd;3;845;Typical;Typical;Paved;1;2009;203000
Residential_Low_Density;73;8987;Pave;Regular;AllPub;Inside;Somerset;One_Story;Very_Good;Average;2005;2006;VinylSd;VinylSd;GasA;Excellent;Y;SBrkr;1595;0;0;1595;0;0;2;0;2;1;Good;6;1;Good;Attchd;3;880;Typical;Typical;Paved;5;2010;221500
Residential_Medium_Density;24;2016;Pave;Regular;AllPub;Inside;Briardale;Two_Story;Average;Average;1970;1970;HdBoard;HdBoard;GasA;Typical;Y;SBrkr;630;672;0;1302;0;0;2;1;3;1;Typical;6;0;No_Fireplace;Detchd;2;440;Typical;Typical;Paved;4;2007;106000
Residential_Low_Density;60;14190;Pave;Regular;AllPub;Inside;Old_Town;One_and_Half_Fin;Below_Average;Good;1890;2006;VinylSd;VinylSd;GasA;Good;Y;SBrkr;1000;544;0;1544;0;0;2;0;3;1;Typical;7;0;No_Fireplace;No_Garage;0;0;No_Garage;No_Garage;Dirt_Gravel;4;2007;138000
Floating_Village_Residential;30;3182;Pave;Regular;AllPub;Inside;Somerset;Two_Story;Good;Average;2004;2005;MetalSd;MetalSd;GasA;Excellent;Y;SBrkr;600;600;0;1200;0;0;2;1;2;1;Good;4;0;No_Fireplace;Detchd;2;480;Typical;Typical;Paved;6;2010;151000
Residential_Low_Density;60;7200;Pave;Regular;AllPub;Inside;North_Ames;One_and_Half_Fin;Average;Below_Average;1950;1982;VinylSd;Wd Sdng;GasA;Good;Y;FuseA;1136;768;0;1904;1;0;1;1;3;1;Typical;7;0;No_Fireplace;Attchd;1;240;Typical;Typical;Paved;5;2009;138000
Residential_Low_Density;0;14781;Pave;Moderately_Irregular;AllPub;CulDSac;College_Creek;One_Story;Very_Good;Average;2001;2002;VinylSd;VinylSd;GasA;Excellent;Y;SBrkr;1787;0;0;1787;0;0;2;0;3;1;Good;7;1;Typical;Attchd;3;748;Typical;Typical;Paved;8;2006;275000
Residential_Low_Density;63;13072;Pave;Regular;AllPub;Inside;Sawyer_West;One_Story;Above_Average;Average;2005;2006;VinylSd;VinylSd;GasA;Excellent;Y;SBrkr;1131;0;0;1131;0;0;1;1;3;1;Good;6;0;No_Fireplace;No_Garage;0;0;No_Garage;No_Garage;Paved;3;2006;132000
Residential_Low_Density;34;5001;Pave;Slightly_Irregular;AllPub;Inside;Northridge_Heights;One_Story;Good;Average;2007;2008;VinylSd;VinylSd;GasA;Excellent;Y;SBrkr;1314;0;0;1314;1;0;2;0;2;1;Good;6;1;Good;Attchd;2;626;Typical;Typical;Paved;7;2009;230000
Residential_Low_Density;84;8658;Pave;Regular;AllPub;Inside;North_Ames;One_Story;Above_Average;Average;1965;1965;Wd Sdng;Wd Sdng;GasA;Excellent;Y;SBrkr;1324;0;0;1324;0;0;2;0;3;1;Typical;6;1;Typical;Attchd;2;440;Typical;Typical;Paved;12;2006;160000
Residential_Low_Density;65;6768;Pave;Slightly_Irregular;AllPub;Inside;Sawyer;One_Story;Above_Average;Very_Good;1961;1996;HdBoard;HdBoard;GasA;Good;Y;SBrkr;912;0;0;912;1;1;1;0;3;1;Good;5;0;No_Fireplace;Detchd;1;288;Typical;Typical;Paved;5;2008;142000
Residential_Low_Density;0;9477;Pave;Regular;AllPub;Corner;North_Ames;One_Story;Average;Average;1966;1966;HdBoard;HdBoard;GasA;Typical;Y;SBrkr;892;0;0;892;0;0;1;0;3;1;Typical;5;0;No_Fireplace;Attchd;1;264;Typical;Typical;Paved;10;2008;110000
Residential_Low_Density;0;17541;Pave;Slightly_Irregular;AllPub;Corner;Edwards;One_Story;Average;Good;1948;2005;Wd Sdng;Wd Sdng;GasA;Excellent;Y;SBrkr;1325;0;0;1325;0;0;2;0;3;1;Good;6;1;Typical;Detchd;2;576;Typical;Typical;Paved;7;2007;216000
Residential_Low_Density;63;8487;Pave;Regular;AllPub;FR2;College_Creek;One_Story;Good;Average;2004;2004;VinylSd;VinylSd;GasA;Excellent;Y;SBrkr;1500;0;0;1500;0;0;2;0;3;1;Good;6;0;No_Fireplace;Attchd;2;570;Typical;Typical;Paved;8;2009;190000
Residential_Low_Density;0;11000;Pave;Regular;AllPub;FR2;Northridge;Two_Story;Very_Good;Average;2000;2000;VinylSd;VinylSd;GasA;Excellent;Y;SBrkr;997;1288;0;2285;0;0;2;1;4;1;Good;8;1;Typical;BuiltIn;3;648;Typical;Typical;Paved;6;2007;248000
Residential_Low_Density;106;11194;Pave;Slightly_Irregular;AllPub;Corner;Gilbert;Two_Story;Very_Good;Average;2000;2000;VinylSd;VinylSd;GasA;Excellent;Y;SBrkr;1454;482;0;1936;0;0;2;1;3;1;Good;7;1;Typical;Attchd;2;504;Typical;Typical;Paved;11;2006;230500
Residential_Low_Density;82;12438;Pave;Slightly_Irregular;AllPub;Inside;Stone_Brook;Two_Story;Very_Good;Average;2006;2006;VinylSd;VinylSd;GasA;Excellent;Y;SBrkr;1264;1312;0;2576;0;0;2;1;4;1;Excellent;10;1;Good;BuiltIn;3;666;Typical;Typical;Paved;7;2006;361919
Residential_Medium_Density;60;10120;Pave;Slightly_Irregular;AllPub;Inside;Old_Town;Two_and_Half_Unf;Good;Below_Average;1910;1950;Wd Sdng;Wd Sdng;GasA;Typical;N;FuseF;964;925;0;1889;0;0;1;1;4;2;Typical;9;1;Good;Detchd;1;308;Typical;Typical;Dirt_Gravel;1;2007;122000
Residential_Low_Density;88;11782;Pave;Slightly_Irregular;AllPub;Inside;Sawyer;SFoyer;Average;Good;1961;1995;HdBoard;HdBoard;GasA;Typical;Y;SBrkr;1155;0;0;1155;1;0;1;0;3;1;Good;6;0;No_Fireplace;Detchd;2;576;Typical;Typical;Paved;6;2010;148000
Residential_Low_Density;64;7360;Pave;Regular;AllPub;Inside;College_Creek;One_Story;Good;Average;2010;2010;VinylSd;VinylSd;GasA;Excellent;Y;SBrkr;1222;0;0;1222;0;0;2;0;2;1;Good;6;0;No_Fireplace;Attchd;2;615;Typical;Typical;Paved;3;2010;187000
Residential_Medium_Density;50;9000;Pave;Regular;AllPub;Inside;Old_Town;Two_Story;Very_Good;Excellent;1890;2002;Wd Sdng;Wd Sdng;GasA;Excellent;Y;SBrkr;1157;1111;0;2268;0;0;3;0;3;1;Good;7;0;No_Fireplace;Detchd;2;624;Typical;Typical;Dirt_Gravel;4;2010;240000
Residential_Low_Density;70;8810;Pave;Regular;AllPub;Inside;College_Creek;One_Story;Good;Average;2003;2003;VinylSd;VinylSd;GasA;Excellent;Y;SBrkr;1390;0;0;1390;1;0;2;0;3;1;Good;7;0;No_Fireplace;Attchd;2;545;Typical;Typical;Paved;3;2006;207000
Residential_Low_Density;71;9353;Pave;Regular;AllPub;Inside;North_Ames;One_Story;Below_Average;Average;1970;1970;MetalSd;MetalSd;GasA;Good;Y;SBrkr;864;0;0;864;0;0;1;0;3;1;Typical;5;0;No_Fireplace;Attchd;1;280;Typical;Typical;Paved;7;2006;116050
Residential_Low_Density;64;8712;Pave;Slightly_Irregular;AllPub;Inside;North_Ames;One_Story;Average;Good;1957;2000;MetalSd;MetalSd;GasA;Typical;Y;SBrkr;1306;0;0;1306;1;0;1;0;2;1;Typical;5;0;No_Fireplace;Detchd;1;756;Typical;Typical;Paved;5;2009;153000
Residential_Medium_Density;50;6000;Pave;Regular;AllPub;Inside;Brookside;One_and_Half_Fin;Above_Average;Average;1939;1950;Wd Sdng;Wd Sdng;GasA;Excellent;Y;SBrkr;874;468;0;1342;0;0;2;0;2;2;Typical;7;1;Good;Detchd;1;240;Typical;Typical;Paved;4;2008;105000
Residential_Low_Density;80;8000;Pave;Regular;AllPub;Inside;Northwest_Ames;Two_Story;Above_Average;Above_Average;1970;1970;VinylSd;VinylSd;GasA;Typical;Y;SBrkr;1403;1008;0;2411;1;0;2;1;4;1;Typical;8;1;Poor;Attchd;2;570;Typical;Typical;Paved;6;2007;240050
Residential_Medium_Density;65;7800;Pave;Regular;AllPub;Inside;Old_Town;One_and_Half_Fin;Average;Good;1939;1950;MetalSd;MetalSd;GasA;Typical;Y;SBrkr;793;325;0;1118;1;0;1;0;3;1;Typical;5;1;Good;Detchd;2;410;Typical;Typical;Paved;5;2006;119900
Residential_Low_Density;53;3710;Pave;Regular;AllPub;Inside;Bloomington_Heights;One_Story;Good;Average;2007;2007;VinylSd;VinylSd;GasA;Excellent;Y;SBrkr;1266;0;0;1266;0;0;2;0;2;1;Good;6;1;Good;Attchd;2;388;Typical;Typical;Paved;8;2007;185485
Residential_Low_Density;65;7153;Pave;Regular;AllPub;Inside;Sawyer_West;Two_Story;Above_Average;Average;1992;1992;VinylSd;VinylSd;GasA;Excellent;Y;SBrkr;810;793;0;1603;0;0;2;1;3;1;Good;7;0;No_Fireplace;Attchd;2;484;Typical;Typical;Paved;7;2006;175900
Residential_Low_Density;69;7590;Pave;Regular;AllPub;Inside;North_Ames;One_Story;Average;Average;1963;1963;Wd Sdng;Wd Sdng;GasA;Excellent;Y;SBrkr;1117;0;0;1117;0;0;1;0;3;1;Typical;6;0;No_Fireplace;Attchd;1;264;Typical;Typical;Paved;5;2008;136870
Residential_Medium_Density;68;8930;Pave;Regular;AllPub;Inside;Sawyer;One_and_Half_Fin;Above_Average;Average;1978;1978;VinylSd;VinylSd;GasA;Typical;Y;SBrkr;1318;584;0;1902;0;0;2;0;4;2;Typical;8;0;No_Fireplace;Attchd;2;539;Typical;Typical;Paved;4;2010;112000
Residential_Low_Density;93;12030;Pave;Regular;AllPub;Inside;Northridge_Heights;One_Story;Very_Good;Average;2007;2007;VinylSd;VinylSd;GasA;Excellent;Y;SBrkr;1694;0;0;1694;0;0;2;0;3;1;Good;7;0;No_Fireplace;Attchd;3;818;Typical;Typical;Paved;12;2007;318000
Residential_Low_Density;60;17433;Pave;Moderately_Irregular;AllPub;CulDSac;Northridge;Two_Story;Very_Good;Average;1998;1998;VinylSd;VinylSd;GasA;Excellent;Y;SBrkr;1645;830;0;2475;0;0;2;1;4;1;Good;7;1;Typical;Attchd;3;962;Typical;Typical;Paved;1;2010;355000
Residential_Low_Density;0;11454;Pave;Moderately_Irregular;AllPub;Corner;Sawyer_West;SLvl;Very_Good;Average;1995;1995;VinylSd;VinylSd;GasA;Excellent;Y;SBrkr;1511;0;0;1511;1;0;2;0;3;1;Good;6;1;Fair;Attchd;3;811;Typical;Typical;Paved;2;2008;225000
Residential_Low_Density;100;25000;Pave;Regular;AllPub;Inside;Mitchell;One_Story;Average;Below_Average;1967;1967;HdBoard;Plywood;GasA;Typical;Y;SBrkr;1632;0;0;1632;0;0;2;0;4;2;Typical;8;0;No_Fireplace;Attchd;2;576;Typical;Typical;Partial_Pavement;6;2007;143000
Residential_Low_Density;0;18800;Pave;Slightly_Irregular;AllPub;FR2;Northwest_Ames;Two_Story;Above_Average;Average;1976;1976;HdBoard;HdBoard;GasA;Typical;Y;SBrkr;790;784;0;1574;1;0;2;1;3;1;Typical;6;1;Typical;Attchd;2;566;Typical;Typical;Paved;7;2006;190000
Residential_Low_Density;70;9100;Pave;Regular;AllPub;Inside;Crawford;One_Story;Average;Above_Average;1954;1954;BrkFace;BrkFace;GasA;Excellent;Y;SBrkr;1112;0;0;1112;1;0;1;0;2;1;Typical;6;1;Good;Attchd;1;390;Typical;Typical;Paved;10;2009;144800
Residential_Low_Density;83;13383;Pave;Slightly_Irregular;AllPub;Inside;Mitchell;One_Story;Average;Average;1969;2000;HdBoard;HdBoard;GasA;Excellent;Y;SBrkr;1404;0;0;1404;0;0;2;0;3;1;Typical;7;1;Poor;Attchd;2;504;Typical;Typical;Paved;3;2009;160000
Residential_Low_Density;0;9830;Pave;Slightly_Irregular;AllPub;Corner;North_Ames;One_Story;Average;Good;1959;2006;Wd Sdng;Wd Sdng;GasA;Excellent;Y;SBrkr;1287;0;0;1287;1;0;1;0;3;1;Good;7;1;Good;Detchd;2;576;Typical;Typical;Paved;3;2010;162000
Residential_Medium_Density;21;2058;Pave;Regular;AllPub;Inside;Briardale;Two_Story;Above_Average;Average;1973;1973;HdBoard;HdBoard;GasA;Excellent;Y;SBrkr;672;546;0;1218;0;0;1;1;4;1;Excellent;7;0;No_Fireplace;Detchd;1;264;Typical;Typical;Paved;12;2007;113700
Residential_Low_Density;0;13052;Pave;Slightly_Irregular;AllPub;CulDSac;Sawyer;One_Story;Average;Above_Average;1965;1965;HdBoard;HdBoard;GasA;Typical;Y;SBrkr;1024;0;0;1024;0;0;1;1;3;1;Typical;5;0;No_Fireplace;Attchd;1;308;Typical;Typical;Paved;1;2006;120875
Residential_Low_Density;70;9116;Pave;Regular;AllPub;Corner;Mitchell;One_Story;Very_Good;Average;2001;2001;VinylSd;VinylSd;GasA;Excellent;Y;SBrkr;1491;0;0;1491;0;0;2;0;3;1;Good;7;0;No_Fireplace;Attchd;2;490;Typical;Typical;Paved;5;2006;209000
Residential_Medium_Density;60;6978;Pave;Regular;AllPub;Inside;Old_Town;One_Story;Average;Good;1926;1980;MetalSd;MetalSd;GasA;Typical;Y;SBrkr;960;0;0;960;0;0;1;0;2;1;Typical;5;0;No_Fireplace;Detchd;2;576;Typical;Typical;Paved;4;2007;103000
Residential_Medium_Density;75;9060;Pave;Regular;AllPub;Inside;Iowa_DOT_and_Rail_Road;One_and_Half_Fin;Above_Average;Average;1957;1957;MetalSd;MetalSd;GasA;Good;Y;SBrkr;967;671;0;1638;0;0;2;0;4;1;Good;6;0;No_Fireplace;Detchd;1;384;Typical;Typical;Paved;4;2006;139000
Residential_Low_Density;78;7800;Pave;Regular;AllPub;Inside;North_Ames;One_Story;Average;Above_Average;1954;1954;HdBoard;HdBoard;GasA;Good;Y;SBrkr;1268;0;0;1268;0;0;1;0;2;1;Typical;7;1;Good;Attchd;1;244;Typical;Typical;Paved;3;2010;132000
Residential_Low_Density;74;10778;Pave;Slightly_Irregular;AllPub;Inside;Sawyer_West;SLvl;Good;Above_Average;1990;1991;HdBoard;HdBoard;GasA;Good;Y;SBrkr;1061;0;0;1061;1;0;1;1;1;1;Good;4;0;No_Fireplace;Attchd;2;462;Typical;Typical;Paved;7;2009;162000
Floating_Village_Residential;35;4109;Pave;Slightly_Irregular;AllPub;Inside;Somerset;One_Story;Excellent;Average;1999;2000;VinylSd;VinylSd;GasA;Excellent;Y;SBrkr;1557;0;0;1557;1;0;2;0;2;1;Excellent;5;1;Typical;Attchd;2;484;Typical;Typical;Paved;6;2008;305000
Residential_Low_Density;85;11049;Pave;Regular;AllPub;Corner;College_Creek;One_Story;Very_Good;Average;2007;2007;VinylSd;VinylSd;GasA;Excellent;Y;SBrkr;1234;0;0;1234;0;0;2;0;3;1;Good;7;0;No_Fireplace;Attchd;2;484;Typical;Typical;Paved;1;2008;179900
Residential_Medium_Density;50;3500;Pave;Regular;AllPub;Inside;Old_Town;One_and_Half_Fin;Average;Good;1947;1950;AsbShng;AsbShng;GasA;Typical;Y;SBrkr;720;564;0;1284;0;0;1;1;2;1;Typical;5;0;No_Fireplace;Detchd;1;240;Typical;Typical;Paved;4;2009;110000
Residential_Low_Density;70;8749;Pave;Regular;AllPub;Inside;College_Creek;Two_Story;Good;Average;2003;2003;VinylSd;VinylSd;GasA;Excellent;Y;SBrkr;992;940;0;1932;1;0;2;1;3;1;Good;7;1;Good;Attchd;2;610;Typical;Typical;Paved;6;2007;213000
Residential_Low_Density;108;12228;Pave;Regular;AllPub;Corner;Northridge_Heights;One_Story;Good;Average;2006;2006;VinylSd;VinylSd;GasA;Excellent;Y;SBrkr;1740;0;0;1740;0;0;2;0;4;1;Good;8;0;No_Fireplace;Attchd;3;874;Typical;Typical;Paved;9;2006;293000
Residential_Low_Density;0;20693;Pave;Slightly_Irregular;AllPub;Corner;Crawford;One_Story;Good;Average;1971;1971;Plywood;Plywood;GasA;Excellent;Y;SBrkr;1696;0;0;1696;0;0;2;0;3;1;Typical;7;2;Typical;Attchd;2;625;Typical;Typical;Paved;2;2007;198000
Residential_Low_Density;107;10615;Pave;Slightly_Irregular;AllPub;Corner;Old_Town;Two_Story;Fair;Average;1900;1970;HdBoard;HdBoard;GasA;Typical;Y;SBrkr;1014;685;0;1699;1;0;2;0;3;2;Typical;7;0;No_Fireplace;CarPort;2;420;Fair;Fair;Paved;8;2009;95000
Residential_Low_Density;109;14154;Pave;Regular;AllPub;Corner;Northridge_Heights;Two_Story;Good;Average;2006;2006;VinylSd;VinylSd;GasA;Excellent;Y;SBrkr;1071;1101;0;2172;0;0;2;1;3;1;Good;9;1;Good;Attchd;3;947;Typical;Typical;Paved;8;2007;280000
Residential_Low_Density;0;39384;Pave;Slightly_Irregular;AllPub;CulDSac;North_Ames;One_Story;Above_Average;Above_Average;1957;1957;Wd Sdng;Wd Sdng;GasA;Excellent;Y;SBrkr;1390;0;0;1390;1;0;1;1;1;1;Excellent;4;2;Good;Attchd;2;550;Typical;Typical;Paved;10;2006;252000
Residential_Low_Density;78;9360;Pave;Regular;AllPub;Inside;Northwest_Ames;One_Story;Above_Average;Good;1972;2006;Plywood;Plywood;GasA;Typical;Y;SBrkr;1381;0;0;1381;1;0;1;1;3;1;Good;5;1;Typical;Attchd;2;676;Typical;Typical;Paved;3;2010;197500
Residential_Medium_Density;53;6360;Pave;Regular;AllPub;Corner;Brookside;One_and_Half_Fin;Average;Above_Average;1942;1950;MetalSd;MetalSd;GasA;Typical;Y;FuseA;955;498;0;1453;0;0;1;1;3;1;Good;7;2;Fair;Detchd;1;240;Typical;Typical;Paved;3;2010;132000
Residential_Low_Density;67;8777;Pave;Regular;AllPub;Inside;Edwards;One_Story;Average;Good;1910;1950;MetalSd;Wd Sdng;GasA;Good;Y;FuseA;796;0;0;796;0;0;1;0;2;1;Typical;4;0;No_Fireplace;No_Garage;0;0;No_Garage;No_Garage;Partial_Pavement;5;2008;85000
Residential_Medium_Density;57;7449;Pave;Regular;AllPub;Inside;Iowa_DOT_and_Rail_Road;One_and_Half_Unf;Good;Good;1930;1950;Wd Sdng;Wd Sdng;GasA;Excellent;Y;FuseF;1108;0;0;1108;0;0;1;0;3;1;Good;6;1;Good;Attchd;1;280;Typical;Typical;Dirt_Gravel;6;2007;139400
Residential_Medium_Density;50;6060;Pave;Regular;AllPub;Inside;Iowa_DOT_and_Rail_Road;One_and_Half_Fin;Below_Average;Average;1939;1950;AsbShng;AsbShng;GasA;Good;Y;SBrkr;772;351;0;1123;0;0;1;0;3;1;Typical;4;0;No_Fireplace;Detchd;1;264;Typical;Typical;Partial_Pavement;6;2007;100000
Residential_Low_Density;0;12546;Pave;Slightly_Irregular;AllPub;Corner;Northwest_Ames;One_Story;Above_Average;Good;1981;1981;MetalSd;MetalSd;GasA;Excellent;Y;SBrkr;1440;0;0;1440;0;0;2;0;3;1;Good;7;1;Typical;Attchd;2;467;Typical;Typical;Paved;4;2007;182900
Residential_Medium_Density;87;18386;Pave;Regular;AllPub;Inside;Old_Town;Two_and_Half_Fin;Good;Excellent;1880;2002;CemntBd;CmentBd;GasA;Excellent;Y;SBrkr;1675;1818;0;3493;0;0;3;0;3;1;Good;10;1;Excellent;Attchd;3;870;Typical;Typical;Paved;5;2008;295000
Residential_Medium_Density;64;11067;Pave;Regular;AllPub;Corner;Iowa_DOT_and_Rail_Road;One_and_Half_Fin;Poor;Below_Average;1939;1950;MetalSd;MetalSd;GasA;Excellent;Y;SBrkr;640;0;205;845;0;0;1;0;1;1;Typical;4;0;No_Fireplace;Detchd;1;256;Typical;Fair;Dirt_Gravel;3;2007;68104
Residential_Low_Density;53;6720;Pave;Regular;AllPub;Inside;Crawford;Two_Story;Above_Average;Good;1921;1950;VinylSd;VinylSd;GasA;Typical;N;SBrkr;851;585;0;1436;0;0;1;0;3;1;Typical;7;1;Good;Detchd;1;228;Typical;Typical;Paved;4;2007;141500
Residential_Low_Density;0;12513;Pave;Slightly_Irregular;AllPub;FR2;North_Ames;One_and_Half_Fin;Below_Average;Below_Average;1920;2007;VinylSd;VinylSd;GasA;Good;Y;SBrkr;1281;457;0;1738;0;0;2;0;4;1;Typical;7;1;Good;Attchd;1;368;Typical;Typical;Paved;6;2009;104900
Residential_Low_Density;56;6931;Pave;Regular;AllPub;Inside;Edwards;One_Story;Below_Average;Average;1955;1955;Wd Sdng;Wd Sdng;GasA;Typical;N;FuseP;784;0;0;784;1;0;1;0;2;1;Typical;4;0;No_Fireplace;No_Garage;0;0;No_Garage;No_Garage;Paved;5;2008;91900
Residential_Low_Density;91;11778;Pave;Regular;AllPub;Inside;College_Creek;One_Story;Excellent;Average;2008;2008;VinylSd;VinylSd;GasA;Excellent;Y;SBrkr;1766;0;0;1766;1;0;2;1;3;1;Excellent;8;2;Good;Attchd;3;874;Typical;Typical;Paved;12;2008;395039
Residential_Low_Density;89;10991;Pave;Slightly_Irregular;AllPub;Inside;Timberland;One_Story;Very_Good;Average;2007;2007;VinylSd;VinylSd;GasA;Excellent;Y;SBrkr;1571;0;0;1571;0;0;2;0;3;1;Good;7;1;Good;Attchd;3;722;Typical;Typical;Paved;12;2007;239000
Residential_Low_Density;50;5190;Pave;Regular;AllPub;Inside;Edwards;One_and_Half_Fin;Good;Average;1948;1950;BrkFace;Plywood;GasA;Typical;Y;SBrkr;617;462;0;1079;0;0;1;0;2;1;Typical;5;1;Good;Attchd;1;249;Typical;Typical;Paved;1;2008;125600
Floating_Village_Residential;68;7379;Pave;Slightly_Irregular;AllPub;Inside;Somerset;Two_Story;Very_Good;Average;2000;2000;VinylSd;VinylSd;GasA;Excellent;Y;SBrkr;975;873;0;1848;1;0;2;1;3;1;Good;7;1;Typical;Attchd;2;592;Typical;Typical;Paved;4;2010;254000
Residential_Low_Density;72;11846;Pave;Slightly_Irregular;AllPub;Inside;Northridge_Heights;One_Story;Excellent;Average;2003;2004;VinylSd;VinylSd;GasA;Excellent;Y;SBrkr;1792;0;0;1792;1;0;2;0;2;1;Excellent;6;1;Good;Attchd;3;874;Typical;Typical;Paved;8;2006;374000
Residential_Low_Density;66;7800;Pave;Slightly_Irregular;AllPub;Inside;North_Ames;One_Story;Average;Average;1964;1964;Wd Sdng;Wd Sdng;GasA;Typical;Y;SBrkr;912;0;0;912;0;0;1;0;2;1;Typical;5;0;No_Fireplace;Attchd;1;288;Typical;Typical;Paved;11;2006;115000
Residential_Medium_Density;50;6130;Pave;Regular;AllPub;Inside;Brookside;One_and_Half_Unf;Average;Above_Average;1924;1950;MetalSd;MetalSd;GasA;Good;Y;SBrkr;784;0;0;784;1;0;1;0;2;1;Good;5;0;No_Fireplace;No_Garage;0;0;No_Garage;No_Garage;Paved;5;2008;109500
Residential_Low_Density;60;7200;Pave;Regular;AllPub;Inside;North_Ames;One_Story;Average;Average;1950;1950;MetalSd;MetalSd;GasA;Good;Y;SBrkr;1048;0;0;1048;0;0;1;0;3;1;Typical;7;0;No_Fireplace;Detchd;2;420;Typical;Typical;Paved;7;2008;98300
Residential_Low_Density;75;10000;Pave;Slightly_Irregular;AllPub;Corner;Gilbert;Two_Story;Above_Average;Average;1993;1994;HdBoard;HdBoard;GasA;Good;Y;SBrkr;763;892;0;1655;0;0;2;1;3;1;Typical;7;1;Typical;Attchd;2;440;Typical;Typical;Paved;4;2010;175900
Residential_Low_Density;71;9178;Pave;Regular;AllPub;Inside;College_Creek;One_Story;Very_Good;Average;2007;2007;VinylSd;VinylSd;GasA;Excellent;Y;SBrkr;1651;0;0;1651;0;0;2;0;3;1;Good;7;1;Good;Attchd;3;870;Typical;Typical;Paved;9;2007;250000
Residential_Low_Density;65;8769;Pave;Regular;AllPub;Corner;Northridge_Heights;One_Story;Excellent;Average;2008;2008;MetalSd;MetalSd;GasA;Excellent;Y;SBrkr;1702;0;0;1702;1;0;1;1;1;1;Excellent;7;1;Good;Attchd;3;1052;Typical;Typical;Paved;10;2008;367294
Residential_Low_Density;58;10852;Pave;Slightly_Irregular;AllPub;Inside;Gilbert;Two_Story;Above_Average;Average;2000;2000;VinylSd;VinylSd;GasA;Excellent;Y;SBrkr;959;712;0;1671;1;0;2;1;3;1;Typical;7;1;Typical;Attchd;2;472;Typical;Typical;Paved;2;2006;173000
Floating_Village_Residential;0;4403;Pave;Moderately_Irregular;AllPub;Inside;Somerset;One_Story;Good;Average;2009;2009;MetalSd;MetalSd;GasA;Excellent;Y;SBrkr;1478;0;0;1478;1;0;2;1;2;1;Good;7;1;Good;Attchd;2;484;Typical;Typical;Paved;6;2010;222000
Residential_Low_Density;60;8064;Pave;Regular;AllPub;Inside;North_Ames;One_and_Half_Fin;Above_Average;Average;1950;1950;Wd Sdng;Wd Sdng;GasA;Good;N;SBrkr;765;368;0;1133;0;0;1;0;3;1;Typical;5;0;No_Fireplace;Detchd;2;900;Typical;Typical;Paved;12;2009;128500
Residential_Low_Density;71;12209;Pave;Slightly_Irregular;AllPub;CulDSac;Mitchell;Two_Story;Above_Average;Average;2001;2002;VinylSd;VinylSd;GasA;Excellent;Y;SBrkr;804;1157;0;1961;1;0;2;1;3;1;Good;7;1;Typical;BuiltIn;2;560;Typical;Typical;Paved;6;2009;215000
Residential_High_Density;58;6430;Pave;Regular;AllPub;Corner;South_and_West_of_Iowa_State_University;One_and_Half_Fin;Above_Average;Above_Average;1945;1950;Wd Sdng;Wd Sdng;GasA;Typical;N;FuseF;816;524;0;1340;1;0;1;0;3;1;Typical;6;0;No_Fireplace;Attchd;1;440;Typical;Typical;Paved;7;2006;128000
Residential_Low_Density;93;12085;Pave;Regular;AllPub;Inside;Northridge_Heights;One_Story;Very_Good;Average;2007;2007;VinylSd;VinylSd;GasA;Excellent;Y;SBrkr;1734;0;0;1734;1;0;2;0;3;1;Excellent;7;1;Good;Attchd;3;928;Typical;Typical;Paved;11;2007;318000
Residential_Low_Density;65;25095;Pave;Slightly_Irregular;AllPub;Inside;Clear_Creek;One_Story;Average;Very_Good;1968;2003;Wd Sdng;Wd Sdng;GasA;Excellent;Y;SBrkr;1473;0;0;1473;2;0;1;0;1;1;Excellent;5;2;Good;Attchd;1;452;Typical;Typical;Paved;6;2009;143000
Residential_Low_Density;102;11660;Pave;Slightly_Irregular;AllPub;Inside;Gilbert;One_Story;Above_Average;Average;2006;2006;VinylSd;VinylSd;GasA;Excellent;Y;SBrkr;1326;0;0;1326;0;0;2;0;3;1;Good;6;0;No_Fireplace;Attchd;2;427;Typical;Typical;Paved;7;2006;174190
Residential_Medium_Density;60;10800;Pave;Regular;AllPub;Inside;Old_Town;Two_Story;Good;Very_Good;1890;1998;Wd Sdng;VinylSd;GasA;Excellent;Y;SBrkr;1576;978;0;2554;0;0;1;1;3;1;Typical;8;0;No_Fireplace;Detchd;2;704;Typical;Typical;Partial_Pavement;7;2007;159500
Residential_Low_Density;97;13478;Pave;Slightly_Irregular;AllPub;Corner;Northridge_Heights;Two_Story;Very_Excellent;Average;2008;2008;CemntBd;CmentBd;GasA;Excellent;Y;SBrkr;1728;568;0;2296;1;0;2;1;3;1;Excellent;10;1;Good;BuiltIn;3;842;Typical;Typical;Paved;6;2009;451950
Residential_Low_Density;80;9736;Pave;Regular;AllPub;Inside;North_Ames;One_Story;Above_Average;Above_Average;1957;1969;Wd Sdng;Wd Sdng;GasA;Good;Y;SBrkr;1721;0;0;1721;0;0;1;0;4;1;Typical;8;3;Typical;Attchd;2;464;Typical;Typical;Paved;4;2007;174850
Residential_Low_Density;0;17871;Pave;Slightly_Irregular;AllPub;CulDSac;Northwest_Ames;SLvl;Above_Average;Average;1967;1976;HdBoard;HdBoard;GasA;Fair;Y;SBrkr;1724;0;0;1724;1;0;1;1;3;1;Typical;7;1;Good;Attchd;2;480;Typical;Typical;Paved;6;2009;197900
Residential_Medium_Density;50;6000;Pave;Regular;AllPub;Inside;Brookside;One_and_Half_Fin;Above_Average;Above_Average;1939;1950;MetalSd;MetalSd;GasA;Excellent;Y;FuseF;825;587;0;1412;0;0;1;0;4;1;Typical;6;1;Good;Detchd;1;280;Typical;Typical;Paved;5;2009;132500
Residential_Medium_Density;50;5000;Pave;Regular;AllPub;Inside;Brookside;One_Story;Below_Average;Good;1925;1950;MetalSd;MetalSd;GasA;Typical;N;FuseF;765;0;0;765;1;0;1;0;2;1;Good;4;0;No_Fireplace;Detchd;1;200;Fair;Typical;Partial_Pavement;4;2010;87000
Residential_High_Density;0;12155;Pave;Slightly_Irregular;AllPub;Inside;South_and_West_of_Iowa_State_University;Two_Story;Above_Average;Very_Good;1925;1950;Wd Sdng;Wd Sdng;GasA;Typical;N;SBrkr;810;672;0;1482;0;0;2;0;4;1;Fair;7;0;No_Fireplace;Detchd;1;400;Typical;Typical;Partial_Pavement;3;2008;140000
Residential_Low_Density;152;12134;Pave;Slightly_Irregular;AllPub;Inside;Gilbert;One_and_Half_Fin;Very_Good;Good;1988;2005;Wd Sdng;Wd Sdng;GasA;Good;Y;SBrkr;1080;672;0;1752;0;0;2;0;4;1;Typical;8;0;No_Fireplace;Basment;2;492;Typical;Typical;Paved;6;2010;164000
Residential_Low_Density;60;9600;Pave;Regular;AllPub;Inside;North_Ames;One_and_Half_Unf;Average;Good;1949;2003;MetalSd;MetalSd;GasA;Typical;Y;SBrkr;893;0;0;893;0;1;1;0;2;1;Good;4;0;No_Fireplace;Detchd;2;576;Typical;Typical;Paved;5;2007;135000
Residential_Medium_Density;49;5820;Pave;Regular;AllPub;Inside;Old_Town;One_Story;Fair;Very_Good;1955;2005;VinylSd;VinylSd;GasA;Excellent;Y;SBrkr;1163;0;0;1163;1;0;1;0;3;1;Typical;6;0;No_Fireplace;Attchd;1;220;Fair;Typical;Paved;7;2006;126175
Residential_Low_Density;80;10682;Pave;Regular;AllPub;Inside;Edwards;One_Story;Below_Average;Above_Average;1960;1971;HdBoard;HdBoard;GasA;Typical;Y;SBrkr;1149;0;0;1149;1;0;1;0;3;1;Typical;7;0;No_Fireplace;More_Than_Two_Types;1;544;Typical;Typical;Paved;7;2009;127000
Residential_Low_Density;90;11700;Pave;Regular;AllPub;Inside;Northwest_Ames;Two_Story;Above_Average;Above_Average;1968;1968;HdBoard;AsphShn;GasA;Good;Y;SBrkr;1041;702;0;1743;0;1;1;2;3;1;Typical;7;1;Good;Attchd;2;539;Typical;Typical;Paved;6;2007;175000
Residential_Medium_Density;33;5976;Pave;Regular;AllPub;Inside;Old_Town;Two_Story;Average;Good;1920;1950;Wd Sdng;Wd Sdng;GasA;Good;N;FuseA;624;624;0;1248;0;0;2;0;2;2;Typical;8;0;No_Fireplace;No_Garage;0;0;No_Garage;No_Garage;Dirt_Gravel;12;2006;93500
Residential_High_Density;70;6300;Pave;Regular;AllPub;Corner;South_and_West_of_Iowa_State_University;One_and_Half_Fin;Average;Below_Average;1938;1950;MetalSd;MetalSd;GasA;Typical;Y;SBrkr;832;436;0;1268;0;0;1;1;3;1;Typical;7;2;Good;Basment;1;250;Typical;Typical;Paved;7;2009;160000
Residential_Low_Density;64;8334;Pave;Regular;AllPub;Inside;College_Creek;One_Story;Above_Average;Average;2006;2007;VinylSd;VinylSd;GasA;Excellent;Y;SBrkr;1330;0;0;1330;0;0;2;0;3;1;Good;6;1;Good;Attchd;2;437;Typical;Typical;Paved;7;2007;167840
Residential_Low_Density;68;8562;Pave;Regular;AllPub;Inside;Edwards;One_Story;Average;Above_Average;1957;2002;HdBoard;HdBoard;GasA;Excellent;Y;FuseA;1526;0;0;1526;0;0;1;0;4;1;Typical;7;1;Good;Basment;1;364;Typical;Typical;Paved;5;2010;144500
Residential_Low_Density;80;14680;Pave;Slightly_Irregular;AllPub;Inside;Crawford;One_Story;Average;Below_Average;1960;1960;MetalSd;MetalSd;GasA;Excellent;Y;SBrkr;1273;0;0;1273;0;0;1;0;2;1;Typical;5;0;No_Fireplace;Attchd;1;307;Typical;Typical;Paved;6;2009;155000
Residential_High_Density;54;6629;Pave;Regular;AllPub;Inside;Edwards;Two_Story;Above_Average;Above_Average;1925;1950;Wd Sdng;Wd Sdng;GasA;Typical;N;SBrkr;697;672;0;1369;1;0;2;0;3;1;Typical;6;0;No_Fireplace;Detchd;1;300;Typical;Typical;Paved;7;2009;103600
C_all;50;9000;Pave;Regular;AllPub;Inside;Iowa_DOT_and_Rail_Road;One_Story;Poor;Fair;1949;1950;AsbShng;AsbShng;GasA;Typical;N;FuseA;480;0;0;480;1;0;0;0;1;1;Typical;4;0;No_Fireplace;Detchd;1;308;Typical;Typical;Paved;10;2006;35311
Residential_Low_Density;50;5500;Pave;Regular;AllPub;Inside;South_and_West_of_Iowa_State_University;One_Story;Good;Average;2004;2004;VinylSd;VinylSd;GasA;Excellent;Y;SBrkr;1073;0;0;1073;1;0;2;0;2;1;Typical;4;0;No_Fireplace;Detchd;1;246;Typical;Typical;Paved;5;2006;157000
Residential_Low_Density;76;10142;Pave;Slightly_Irregular;AllPub;Inside;Sawyer_West;Two_Story;Good;Average;2004;2004;VinylSd;VinylSd;GasA;Excellent;Y;SBrkr;956;1128;0;2084;1;0;2;1;4;1;Good;8;0;No_Fireplace;BuiltIn;2;618;Typical;Typical;Paved;1;2010;233000
Residential_Medium_Density;60;6000;Pave;Regular;AllPub;Inside;Brookside;One_and_Half_Fin;Above_Average;Above_Average;1941;1950;Wd Sdng;Wd Sdng;GasA;Excellent;Y;SBrkr;869;349;0;1218;0;1;1;0;3;1;Typical;6;1;Good;Detchd;2;440;Typical;Typical;Paved;3;2007;131000
Residential_Low_Density;60;10890;Pave;Regular;AllPub;Inside;South_and_West_of_Iowa_State_University;Two_Story;Average;Above_Average;1923;1950;Wd Sdng;Plywood;Grav;Fair;N;FuseA;1296;1296;0;2592;2;0;2;0;6;2;Typical;12;0;No_Fireplace;No_Garage;0;0;No_Garage;No_Garage;Paved;1;2007;150000
Residential_Low_Density;74;8532;Pave;Regular;AllPub;Inside;North_Ames;One_Story;Average;Above_Average;1954;1990;Wd Sdng;Wd Sdng;GasA;Good;Y;SBrkr;1297;0;0;1297;0;1;1;0;3;1;Typical;5;1;Typical;Attchd;2;498;Typical;Typical;Paved;10;2009;153000
Residential_Low_Density;105;11025;Pave;Regular;AllPub;Inside;Northridge;One_and_Half_Fin;Excellent;Average;1993;1994;Wd Sdng;Wd Sdng;GasA;Excellent;Y;SBrkr;1827;959;0;2786;1;0;2;1;4;1;Good;10;1;Excellent;Attchd;2;636;Typical;Typical;Paved;6;2008;372500
Residential_Low_Density;60;8238;Pave;Slightly_Irregular;AllPub;Inside;Gilbert;Two_Story;Above_Average;Average;1997;1998;VinylSd;VinylSd;GasA;Excellent;Y;SBrkr;813;712;0;1525;1;0;2;1;3;1;Typical;6;1;Typical;Attchd;2;400;Typical;Typical;Paved;5;2006;183500
Residential_Low_Density;60;7008;Pave;Regular;AllPub;Corner;Old_Town;One_and_Half_Fin;Below_Average;Very_Good;1900;1998;MetalSd;MetalSd;GasA;Excellent;Y;SBrkr;448;272;0;720;0;0;1;0;1;1;Fair;5;0;No_Fireplace;Attchd;1;280;Fair;Typical;Paved;3;2006;86900
Residential_Low_Density;100;10175;Pave;Slightly_Irregular;AllPub;Inside;North_Ames;One_Story;Above_Average;Average;1964;1964;HdBoard;Plywood;GasA;Good;Y;SBrkr;1425;0;0;1425;0;0;2;0;3;1;Typical;7;1;Good;Attchd;2;576;Typical;Typical;Paved;7;2008;180500
Residential_Medium_Density;35;3675;Pave;Regular;AllPub;Inside;Edwards;SLvl;Above_Average;Average;2005;2005;VinylSd;VinylSd;GasA;Excellent;Y;SBrkr;1072;0;0;1072;1;0;1;0;2;1;Typical;5;0;No_Fireplace;Basment;2;525;Typical;Typical;Paved;6;2008;148000
Residential_Low_Density;66;8969;Pave;Regular;AllPub;Inside;Crawford;Two_Story;Above_Average;Above_Average;1926;1950;Wd Sdng;Wd Sdng;GasA;Excellent;Y;SBrkr;672;644;0;1316;1;0;1;0;2;1;Typical;6;1;Good;Detchd;1;369;Typical;Typical;Partial_Pavement;7;2008;145000
Residential_Low_Density;74;5868;Pave;Regular;AllPub;Inside;North_Ames;One_Story;Average;Good;1956;2000;MetalSd;MetalSd;GasA;Excellent;Y;SBrkr;936;0;0;936;1;0;1;0;2;1;Typical;4;0;No_Fireplace;Attchd;1;308;Typical;Typical;Paved;5;2010;129000
Residential_Low_Density;54;9399;Pave;Regular;AllPub;Inside;Crawford;Two_and_Half_Unf;Good;Very_Good;1919;1950;MetalSd;Stucco;GasA;Typical;Y;SBrkr;818;818;0;1636;0;0;1;1;4;1;Good;7;1;Good;Detchd;1;288;Fair;Typical;Dirt_Gravel;9;2006;167000
Residential_Low_Density;74;9056;Pave;Slightly_Irregular;AllPub;Inside;Gilbert;Two_Story;Very_Good;Average;2004;2004;VinylSd;VinylSd;GasA;Excellent;Y;SBrkr;707;707;0;1414;0;0;2;1;3;1;Good;6;1;Good;Attchd;2;403;Typical;Typical;Paved;10;2006;178000
Residential_Low_Density;79;8910;Pave;Regular;AllPub;Corner;North_Ames;One_Story;Above_Average;Above_Average;1959;1959;BrkFace;BrkFace;GasA;Excellent;Y;SBrkr;1194;0;0;1194;0;1;1;0;3;1;Typical;6;1;Fair;BuiltIn;2;539;Typical;Typical;Paved;7;2006;159500
Residential_Low_Density;78;10496;Pave;Regular;AllPub;Inside;North_Ames;One_and_Half_Fin;Above_Average;Above_Average;1949;1950;Wd Sdng;Wd Sdng;GasA;Excellent;Y;SBrkr;1168;678;0;1846;0;0;2;0;3;1;Typical;7;1;Good;Attchd;1;315;Typical;Typical;Paved;1;2007;143000
Residential_Low_Density;53;3922;Pave;Regular;AllPub;Inside;Bloomington_Heights;One_Story;Good;Average;2006;2007;WdShing;Wd Shng;GasA;Excellent;Y;SBrkr;1258;0;0;1258;0;0;2;0;2;1;Good;6;1;Good;Attchd;3;648;Typical;Typical;Paved;6;2007;172500
Residential_Low_Density;0;11050;Pave;Regular;AllPub;Inside;College_Creek;Two_Story;Excellent;Average;2000;2000;VinylSd;VinylSd;GasA;Excellent;Y;SBrkr;1476;677;0;2153;1;0;2;1;3;1;Excellent;8;2;Excellent;Attchd;3;736;Typical;Typical;Paved;5;2009;313000
Residential_Low_Density;46;4054;Pave;Slightly_Irregular;AllPub;Inside;Timberland;One_Story;Good;Above_Average;1987;1987;VinylSd;VinylSd;GasA;Excellent;Y;SBrkr;1501;0;0;1501;1;0;2;0;2;1;Good;5;2;Typical;Attchd;2;512;Typical;Typical;Paved;10;2007;244000
Residential_Medium_Density;21;2217;Pave;Regular;AllPub;Inside;Meadow_Village;Two_Story;Below_Average;Below_Average;1970;1970;CemntBd;CmentBd;GasA;Typical;Y;SBrkr;546;546;0;1092;0;0;1;1;3;1;Typical;6;0;No_Fireplace;Attchd;1;286;Typical;Typical;Paved;8;2009;88000
Residential_Low_Density;65;7150;Pave;Regular;AllPub;Inside;North_Ames;One_Story;Average;Average;1967;1967;HdBoard;HdBoard;GasA;Typical;Y;SBrkr;892;0;0;892;0;0;1;0;3;1;Typical;5;0;No_Fireplace;Attchd;1;288;Typical;Typical;Paved;7;2009;100000
Residential_Low_Density;74;8892;Pave;Regular;AllPub;Corner;North_Ames;One_Story;Average;Good;1953;1996;WdShing;Wd Shng;GasA;Good;Y;SBrkr;910;0;0;910;0;0;1;0;3;1;Good;5;0;No_Fireplace;Attchd;2;414;Typical;Typical;Paved;10;2008;116000
Residential_Low_Density;74;7450;Pave;Slightly_Irregular;AllPub;Inside;North_Ames;One_Story;Average;Average;1956;1956;Wd Sdng;Wd Sdng;GasA;Good;Y;SBrkr;1074;0;0;1074;0;0;1;0;2;1;Good;6;1;Good;Detchd;2;396;Typical;Typical;Paved;1;2007;124000
Residential_Low_Density;0;12342;Pave;Slightly_Irregular;AllPub;Inside;Edwards;One_Story;Below_Average;Average;1940;1950;VinylSd;VinylSd;GasA;Excellent;Y;SBrkr;861;0;0;861;0;0;1;0;1;1;Typical;4;0;No_Fireplace;Detchd;2;539;Typical;Typical;Paved;3;2009;82500
Residential_Medium_Density;56;3153;Pave;Regular;AllPub;Inside;Old_Town;One_Story;Average;Above_Average;1920;1990;MetalSd;MetalSd;GasA;Good;Y;SBrkr;967;0;0;967;0;0;1;0;2;1;Typical;5;1;Good;Detchd;1;180;Fair;Typical;Dirt_Gravel;7;2007;99900
Residential_Medium_Density;63;7627;Pave;Regular;AllPub;Corner;Old_Town;Two_Story;Below_Average;Above_Average;1920;1950;AsbShng;AsbShng;GasA;Good;N;SBrkr;1101;600;0;1701;0;0;2;0;4;2;Fair;8;0;No_Fireplace;No_Garage;0;0;No_Garage;No_Garage;Dirt_Gravel;10;2009;94550
Residential_Low_Density;0;21579;Pave;Slightly_Irregular;AllPub;CulDSac;Crawford;One_Story;Above_Average;Above_Average;1968;1968;HdBoard;BrkFace;GasA;Excellent;Y;SBrkr;1488;0;0;1488;0;1;2;0;3;1;Typical;7;2;Good;Attchd;2;552;Typical;Typical;Paved;9;2007;215000
Residential_Low_Density;50;7689;Pave;Slightly_Irregular;AllPub;Inside;Mitchell;SFoyer;Average;Very_Good;1972;1972;MetalSd;MetalSd;GasA;Good;Y;SBrkr;796;0;0;796;0;1;1;0;2;1;Typical;4;0;No_Fireplace;Detchd;1;336;Typical;Typical;Paved;7;2009;131900
Residential_Low_Density;0;9130;Pave;Regular;AllPub;Inside;Northwest_Ames;Two_Story;Above_Average;Very_Good;1966;2000;HdBoard;HdBoard;GasA;Good;Y;SBrkr;800;832;0;1632;0;1;1;1;4;1;Good;7;0;No_Fireplace;Attchd;2;484;Typical;Typical;Paved;7;2008;173000
Residential_Low_Density;79;10240;Pave;Regular;AllPub;Inside;Northwest_Ames;One_Story;Above_Average;Above_Average;1980;1980;Plywood;Plywood;GasA;Typical;Y;SBrkr;1686;0;0;1686;1;0;2;0;3;1;Typical;7;1;Typical;Attchd;2;612;Typical;Typical;Paved;5;2006;207500
Residential_Low_Density;60;7200;Pave;Regular;AllPub;Corner;North_Ames;One_Story;Average;Good;1951;2000;Wd Sdng;Wd Sdng;GasA;Typical;Y;SBrkr;900;0;0;900;0;1;1;0;3;1;Good;5;0;No_Fireplace;Detchd;2;576;Typical;Typical;Paved;5;2010;134800
Residential_Low_Density;0;9125;Pave;Slightly_Irregular;AllPub;Inside;Gilbert;SLvl;Good;Average;1992;1992;HdBoard;HdBoard;GasA;Good;Y;SBrkr;812;670;0;1482;0;0;2;1;3;1;Good;7;1;Typical;Attchd;2;392;Typical;Typical;Paved;7;2007;163900
Floating_Village_Residential;34;3604;Pave;Regular;AllPub;Corner;Somerset;Two_Story;Good;Average;2007;2007;VinylSd;VinylSd;GasA;Excellent;Y;SBrkr;703;689;0;1392;0;0;2;0;2;1;Good;5;0;No_Fireplace;Detchd;2;540;Typical;Typical;Paved;2;2008;146000
Residential_Low_Density;65;8450;Pave;Regular;AllPub;Inside;North_Ames;One_Story;Average;Above_Average;1968;1968;VinylSd;VinylSd;GasA;Excellent;Y;SBrkr;1056;0;0;1056;1;0;1;0;3;1;Typical;6;1;Fair;Attchd;1;304;Typical;Typical;Paved;7;2010;142000
Residential_Low_Density;50;8012;Pave;Regular;AllPub;Inside;Sawyer_West;One_Story;Above_Average;Average;1992;1992;Plywood;ImStucc;GasA;Good;Y;SBrkr;1575;0;0;1575;1;0;2;0;2;1;Good;5;0;No_Fireplace;Attchd;2;529;Typical;Typical;Paved;7;2007;179200
Residential_Medium_Density;37;4435;Pave;Regular;AllPub;Inside;College_Creek;One_Story;Above_Average;Average;2003;2003;VinylSd;VinylSd;GasA;Excellent;Y;SBrkr;848;0;0;848;1;0;1;0;1;1;Good;3;0;No_Fireplace;Attchd;2;420;Typical;Typical;Paved;3;2008;136500
Residential_Low_Density;0;8014;Pave;Slightly_Irregular;AllPub;CulDSac;Sawyer;SFoyer;Above_Average;Average;1978;1978;Plywood;HdBoard;GasA;Typical;Y;SBrkr;1034;0;0;1034;0;1;1;0;3;1;Typical;5;1;Fair;Basment;2;504;Typical;Typical;Paved;6;2009;149900
Residential_Medium_Density;52;5720;Pave;Regular;AllPub;Inside;Old_Town;One_and_Half_Fin;Average;Above_Average;1941;1950;Wd Sdng;Wd Sdng;GasA;Excellent;Y;SBrkr;676;455;0;1131;0;0;1;1;3;1;Typical;5;0;No_Fireplace;Detchd;1;200;Typical;Typical;Paved;8;2009;66500
Residential_Low_Density;0;11888;Pave;Slightly_Irregular;AllPub;Inside;Brookside;Two_and_Half_Unf;Above_Average;Above_Average;1916;1994;Wd Sdng;Wd Shng;GasA;Good;N;FuseA;1445;689;0;2134;0;0;2;0;5;1;Good;10;0;No_Fireplace;Detchd;2;441;Typical;Typical;Paved;7;2009;214500
Residential_Low_Density;0;19522;Pave;Slightly_Irregular;AllPub;Inside;Veenker;Two_Story;Good;Average;1990;1990;HdBoard;HdBoard;GasA;Good;Y;SBrkr;1271;1232;0;2503;1;0;2;1;3;1;Good;7;1;Typical;Attchd;2;564;Typical;Typical;Paved;2;2007;300000
Residential_Low_Density;138;18030;Pave;Slightly_Irregular;AllPub;Inside;Clear_Creek;One_and_Half_Fin;Average;Above_Average;1946;1994;MetalSd;MetalSd;GasA;Typical;Y;SBrkr;1636;971;479;3086;0;0;3;0;3;1;Excellent;12;1;Good;No_Garage;0;0;No_Garage;No_Garage;Paved;3;2007;200500
Residential_Low_Density;0;12250;Pave;Slightly_Irregular;AllPub;Inside;College_Creek;One_Story;Average;Above_Average;1978;1978;HdBoard;HdBoard;GasA;Excellent;Y;SBrkr;1174;0;0;1174;1;0;1;0;3;1;Typical;5;0;No_Fireplace;Attchd;2;528;Typical;Typical;Paved;5;2008;158000
Residential_Low_Density;85;10200;Pave;Regular;AllPub;Inside;Timberland;SLvl;Above_Average;Average;1988;1989;HdBoard;HdBoard;GasA;Excellent;Y;SBrkr;1509;0;0;1509;1;0;2;0;3;1;Good;5;1;Fair;Attchd;2;600;Typical;Typical;Paved;8;2008;175000
Residential_Low_Density;0;11235;Pave;Regular;AllPub;Corner;Sawyer;SFoyer;Average;Above_Average;1963;1963;HdBoard;Wd Sdng;GasA;Typical;Y;SBrkr;1075;0;0;1075;1;0;1;0;3;1;Good;6;0;No_Fireplace;Detchd;2;440;Typical;Typical;Paved;5;2008;148000
Residential_Low_Density;59;10936;Pave;Slightly_Irregular;AllPub;Inside;Gilbert;One_Story;Good;Average;2006;2006;VinylSd;VinylSd;GasA;Excellent;Y;SBrkr;1525;0;0;1525;0;0;2;1;3;1;Good;6;1;Good;Attchd;2;534;Typical;Typical;Paved;4;2007;206580
Residential_Low_Density;87;10367;Pave;Slightly_Irregular;AllPub;Inside;Northridge_Heights;One_Story;Excellent;Average;2008;2008;VinylSd;VinylSd;GasA;Excellent;Y;SBrkr;1743;0;0;1743;1;0;2;0;3;1;Excellent;8;1;Good;Attchd;3;927;Typical;Typical;Paved;6;2009;335000
Residential_Low_Density;55;7892;Pave;Regular;AllPub;Inside;Sawyer_West;One_Story;Above_Average;Average;1993;1993;Plywood;Plywood;GasA;Excellent;Y;SBrkr;1199;0;0;1199;0;0;2;0;2;1;Good;5;0;No_Fireplace;Attchd;2;530;Typical;Typical;Paved;3;2008;153900
Residential_Low_Density;88;8471;Pave;Slightly_Irregular;AllPub;Corner;Sawyer;SLvl;Above_Average;Good;1977;1995;HdBoard;Plywood;GasA;Typical;Y;SBrkr;1212;0;0;1212;1;0;1;0;3;1;Typical;6;1;Typical;Attchd;2;492;Typical;Typical;Paved;7;2006;151000
Residential_Medium_Density;60;9600;Pave;Regular;AllPub;Inside;Old_Town;Two_Story;Below_Average;Poor;1900;1950;AsbShng;Stucco;GasW;Fair;N;SBrkr;1095;679;0;1774;1;0;2;0;4;2;Typical;8;0;No_Fireplace;More_Than_Two_Types;3;779;Fair;Fair;Dirt_Gravel;5;2006;87000
Residential_Low_Density;39;15410;Pave;Slightly_Irregular;AllPub;CulDSac;Sawyer;One_Story;Above_Average;Above_Average;1974;2002;Plywood;Plywood;GasA;Excellent;Y;SBrkr;1494;0;0;1494;1;0;2;0;3;1;Typical;7;2;Fair;Attchd;2;461;Typical;Typical;Paved;4;2010;169000
Residential_Low_Density;60;10800;Pave;Regular;AllPub;Inside;Old_Town;Two_Story;Average;Good;1939;2006;VinylSd;VinylSd;GasA;Excellent;Y;SBrkr;676;676;0;1352;0;1;2;0;4;1;Good;7;0;No_Fireplace;Detchd;2;720;Typical;Typical;Paved;8;2009;149000
Residential_Low_Density;58;10172;Pave;Slightly_Irregular;AllPub;Inside;Mitchell;One_Story;Average;Good;1968;2003;Plywood;Plywood;GasA;Excellent;Y;SBrkr;874;0;0;874;1;0;1;0;3;1;Typical;5;0;No_Fireplace;Attchd;1;288;Typical;Typical;Paved;10;2006;126500
Residential_Medium_Density;59;10690;Pave;Regular;AllPub;Inside;Iowa_DOT_and_Rail_Road;Two_Story;Average;Good;1920;1997;VinylSd;VinylSd;GasA;Good;Y;FuseA;672;672;0;1344;0;0;1;0;3;1;Typical;6;0;No_Fireplace;Detchd;1;468;Typical;Fair;Paved;7;2009;147000
Residential_Low_Density;70;9100;Pave;Regular;AllPub;Inside;College_Creek;One_Story;Good;Average;2000;2000;VinylSd;VinylSd;GasA;Excellent;Y;SBrkr;1525;0;0;1525;1;0;2;0;3;1;Good;6;0;No_Fireplace;Attchd;2;541;Typical;Typical;Paved;9;2006;235000
Residential_Low_Density;80;7936;Pave;Regular;AllPub;Inside;North_Ames;One_Story;Above_Average;Above_Average;1963;1963;HdBoard;HdBoard;GasA;Typical;Y;SBrkr;1045;0;0;1045;1;0;1;0;3;1;Typical;6;1;Fair;Attchd;1;264;Typical;Typical;Paved;4;2009;127000
Residential_Medium_Density;60;6780;Pave;Regular;AllPub;Inside;Iowa_DOT_and_Rail_Road;One_and_Half_Fin;Above_Average;Very_Good;1935;1982;Wd Sdng;Wd Sdng;GasA;Good;N;SBrkr;520;0;234;754;1;0;1;0;2;1;Typical;5;0;No_Fireplace;No_Garage;0;0;No_Garage;No_Garage;Dirt_Gravel;6;2006;84500
Residential_Low_Density;60;7200;Pave;Regular;AllPub;Inside;College_Creek;One_Story;Average;Good;1972;1972;HdBoard;HdBoard;GasA;Excellent;Y;SBrkr;780;0;0;780;0;0;1;0;2;1;Typical;4;0;No_Fireplace;Detchd;1;352;Typical;Typical;Paved;1;2008;124900
Residential_Low_Density;75;11235;Pave;Regular;AllPub;Inside;Sawyer;SFoyer;Average;Average;1964;1980;HdBoard;HdBoard;GasA;Good;Y;SBrkr;1452;0;0;1452;1;0;1;0;2;1;Typical;6;1;Typical;Detchd;2;572;Typical;Typical;Paved;11;2007;158450
Residential_Low_Density;75;14587;Pave;Slightly_Irregular;AllPub;Inside;Somerset;One_Story;Excellent;Average;2008;2008;VinylSd;VinylSd;GasA;Excellent;Y;SBrkr;1506;0;0;1506;0;0;2;0;2;1;Excellent;6;1;Good;Attchd;2;592;Typical;Typical;Paved;8;2008;264132
Residential_Low_Density;0;10246;Pave;Slightly_Irregular;AllPub;CulDSac;Sawyer;SLvl;Below_Average;Excellent;1965;2001;VinylSd;VinylSd;GasA;Excellent;Y;SBrkr;960;0;0;960;1;1;0;0;0;1;Typical;3;0;No_Fireplace;Attchd;1;364;Typical;Typical;Paved;5;2006;145000
Residential_Low_Density;60;7023;Pave;Regular;AllPub;Inside;Edwards;Two_Story;Average;Average;2005;2006;VinylSd;VinylSd;GasA;Good;Y;SBrkr;734;674;0;1408;1;0;2;1;3;1;Typical;6;0;No_Fireplace;BuiltIn;2;489;Typical;Typical;Paved;5;2007;171500
Residential_Low_Density;0;12150;Pave;Slightly_Irregular;AllPub;CulDSac;Mitchell;SFoyer;Above_Average;Above_Average;1979;1979;HdBoard;Wd Shng;GasA;Typical;Y;SBrkr;1299;0;0;1299;1;0;2;0;2;1;Good;5;1;Poor;BuiltIn;2;486;Typical;Typical;Paved;1;2007;183500
Residential_Low_Density;86;10380;Pave;Slightly_Irregular;AllPub;Inside;Sawyer_West;Two_Story;Good;Average;1986;1987;Plywood;Plywood;GasA;Excellent;Y;SBrkr;1553;1177;0;2730;1;0;2;1;4;1;Good;8;1;Typical;Attchd;2;576;Typical;Typical;Paved;8;2007;301000
Residential_Low_Density;68;10295;Pave;Regular;AllPub;FR2;North_Ames;One_Story;Below_Average;Above_Average;1969;1969;HdBoard;HdBoard;GasA;Typical;Y;SBrkr;936;0;0;936;0;0;1;0;2;1;Typical;4;0;No_Fireplace;Attchd;1;288;Typical;Typical;Paved;9;2008;111900
Residential_Low_Density;80;13600;Pave;Regular;AllPub;Inside;North_Ames;One_Story;Average;Above_Average;1955;1955;HdBoard;HdBoard;GasA;Good;Y;SBrkr;1056;0;0;1056;1;0;1;1;3;1;Typical;6;0;No_Fireplace;Attchd;1;300;Typical;Typical;Paved;11;2006;125000
Residential_Low_Density;0;9375;Pave;Regular;AllPub;Inside;College_Creek;Two_Story;Very_Good;Average;2002;2002;VinylSd;VinylSd;GasA;Excellent;Y;SBrkr;1284;885;0;2169;0;0;2;1;3;1;Good;7;1;Good;Attchd;2;647;Typical;Typical;Paved;8;2007;228500
Residential_Low_Density;62;7706;Pave;Regular;AllPub;Inside;Mitchell;SLvl;Above_Average;Average;1993;1996;HdBoard;HdBoard;GasA;Excellent;Y;SBrkr;1091;0;0;1091;0;1;1;0;2;1;Typical;5;0;No_Fireplace;Attchd;1;429;Typical;Typical;Paved;8;2009;131250
Residential_Medium_Density;63;4347;Pave;Regular;AllPub;Inside;Old_Town;One_and_Half_Fin;Above_Average;Very_Good;1910;1950;MetalSd;MetalSd;GasA;Excellent;Y;SBrkr;825;784;0;1609;0;0;1;0;3;1;Typical;7;0;No_Fireplace;Detchd;1;228;Fair;Fair;Dirt_Gravel;6;2008;127500
Residential_Low_Density;0;12568;Pave;Regular;AllPub;Inside;Northridge_Heights;Two_Story;Very_Good;Average;2007;2007;VinylSd;VinylSd;GasA;Excellent;Y;SBrkr;895;923;0;1818;1;0;2;1;3;1;Excellent;8;1;Good;Attchd;3;774;Typical;Typical;Paved;8;2007;281500
Residential_Low_Density;129;16870;Pave;Slightly_Irregular;AllPub;FR3;Northridge_Heights;One_Story;Very_Good;Average;2004;2005;VinylSd;VinylSd;GasA;Excellent;Y;SBrkr;1782;0;0;1782;1;0;2;0;3;1;Good;7;2;Good;Attchd;3;932;Typical;Typical;Paved;4;2009;296000
Residential_Medium_Density;30;5232;Pave;Irregular;AllPub;Inside;Old_Town;One_Story;Average;Average;1925;2004;Wd Sdng;Wd Sdng;GasA;Good;N;FuseP;764;0;0;764;0;0;1;0;2;1;Typical;4;0;No_Fireplace;Detchd;2;504;Typical;Typical;Dirt_Gravel;6;2008;73000
Residential_Low_Density;0;5271;Pave;Slightly_Irregular;AllPub;Inside;Clear_Creek;One_Story;Good;Average;1986;1986;Wd Sdng;Wd Sdng;GasA;Good;Y;SBrkr;1453;0;0;1453;1;0;1;1;2;1;Good;6;1;Typical;Attchd;2;445;Typical;Typical;Paved;12;2006;190000
Residential_Low_Density;64;7301;Pave;Regular;AllPub;Corner;Edwards;SFoyer;Good;Average;2003;2003;HdBoard;HdBoard;GasA;Excellent;Y;SBrkr;495;1427;0;1922;0;0;3;0;4;1;Good;7;1;Excellent;BuiltIn;2;672;Typical;Typical;Paved;7;2009;198500
Residential_Low_Density;0;3940;Pave;Regular;AllPub;Inside;Bloomington_Heights;One_Story;Good;Average;2003;2003;VinylSd;VinylSd;GasA;Excellent;Y;SBrkr;1455;0;0;1455;1;0;2;0;2;1;Good;6;1;Typical;Attchd;3;644;Typical;Typical;Paved;8;2008;195000
Residential_Low_Density;68;8814;Pave;Regular;AllPub;Inside;College_Creek;One_Story;Good;Average;2006;2006;VinylSd;VinylSd;GasA;Excellent;Y;SBrkr;1604;0;0;1604;1;0;2;1;3;1;Good;8;1;Good;Attchd;2;660;Typical;Typical;Paved;3;2009;220000
Residential_Low_Density;70;7669;Pave;Regular;AllPub;Inside;Mitchell;SFoyer;Average;Above_Average;1992;1993;HdBoard;Wd Shng;GasA;Typical;Y;SBrkr;883;0;0;883;1;0;1;0;2;1;Typical;5;1;Fair;Detchd;2;698;Typical;Typical;Paved;6;2009;149000
Residential_Low_Density;78;9317;Pave;Slightly_Irregular;AllPub;Inside;College_Creek;One_Story;Above_Average;Average;2006;2006;VinylSd;VinylSd;GasA;Good;Y;SBrkr;1314;0;0;1314;0;0;2;0;3;1;Good;6;1;Good;Attchd;2;440;Typical;Typical;Paved;3;2007;176432
Residential_Low_Density;85;10541;Pave;Slightly_Irregular;AllPub;Corner;Sawyer_West;SLvl;Good;Average;1996;1996;VinylSd;VinylSd;GasA;Excellent;Y;SBrkr;1302;735;0;2037;0;0;2;1;3;1;Good;8;1;Typical;Attchd;2;472;Typical;Typical;Paved;2;2008;229000
Residential_Low_Density;0;8723;Pave;Slightly_Irregular;AllPub;Inside;Northwest_Ames;SFoyer;Above_Average;Above_Average;1969;1969;HdBoard;HdBoard;GasA;Excellent;Y;SBrkr;1082;0;0;1082;1;0;1;0;3;1;Typical;6;0;No_Fireplace;Attchd;2;480;Typical;Typical;Paved;1;2007;162500
Residential_Low_Density;0;8883;Pave;Slightly_Irregular;AllPub;Inside;Sawyer_West;Two_Story;Good;Average;1988;1988;HdBoard;HdBoard;GasA;Excellent;Y;SBrkr;946;927;0;1873;1;0;2;1;3;1;Good;7;1;Typical;Attchd;2;619;Typical;Typical;Paved;5;2007;207000
Residential_Low_Density;60;6600;Pave;Regular;AllPub;Inside;Mitchell;One_Story;Average;Very_Good;1982;2003;HdBoard;HdBoard;GasA;Excellent;Y;SBrkr;816;0;0;816;1;0;1;0;2;1;Typical;4;0;No_Fireplace;Detchd;2;816;Typical;Typical;Paved;6;2008;138000
Residential_Low_Density;103;13472;Pave;Regular;AllPub;Inside;Northridge_Heights;One_Story;Very_Excellent;Average;2003;2003;VinylSd;VinylSd;GasA;Excellent;Y;SBrkr;2392;0;0;2392;0;0;2;0;3;1;Excellent;8;1;Excellent;Attchd;3;968;Typical;Typical;Paved;6;2009;386250
Residential_Low_Density;0;10200;Pave;Regular;AllPub;Inside;Sawyer;SLvl;Average;Very_Good;1970;1970;HdBoard;HdBoard;GasA;Excellent;Y;SBrkr;904;0;0;904;0;0;1;0;3;1;Good;5;0;No_Fireplace;More_Than_Two_Types;3;912;Typical;Typical;Paved;6;2008;144000
Residential_Low_Density;83;9545;Pave;Regular;AllPub;Corner;Northridge;Two_Story;Very_Good;Average;2000;2000;VinylSd;VinylSd;GasA;Excellent;Y;SBrkr;1205;1029;0;2234;1;0;2;1;3;1;Good;7;1;Typical;BuiltIn;3;768;Typical;Typical;Paved;6;2006;300000
Residential_Medium_Density;0;6120;Pave;Regular;AllPub;Inside;Brookside;One_Story;Average;Above_Average;1945;1995;Plywood;Plywood;GasA;Good;N;SBrkr;808;0;0;808;0;0;1;0;1;1;Typical;6;0;No_Fireplace;Attchd;1;164;Typical;Typical;Partial_Pavement;6;2008;81300
Residential_Low_Density;0;12760;Pave;Slightly_Irregular;AllPub;Inside;Mitchell;One_Story;Above_Average;Average;1976;1976;Plywood;Plywood;GasA;Typical;Y;SBrkr;2048;0;0;2048;0;0;3;0;5;2;Typical;9;0;No_Fireplace;More_Than_Two_Types;2;776;Typical;Typical;Paved;3;2010;170000
Residential_Low_Density;53;7155;Pave;Regular;AllPub;Inside;Crawford;Two_Story;Above_Average;Very_Good;1926;1991;Wd Sdng;Wd Sdng;GasA;Typical;Y;SBrkr;686;775;0;1461;0;0;1;0;3;1;Typical;6;1;Good;Detchd;1;225;Typical;Typical;Dirt_Gravel;7;2007;135000
Residential_Low_Density;70;7763;Pave;Regular;AllPub;Inside;North_Ames;One_Story;Average;Good;1962;1980;MetalSd;MetalSd;GasA;Typical;Y;SBrkr;1283;0;0;1283;1;0;1;0;3;1;Typical;6;0;No_Fireplace;Detchd;2;506;Typical;Typical;Paved;10;2008;140000
Residential_Low_Density;76;11355;Pave;Slightly_Irregular;AllPub;Corner;North_Ames;One_Story;Good;Good;1958;2001;HdBoard;HdBoard;GasA;Excellent;Y;SBrkr;1312;0;0;1312;0;0;1;1;3;1;Typical;6;1;Good;Attchd;2;495;Typical;Typical;Paved;4;2008;186000
Residential_Low_Density;0;9316;Pave;Slightly_Irregular;AllPub;Inside;Sawyer;One_Story;Average;Average;1965;1965;HdBoard;Plywood;GasA;Good;Y;SBrkr;1020;0;0;1020;0;0;2;0;3;1;Typical;5;0;No_Fireplace;Attchd;1;288;Typical;Typical;Paved;5;2009;124100
Residential_Low_Density;130;11700;Pave;Regular;AllPub;Corner;Northwest_Ames;One_Story;Above_Average;Average;1968;1968;HdBoard;HdBoard;GasA;Fair;Y;SBrkr;1295;0;0;1295;1;0;1;1;3;1;Typical;6;0;No_Fireplace;Attchd;2;528;Typical;Typical;Paved;4;2007;164000
Floating_Village_Residential;64;8791;Pave;Slightly_Irregular;AllPub;Inside;Somerset;Two_Story;Above_Average;Average;2003;2003;VinylSd;VinylSd;GasA;Excellent;Y;SBrkr;864;864;0;1728;0;0;2;1;3;1;Good;7;0;No_Fireplace;Attchd;2;673;Typical;Typical;Paved;5;2008;207500
Floating_Village_Residential;75;9000;Pave;Regular;AllPub;Inside;Somerset;One_Story;Very_Good;Average;2008;2008;VinylSd;VinylSd;GasA;Excellent;Y;SBrkr;1566;0;0;1566;1;0;2;0;3;1;Good;7;0;No_Fireplace;Attchd;2;750;Typical;Typical;Paved;4;2010;262500
Residential_Low_Density;36;2448;Pave;Regular;AllPub;Inside;Northridge_Heights;Two_Story;Good;Average;2003;2004;VinylSd;Wd Shng;GasA;Excellent;Y;SBrkr;764;862;0;1626;0;0;2;1;2;1;Good;6;0;No_Fireplace;BuiltIn;2;474;Typical;Typical;Paved;10;2008;155000
Residential_Low_Density;55;8250;Pave;Regular;AllPub;Inside;Edwards;One_Story;Average;Good;1935;1950;Wd Sdng;Wd Sdng;GasA;Typical;N;SBrkr;1032;0;0;1032;0;0;1;0;2;1;Typical;6;1;Typical;Detchd;1;260;Typical;Typical;Paved;6;2006;125000
Residential_Medium_Density;21;1680;Pave;Regular;AllPub;Inside;Briardale;Two_Story;Above_Average;Average;1972;1972;HdBoard;HdBoard;GasA;Typical;Y;SBrkr;483;504;0;987;0;0;1;1;2;1;Typical;5;1;Poor;Attchd;1;288;Typical;Typical;Paved;6;2006;94500
Residential_Low_Density;70;8050;Pave;Regular;AllPub;Inside;North_Ames;One_Story;Average;Above_Average;1967;1993;MetalSd;MetalSd;GasA;Typical;Y;SBrkr;1107;0;0;1107;1;0;1;0;3;1;Good;5;0;No_Fireplace;Attchd;1;308;Typical;Typical;Paved;3;2007;127000
Residential_Low_Density;63;13072;Pave;Regular;AllPub;Inside;Sawyer_West;One_Story;Above_Average;Average;2005;2006;VinylSd;VinylSd;GasA;Excellent;Y;SBrkr;1175;0;0;1175;1;0;1;0;3;1;Good;6;0;No_Fireplace;No_Garage;0;0;No_Garage;No_Garage;Paved;6;2008;146000
Residential_Low_Density;87;9246;Pave;Slightly_Irregular;AllPub;Inside;Northwest_Ames;One_Story;Average;Average;1973;1973;Plywood;Plywood;GasA;Typical;Y;SBrkr;1656;0;0;1656;0;0;2;0;4;2;Typical;8;0;No_Fireplace;Detchd;2;506;Typical;Typical;Paved;11;2008;135000
Residential_Low_Density;74;13101;Pave;Slightly_Irregular;AllPub;Inside;North_Ames;One_Story;Average;Average;1965;1965;HdBoard;HdBoard;GasA;Typical;Y;SBrkr;1728;0;0;1728;0;0;2;0;6;2;Typical;10;0;No_Fireplace;Detchd;2;576;Typical;Typical;Paved;11;2008;142600
Residential_Low_Density;68;13108;Pave;Slightly_Irregular;AllPub;Inside;Stone_Brook;Two_Story;Very_Good;Average;1994;1994;CemntBd;CmentBd;GasA;Excellent;Y;SBrkr;2079;608;0;2687;0;0;2;1;4;1;Good;9;0;No_Fireplace;Attchd;2;618;Typical;Typical;Paved;12;2006;270000
Residential_Low_Density;70;7560;Pave;Regular;AllPub;Inside;North_Ames;One_Story;Average;Above_Average;1958;1965;BrkFace;Plywood;GasA;Typical;Y;SBrkr;1339;0;0;1339;0;0;1;0;3;1;Typical;6;0;No_Fireplace;Attchd;1;294;Typical;Typical;Paved;5;2009;139000
Residential_Low_Density;75;9750;Pave;Regular;AllPub;Inside;Mitchell;SFoyer;Above_Average;Above_Average;1977;1977;Plywood;Plywood;GasA;Excellent;Y;SBrkr;926;0;0;926;1;0;1;0;2;1;Typical;5;1;Typical;Attchd;1;351;Typical;Typical;Paved;4;2009;156450
Residential_Low_Density;0;12585;Pave;Slightly_Irregular;AllPub;Inside;Northridge;Two_Story;Very_Good;Average;1993;1993;HdBoard;ImStucc;GasA;Excellent;Y;SBrkr;1565;1234;0;2799;1;0;2;1;3;1;Good;8;1;Typical;Attchd;3;704;Typical;Typical;Paved;10;2006;315000
Residential_Low_Density;80;9600;Pave;Regular;AllPub;Inside;Northwest_Ames;One_Story;Good;Above_Average;1973;1973;HdBoard;HdBoard;GasA;Fair;Y;SBrkr;1242;0;0;1242;0;0;1;1;3;1;Typical;6;1;Typical;Attchd;2;528;Typical;Typical;Paved;9;2007;175500
Residential_Low_Density;63;15576;Pave;Regular;AllPub;Inside;Crawford;Two_Story;Above_Average;Good;1915;1976;Wd Sdng;Plywood;GasA;Excellent;Y;SBrkr;840;840;0;1680;0;0;2;0;4;1;Typical;8;0;No_Fireplace;Attchd;1;308;Typical;Typical;Paved;3;2008;177000
Residential_Low_Density;0;12732;Pave;Slightly_Irregular;AllPub;CulDSac;Northwest_Ames;Two_Story;Good;Above_Average;1974;1974;VinylSd;VinylSd;GasA;Typical;Y;SBrkr;1285;782;0;2067;0;0;2;1;3;1;Good;7;2;Typical;Attchd;2;784;Typical;Typical;Paved;6;2009;206000
Residential_Low_Density;110;14257;Pave;Regular;AllPub;Inside;Northridge_Heights;Two_Story;Excellent;Average;2007;2007;VinylSd;VinylSd;GasA;Excellent;Y;SBrkr;1794;978;0;2772;1;0;3;1;4;1;Excellent;10;3;Good;BuiltIn;3;754;Typical;Typical;Paved;6;2009;462000
Floating_Village_Residential;0;7500;Pave;Regular;AllPub;Inside;Somerset;Two_Story;Good;Average;2002;2002;VinylSd;VinylSd;GasA;Excellent;Y;SBrkr;952;860;0;1812;0;0;2;1;3;1;Typical;7;1;Typical;Attchd;2;469;Typical;Typical;Paved;4;2008;205000
Residential_Medium_Density;60;10800;Pave;Regular;AllPub;Inside;Old_Town;Two_and_Half_Unf;Good;Good;1914;1970;Wd Sdng;Wd Sdng;GasW;Fair;N;SBrkr;880;888;0;1768;0;0;1;1;2;1;Typical;6;2;Typical;Detchd;2;320;Typical;Typical;Dirt_Gravel;10;2006;163000
Residential_Low_Density;60;10800;Pave;Regular;AllPub;Inside;Old_Town;One_Story;Average;Above_Average;1920;1950;Stucco;Stucco;GasA;Excellent;Y;SBrkr;1130;0;0;1130;1;0;1;0;2;1;Typical;5;1;Good;Detchd;2;720;Typical;Typical;Paved;6;2006;120000
Residential_Low_Density;65;8450;Pave;Regular;AllPub;Inside;Sawyer;One_Story;Average;Average;1968;1968;HdBoard;HdBoard;GasA;Good;N;SBrkr;890;0;0;890;1;0;1;0;3;1;Typical;5;0;No_Fireplace;Detchd;1;308;Typical;Typical;Paved;4;2008;115000
Residential_Low_Density;99;12099;Pave;Slightly_Irregular;AllPub;Inside;Northridge_Heights;Two_Story;Very_Good;Average;2004;2004;VinylSd;VinylSd;GasA;Excellent;Y;SBrkr;1136;1332;0;2468;1;0;2;1;4;1;Good;10;1;Good;BuiltIn;3;872;Typical;Typical;Paved;6;2007;354000
Residential_Medium_Density;35;3907;Pave;Slightly_Irregular;AllPub;Inside;Blueste;One_Story;Very_Good;Above_Average;1989;1989;HdBoard;HdBoard;GasA;Good;Y;SBrkr;1034;0;0;1034;1;0;1;0;1;1;Good;4;1;Typical;Attchd;2;598;Typical;Typical;Paved;4;2010;185000
Residential_Low_Density;174;25419;Pave;Regular;AllPub;Corner;North_Ames;Two_Story;Very_Good;Below_Average;1918;1990;Stucco;Stucco;GasA;Good;Y;SBrkr;1360;1360;392;3112;1;1;2;0;4;1;Good;8;1;Excellent;Detchd;2;795;Typical;Typical;Paved;3;2006;235000
Residential_Low_Density;63;13072;Pave;Regular;AllPub;Inside;Sawyer_West;One_Story;Good;Average;2004;2005;VinylSd;VinylSd;GasA;Excellent;Y;SBrkr;1114;0;0;1114;0;0;1;1;3;1;Good;6;0;No_Fireplace;Detchd;2;576;Typical;Typical;Paved;5;2009;159000
Residential_Low_Density;0;9156;Pave;Slightly_Irregular;AllPub;Inside;Northwest_Ames;One_Story;Above_Average;Good;1968;1968;BrkFace;BrkFace;GasA;Good;Y;SBrkr;1489;0;0;1489;0;0;2;0;3;1;Good;7;1;Good;Attchd;2;462;Typical;Typical;Paved;8;2009;185750
Residential_Medium_Density;75;9000;Pave;Regular;AllPub;Corner;Old_Town;One_and_Half_Fin;Average;Above_Average;1946;1950;MetalSd;MetalSd;GasA;Excellent;Y;FuseA;904;595;0;1499;0;0;1;0;3;1;Typical;5;1;Poor;Detchd;3;869;Typical;Good;Paved;6;2008;140000
Residential_Low_Density;70;9100;Pave;Regular;AllPub;Inside;North_Ames;One_Story;Above_Average;Above_Average;1959;1959;Wd Sdng;Wd Sdng;GasA;Excellent;Y;SBrkr;864;0;0;864;0;0;1;0;2;1;Typical;5;0;No_Fireplace;Detchd;1;300;Excellent;Excellent;Paved;10;2009;127500
Residential_Medium_Density;62;6710;Pave;Slightly_Irregular;AllPub;FR3;Mitchell;SFoyer;Above_Average;Average;1996;1997;VinylSd;VinylSd;GasA;Excellent;Y;SBrkr;936;0;0;936;2;0;0;1;0;1;Typical;3;0;No_Fireplace;Attchd;2;460;Typical;Typical;Paved;6;2007;140000
Residential_Low_Density;81;14175;Pave;Regular;AllPub;Inside;Sawyer;One_Story;Average;Average;1956;1998;BrkFace;BrkFace;GasA;Good;Y;SBrkr;1375;0;0;1375;1;0;1;0;3;1;Typical;6;1;Good;Attchd;1;323;Typical;Typical;Paved;12;2007;187000
Residential_Low_Density;100;12919;Pave;Slightly_Irregular;AllPub;Inside;Northridge_Heights;One_Story;Excellent;Average;2009;2010;VinylSd;VinylSd;GasA;Excellent;Y;SBrkr;2364;0;0;2364;1;0;2;1;2;1;Excellent;11;2;Good;Attchd;3;820;Typical;Typical;Paved;3;2010;611657
Residential_Medium_Density;59;8198;Pave;Regular;AllPub;FR3;Northridge_Heights;One_Story;Good;Average;2004;2004;VinylSd;VinylSd;GasA;Excellent;Y;SBrkr;1358;0;0;1358;1;0;2;0;2;1;Good;6;1;Good;Attchd;2;484;Typical;Typical;Paved;7;2008;207000
Residential_Low_Density;63;7584;Pave;Regular;AllPub;Inside;North_Ames;One_Story;Average;Average;1953;1953;Wd Sdng;Wd Sdng;GasA;Excellent;Y;SBrkr;1036;0;0;1036;0;0;1;0;3;1;Typical;5;0;No_Fireplace;Attchd;1;312;Typical;Typical;Paved;6;2008;112900
Residential_Low_Density;90;5400;Pave;Regular;AllPub;Inside;Old_Town;One_Story;Average;Good;1954;2000;MetalSd;MetalSd;GasA;Excellent;Y;SBrkr;833;0;0;833;0;0;1;0;2;1;Good;4;0;No_Fireplace;Detchd;1;326;Typical;Typical;Paved;8;2006;117000
Residential_Low_Density;80;12984;Pave;Regular;AllPub;Inside;Crawford;One_Story;Average;Above_Average;1977;1977;Plywood;Plywood;GasA;Excellent;Y;SBrkr;1647;0;0;1647;1;0;2;0;3;1;Good;7;1;Typical;Attchd;2;621;Typical;Typical;Paved;3;2006;217500
Residential_Low_Density;0;11885;Pave;Regular;AllPub;Inside;College_Creek;Two_Story;Very_Good;Average;2001;2001;VinylSd;VinylSd;GasA;Excellent;Y;SBrkr;1299;573;0;1872;1;0;2;1;3;1;Excellent;7;1;Typical;BuiltIn;2;531;Typical;Typical;Paved;11;2009;261500
Residential_Medium_Density;40;3880;Pave;Regular;AllPub;Inside;Old_Town;One_Story;Average;Excellent;1945;1997;VinylSd;VinylSd;GasA;Good;Y;SBrkr;866;0;0;866;0;0;1;0;2;1;Good;4;0;No_Fireplace;No_Garage;0;0;No_Garage;No_Garage;Paved;8;2007;110500
Residential_Low_Density;107;11362;Pave;Slightly_Irregular;AllPub;Inside;Northridge_Heights;One_Story;Very_Good;Average;2004;2005;MetalSd;MetalSd;GasA;Excellent;Y;SBrkr;1836;0;0;1836;1;0;2;0;3;1;Good;7;1;Good;Attchd;3;862;Typical;Typical;Paved;3;2009;280000
Residential_Low_Density;81;14267;Pave;Slightly_Irregular;AllPub;Corner;North_Ames;One_Story;Above_Average;Above_Average;1958;1958;Wd Sdng;Wd Sdng;GasA;Typical;Y;SBrkr;1329;0;0;1329;0;0;1;1;3;1;Good;6;0;No_Fireplace;Attchd;1;312;Typical;Typical;Paved;6;2010;172000
Residential_Low_Density;70;10759;Pave;Regular;AllPub;Corner;Sawyer;One_and_Half_Fin;Average;Below_Average;1972;1972;HdBoard;HdBoard;GasA;Typical;Y;SBrkr;1001;640;0;1641;0;0;2;0;4;1;Typical;5;1;Good;Detchd;2;490;Typical;Typical;Paved;7;2008;140000
Residential_Low_Density;91;11825;Pave;Regular;AllPub;Inside;Northridge_Heights;One_Story;Very_Good;Average;2006;2007;CemntBd;CmentBd;GasA;Excellent;Y;SBrkr;1694;0;0;1694;0;0;2;0;3;1;Good;7;1;Good;Attchd;3;856;Typical;Typical;Paved;6;2007;322400
Residential_Low_Density;0;11341;Pave;Slightly_Irregular;AllPub;Inside;Sawyer;One_Story;Average;Above_Average;1957;1996;Wd Sdng;Wd Sdng;GasA;Typical;Y;SBrkr;1392;0;0;1392;1;0;1;1;3;1;Typical;5;1;Good;Detchd;2;528;Typical;Typical;Paved;5;2010;121500
Residential_Low_Density;65;14149;Pave;Slightly_Irregular;AllPub;Inside;Sawyer;SLvl;Average;Very_Good;1964;2001;HdBoard;HdBoard;GasA;Typical;Y;SBrkr;1020;0;0;1020;0;1;2;0;3;1;Typical;5;1;Poor;Detchd;2;528;Typical;Typical;Paved;5;2007;165000
Residential_Low_Density;75;8235;Pave;Regular;AllPub;Inside;Sawyer;One_Story;Average;Below_Average;1977;1977;Plywood;Plywood;GasA;Typical;Y;SBrkr;1949;0;0;1949;0;0;2;0;6;2;Typical;10;0;No_Fireplace;Attchd;2;586;Typical;Typical;Paved;5;2006;157000
Residential_Low_Density;72;10463;Pave;Slightly_Irregular;AllPub;CulDSac;Gilbert;Two_Story;Very_Good;Average;2005;2005;VinylSd;VinylSd;GasA;Excellent;Y;SBrkr;901;900;0;1801;0;0;2;1;3;1;Good;8;1;Good;Attchd;3;800;Typical;Typical;Paved;6;2006;239900
Residential_Low_Density;80;9600;Pave;Regular;AllPub;Inside;Northwest_Ames;Two_Story;Good;Average;1974;1974;Plywood;Plywood;GasA;Good;Y;SBrkr;1165;896;0;2061;0;1;2;1;4;1;Typical;8;1;Typical;Attchd;2;498;Typical;Typical;Paved;5;2009;168500
Residential_Low_Density;43;3010;Pave;Regular;AllPub;Inside;Bloomington_Heights;One_Story;Good;Average;2005;2006;VinylSd;VinylSd;GasA;Excellent;Y;SBrkr;1142;0;0;1142;0;0;2;0;2;1;Good;6;0;No_Fireplace;Attchd;2;440;Typical;Typical;Paved;6;2006;156820
Residential_Low_Density;62;10447;Pave;Regular;AllPub;Inside;Mitchell;One_Story;Average;Above_Average;1984;1984;Plywood;HdBoard;GasA;Typical;Y;SBrkr;887;0;0;887;0;1;1;0;3;1;Typical;5;0;No_Fireplace;Attchd;1;288;Typical;Typical;Paved;12;2007;124500
Residential_Low_Density;0;13680;Pave;Slightly_Irregular;AllPub;CulDSac;Edwards;One_Story;Fair;Average;1955;1955;BrkFace;Wd Sdng;GasA;Excellent;Y;FuseA;1733;0;0;1733;0;0;2;0;4;1;Typical;8;1;Good;Attchd;2;452;Typical;Typical;Paved;6;2009;139600
Residential_Low_Density;120;17360;Pave;Regular;AllPub;Corner;North_Ames;One_and_Half_Fin;Above_Average;Above_Average;1949;1950;MetalSd;MetalSd;GasA;Typical;Y;SBrkr;1019;537;0;1556;0;0;2;0;3;1;Typical;6;1;Good;Attchd;2;470;Typical;Typical;Paved;1;2010;172500
Residential_Low_Density;0;14803;Pave;Slightly_Irregular;AllPub;CulDSac;Northwest_Ames;Two_Story;Above_Average;Average;1971;1971;HdBoard;HdBoard;GasA;Good;Y;SBrkr;1097;896;0;1993;0;0;2;1;4;1;Typical;8;1;Good;Attchd;2;495;Typical;Typical;Paved;6;2006;190000
Residential_Low_Density;75;9742;Pave;Regular;AllPub;Inside;College_Creek;One_Story;Very_Good;Average;2002;2002;VinylSd;VinylSd;GasA;Excellent;Y;SBrkr;1795;0;0;1795;0;0;2;0;3;1;Good;7;1;Good;Attchd;2;534;Typical;Typical;Paved;9;2008;230000
Residential_Low_Density;100;12191;Pave;Slightly_Irregular;AllPub;Inside;Northridge;Two_Story;Very_Good;Average;1997;1998;VinylSd;VinylSd;GasA;Excellent;Y;SBrkr;1779;772;0;2551;1;0;2;1;4;1;Good;8;2;Typical;Attchd;3;925;Typical;Typical;Paved;6;2007;384500
Residential_Low_Density;86;11839;Pave;Regular;AllPub;Inside;Sawyer_West;Two_Story;Good;Average;1990;1990;HdBoard;HdBoard;GasA;Excellent;Y;SBrkr;1532;797;0;2329;1;0;2;1;4;1;Good;10;1;Excellent;Attchd;2;514;Typical;Typical;Paved;5;2008;262280
Residential_Low_Density;72;7226;Pave;Slightly_Irregular;AllPub;CulDSac;College_Creek;Two_Story;Good;Average;2003;2003;VinylSd;VinylSd;GasA;Excellent;Y;SBrkr;798;842;0;1640;0;0;2;1;3;1;Good;6;0;No_Fireplace;Attchd;2;595;Typical;Typical;Paved;6;2008;183000
Residential_Low_Density;58;13204;Pave;Slightly_Irregular;AllPub;Inside;Gilbert;Two_Story;Good;Average;2006;2007;VinylSd;VinylSd;GasA;Excellent;Y;SBrkr;608;850;0;1458;0;0;2;0;3;1;Good;6;0;No_Fireplace;BuiltIn;2;454;Typical;Typical;Paved;5;2007;168165
Residential_Low_Density;70;8400;Pave;Regular;AllPub;Inside;North_Ames;One_Story;Average;Average;1968;1968;HdBoard;HdBoard;GasA;Good;Y;SBrkr;1052;0;0;1052;1;0;1;1;3;1;Typical;5;0;No_Fireplace;Attchd;1;288;Typical;Typical;Paved;11;2006;138500
Floating_Village_Residential;24;2280;Pave;Regular;AllPub;Inside;Somerset;Two_Story;Good;Average;1999;1999;MetalSd;MetalSd;GasA;Good;Y;SBrkr;757;744;0;1501;0;0;2;1;3;1;Typical;6;0;No_Fireplace;Detchd;2;440;Typical;Typical;Paved;8;2008;179400
Residential_Low_Density;76;9591;Pave;Regular;AllPub;Inside;Northridge_Heights;One_Story;Very_Good;Average;2004;2005;VinylSd;VinylSd;GasA;Excellent;Y;SBrkr;1713;0;0;1713;1;0;2;0;3;1;Excellent;7;1;Good;Attchd;3;856;Typical;Typical;Paved;1;2009;274900
Floating_Village_Residential;85;10625;Pave;Regular;AllPub;Inside;Somerset;One_Story;Good;Average;2006;2007;VinylSd;VinylSd;GasA;Excellent;Y;SBrkr;1662;0;0;1662;1;0;2;0;3;1;Excellent;8;1;Good;Attchd;3;711;Typical;Typical;Paved;3;2009;291000
Residential_Low_Density;65;8944;Pave;Regular;AllPub;Inside;North_Ames;One_Story;Average;Average;1967;1967;Plywood;Plywood;GasA;Typical;Y;SBrkr;1584;0;0;1584;0;0;2;0;4;2;Typical;8;0;No_Fireplace;Detchd;3;792;Typical;Typical;Paved;4;2009;124000
Residential_Low_Density;63;7500;Pave;Regular;AllPub;Inside;Sawyer_West;One_Story;Good;Average;2006;2006;VinylSd;VinylSd;GasA;Excellent;Y;SBrkr;1141;0;0;1141;1;0;1;1;3;1;Good;6;0;No_Fireplace;Detchd;2;484;Typical;Typical;Paved;6;2009;152000
Residential_Medium_Density;21;1680;Pave;Regular;AllPub;Inside;Briardale;Two_Story;Above_Average;Average;1972;1972;HdBoard;HdBoard;GasA;Typical;Y;SBrkr;483;465;0;948;0;0;1;1;2;1;Typical;5;0;No_Fireplace;Detchd;1;264;Typical;Typical;Paved;7;2006;89000
Residential_Low_Density;0;17597;Pave;Regular;AllPub;Inside;Crawford;One_Story;Good;Excellent;1971;2009;BrkFace;BrkFace;GasA;Typical;Y;SBrkr;2365;0;0;2365;1;0;2;0;3;1;Excellent;7;2;Good;Attchd;2;551;Typical;Typical;Paved;7;2009;315000
Residential_Low_Density;0;11332;Pave;Slightly_Irregular;AllPub;Corner;North_Ames;One_Story;Average;Good;1960;2000;Wd Sdng;Wd Sdng;GasA;Excellent;Y;SBrkr;1118;0;0;1118;1;0;1;0;3;1;Good;6;0;No_Fireplace;Attchd;1;264;Typical;Typical;Paved;8;2008;153000
Residential_Low_Density;0;12800;Pave;Regular;AllPub;Inside;Sawyer_West;SLvl;Good;Average;1989;1989;Wd Sdng;Wd Sdng;GasA;Good;Y;SBrkr;1644;0;0;1644;1;1;2;0;2;1;Good;5;1;Typical;Attchd;2;569;Typical;Typical;Paved;8;2009;275000
Residential_Low_Density;102;13514;Pave;Slightly_Irregular;AllPub;Corner;Northridge_Heights;One_Story;Excellent;Average;2008;2008;VinylSd;VinylSd;GasA;Excellent;Y;SBrkr;1808;0;0;1808;1;0;2;0;3;1;Excellent;7;1;Good;Attchd;3;850;Typical;Typical;Paved;3;2009;324000
Residential_Medium_Density;90;8100;Pave;Regular;AllPub;Corner;Old_Town;Two_and_Half_Unf;Average;Average;1898;1965;AsbShng;AsbShng;GasA;Typical;N;FuseA;1075;1063;0;2138;0;0;2;0;2;3;Typical;11;0;No_Fireplace;Detchd;2;360;Fair;Poor;Dirt_Gravel;11;2009;106000
Residential_Low_Density;88;12803;Pave;Slightly_Irregular;AllPub;Inside;College_Creek;One_Story;Good;Average;2002;2002;VinylSd;VinylSd;GasA;Excellent;Y;SBrkr;1494;0;0;1494;1;0;2;0;3;1;Good;6;1;Typical;Attchd;2;530;Typical;Typical;Paved;9;2008;221000
Residential_Low_Density;0;21453;Pave;Slightly_Irregular;AllPub;CulDSac;Clear_Creek;SLvl;Above_Average;Average;1969;1969;Plywood;Plywood;GasA;Excellent;Y;SBrkr;988;0;0;988;1;0;1;0;1;1;Typical;4;2;Typical;Attchd;2;540;Typical;Typical;Paved;10;2006;180000
Residential_Low_Density;49;20896;Pave;Moderately_Irregular;AllPub;CulDSac;Somerset;One_Story;Very_Good;Average;2005;2006;VinylSd;VinylSd;GasA;Excellent;Y;SBrkr;2097;0;0;2097;1;0;1;1;1;1;Excellent;8;1;Excellent;Attchd;3;1134;Typical;Typical;Paved;1;2006;423000
Residential_Medium_Density;75;13710;Pave;Regular;AllPub;Inside;Iowa_DOT_and_Rail_Road;One_and_Half_Fin;Average;Average;1950;1950;Wd Sdng;Wd Sdng;GasA;Typical;Y;FuseA;910;648;0;1558;0;0;1;1;4;1;Typical;6;0;No_Fireplace;Attchd;1;282;Typical;Typical;Paved;6;2007;152000
Residential_Low_Density;0;14364;Pave;Slightly_Irregular;AllPub;Inside;Sawyer_West;Two_Story;Good;Average;1988;1989;Plywood;Plywood;GasA;Excellent;Y;SBrkr;1180;882;0;2062;1;0;2;1;3;1;Typical;7;1;Good;Attchd;2;454;Typical;Typical;Paved;4;2007;277000
Residential_Low_Density;24;2304;Pave;Regular;AllPub;Inside;Northpark_Villa;One_Story;Good;Good;1978;1978;Plywood;Brk Cmn;GasA;Typical;Y;SBrkr;1055;0;0;1055;0;0;2;0;2;1;Typical;4;0;No_Fireplace;Attchd;1;319;Typical;Typical;Paved;4;2007;142500
Residential_Low_Density;68;9520;Pave;Regular;AllPub;Inside;Edwards;One_Story;Below_Average;Average;1953;1953;MetalSd;MetalSd;GasA;Typical;Y;SBrkr;930;0;0;930;0;0;1;0;2;1;Typical;5;0;No_Fireplace;Attchd;1;286;Typical;Typical;Paved;5;2008;99000
Residential_Low_Density;60;8544;Pave;Regular;AllPub;Corner;North_Ames;One_Story;Fair;Below_Average;1950;1950;BrkFace;BrkFace;Wall;Fair;N;FuseA;1040;0;0;1040;0;0;2;0;2;2;Typical;6;0;No_Fireplace;Detchd;2;400;Typical;Typical;Paved;6;2009;92900
Residential_Low_Density;85;14601;Pave;Regular;AllPub;Inside;Timberland;One_Story;Excellent;Average;2006;2006;VinylSd;VinylSd;GasA;Excellent;Y;SBrkr;1838;0;0;1838;1;0;2;0;2;1;Excellent;8;1;Good;Attchd;3;765;Typical;Typical;Paved;3;2009;315000
Residential_Low_Density;60;19800;Pave;Regular;AllPub;Inside;Edwards;Two_and_Half_Unf;Above_Average;Very_Good;1935;1990;BrkFace;Wd Sdng;GasA;Good;Y;SBrkr;1836;1836;0;3672;0;0;3;1;5;1;Good;7;2;Good;Detchd;2;836;Typical;Typical;Paved;12;2006;415000
Residential_Low_Density;55;8250;Pave;Regular;AllPub;Inside;Sawyer;One_Story;Average;Average;1968;1968;HdBoard;HdBoard;GasA;Excellent;Y;SBrkr;1211;0;0;1211;0;0;1;0;3;1;Typical;5;1;Typical;Attchd;1;322;Typical;Typical;Paved;8;2008;134000
Residential_Medium_Density;0;4426;Pave;Regular;AllPub;Inside;College_Creek;One_Story;Above_Average;Average;2004;2004;VinylSd;VinylSd;GasA;Excellent;Y;SBrkr;848;0;0;848;1;0;1;0;1;1;Good;3;1;Typical;Attchd;2;420;Typical;Typical;Paved;5;2008;149300
Residential_Low_Density;100;17500;Pave;Regular;AllPub;Corner;Crawford;One_Story;Above_Average;Average;1954;1954;HdBoard;HdBoard;GasA;Excellent;Y;SBrkr;1906;0;0;1906;1;0;1;1;3;1;Typical;6;2;Good;Basment;2;576;Typical;Typical;Paved;1;2009;224000
Residential_Low_Density;96;12444;Pave;Regular;AllPub;FR2;Northridge_Heights;One_Story;Very_Good;Average;2008;2008;VinylSd;VinylSd;GasA;Excellent;Y;SBrkr;1932;0;0;1932;1;0;2;0;2;1;Excellent;7;1;Good;Attchd;3;774;Typical;Typical;Paved;11;2008;394617
Residential_Low_Density;75;10170;Pave;Regular;AllPub;Corner;North_Ames;One_Story;Above_Average;Above_Average;1951;1951;Wd Sdng;Wd Sdng;GasA;Typical;Y;SBrkr;1575;0;0;1575;0;0;1;1;2;1;Good;5;1;Good;Attchd;2;400;Typical;Typical;Paved;6;2006;155000
Residential_Low_Density;85;11050;Pave;Slightly_Irregular;AllPub;Corner;Northwest_Ames;One_Story;Good;Average;1975;1975;Plywood;Plywood;GasA;Fair;Y;SBrkr;1193;0;0;1193;0;0;2;0;3;1;Typical;5;1;Typical;Attchd;2;506;Typical;Typical;Paved;8;2009;158000
Residential_Low_Density;64;7018;Pave;Regular;AllPub;Inside;Sawyer_West;One_Story;Average;Average;1979;1979;HdBoard;HdBoard;GasA;Typical;Y;SBrkr;1535;0;0;1535;0;0;2;0;4;2;Typical;8;0;No_Fireplace;Attchd;2;400;Typical;Typical;Paved;6;2009;118858
Residential_Low_Density;78;11679;Pave;Slightly_Irregular;AllPub;Inside;Edwards;SLvl;Average;Average;1962;1962;Plywood;Plywood;GasA;Excellent;Y;SBrkr;1560;0;0;1560;0;1;2;0;3;1;Typical;6;1;Fair;Attchd;2;528;Typical;Typical;Paved;5;2006;182000
Residential_Low_Density;42;13751;Pave;Slightly_Irregular;AllPub;CulDSac;Gilbert;Two_Story;Good;Average;2005;2006;VinylSd;VinylSd;GasA;Excellent;Y;SBrkr;1700;512;0;2212;1;0;2;1;3;1;Good;9;1;Good;Attchd;3;773;Typical;Typical;Paved;5;2006;309000
Residential_Low_Density;110;14230;Pave;Regular;AllPub;Corner;Northridge_Heights;One_Story;Very_Good;Average;2007;2007;VinylSd;VinylSd;GasA;Excellent;Y;SBrkr;1600;0;0;1600;0;0;2;0;3;1;Good;7;1;Good;Attchd;3;890;Typical;Typical;Paved;7;2009;256300
Residential_Low_Density;93;10261;Pave;Slightly_Irregular;AllPub;Inside;Gilbert;Two_Story;Above_Average;Average;2000;2000;VinylSd;VinylSd;GasA;Excellent;Y;SBrkr;962;830;0;1792;1;0;2;1;3;1;Typical;8;1;Typical;Attchd;2;451;Typical;Typical;Paved;5;2008;186500
Residential_Low_Density;51;3500;Pave;Regular;AllPub;Inside;Brookside;One_and_Half_Fin;Fair;Average;1945;1950;MetalSd;MetalSd;GasA;Typical;N;FuseA;442;228;0;670;1;0;1;0;2;1;Fair;4;0;No_Fireplace;No_Garage;0;0;No_Garage;No_Garage;Dirt_Gravel;7;2007;64000
Residential_Low_Density;60;16012;Pave;Slightly_Irregular;AllPub;Inside;Edwards;One_Story;Below_Average;Below_Average;1954;1968;Wd Sdng;Wd Sdng;GasA;Excellent;Y;SBrkr;1482;0;0;1482;0;1;2;0;3;1;Typical;6;1;Good;More_Than_Two_Types;2;609;Typical;Typical;Paved;10;2006;125000
Residential_Medium_Density;62;7006;Pave;Regular;AllPub;Inside;Iowa_DOT_and_Rail_Road;One_and_Half_Fin;Above_Average;Above_Average;1925;1950;Stucco;Stucco;GasA;Typical;Y;SBrkr;788;448;0;1236;1;0;2;0;3;1;Typical;6;1;Good;Detchd;1;384;Typical;Typical;Paved;8;2008;127000
Residential_Medium_Density;60;7200;Pave;Regular;AllPub;Corner;Old_Town;One_Story;Average;Good;1940;1992;MetalSd;MetalSd;GasA;Typical;Y;SBrkr;804;0;0;804;1;0;1;0;2;1;Good;4;2;Good;Attchd;1;240;Typical;Typical;Paved;2;2010;119000
Residential_Low_Density;0;10750;Pave;Slightly_Irregular;AllPub;CulDSac;Northridge;One_Story;Very_Good;Average;1994;1995;Wd Sdng;Wd Sdng;GasA;Excellent;Y;SBrkr;2063;0;0;2063;1;0;2;0;3;1;Good;7;2;Good;Attchd;3;815;Typical;Typical;Paved;6;2009;315000
Floating_Village_Residential;24;2160;Pave;Regular;AllPub;Inside;Somerset;Two_Story;Good;Average;1999;2000;MetalSd;MetalSd;GasA;Excellent;Y;SBrkr;624;628;0;1252;1;0;2;1;2;1;Good;4;0;No_Fireplace;Detchd;2;462;Typical;Typical;Paved;3;2008;160000
Residential_Low_Density;0;11838;Pave;Regular;AllPub;Inside;College_Creek;One_Story;Very_Good;Average;2001;2001;VinylSd;VinylSd;GasA;Excellent;Y;SBrkr;1788;0;0;1788;0;0;2;0;3;1;Excellent;7;1;Typical;Attchd;2;522;Typical;Typical;Paved;6;2009;236500
Floating_Village_Residential;65;8125;Pave;Regular;AllPub;Inside;Somerset;Two_Story;Above_Average;Average;2005;2005;VinylSd;VinylSd;GasA;Excellent;Y;SBrkr;858;858;0;1716;0;0;2;1;3;1;Good;7;0;No_Fireplace;Attchd;2;615;Typical;Typical;Paved;2;2006;200825
Residential_Low_Density;48;6240;Pave;Regular;AllPub;Inside;Northridge_Heights;One_Story;Very_Good;Average;2006;2007;MetalSd;MetalSd;GasA;Excellent;Y;SBrkr;1342;0;0;1342;0;0;2;0;2;1;Good;6;1;Good;Attchd;2;550;Typical;Typical;Paved;2;2008;219500
Residential_Low_Density;81;7635;Pave;Slightly_Irregular;AllPub;Corner;North_Ames;One_Story;Average;Above_Average;1960;1960;BrkFace;Wd Sdng;GasA;Excellent;Y;SBrkr;1175;0;0;1175;0;0;1;1;3;1;Typical;6;0;No_Fireplace;Detchd;2;484;Typical;Typical;Paved;6;2010;148000
Floating_Village_Residential;0;7050;Pave;Regular;AllPub;Inside;Somerset;Two_Story;Good;Average;2001;2001;VinylSd;VinylSd;GasA;Excellent;Y;SBrkr;1057;872;0;1929;1;0;2;1;3;1;Good;7;1;Typical;Attchd;2;650;Typical;Typical;Paved;5;2007;226000
Residential_Medium_Density;44;4224;Pave;Regular;AllPub;Inside;Meadow_Village;One_Story;Average;Good;1976;1976;CemntBd;CmentBd;GasA;Typical;Y;SBrkr;1060;0;0;1060;1;0;1;0;3;1;Typical;6;1;Typical;Attchd;2;572;Typical;Typical;Paved;6;2007;129900
Floating_Village_Residential;84;10440;Pave;Regular;AllPub;Corner;Somerset;One_Story;Above_Average;Average;2005;2005;VinylSd;VinylSd;GasA;Excellent;Y;SBrkr;1468;0;0;1468;1;0;2;0;2;1;Good;6;1;Good;Attchd;2;528;Typical;Typical;Paved;5;2010;271500
Residential_Medium_Density;56;4485;Pave;Regular;AllPub;Inside;Old_Town;One_Story;Average;Good;1920;1950;Wd Sdng;Wd Sdng;GasA;Typical;Y;SBrkr;936;0;0;936;1;0;1;0;2;1;Typical;5;1;Good;No_Garage;0;0;No_Garage;No_Garage;Partial_Pavement;5;2010;109500
Residential_Low_Density;34;3901;Pave;Regular;AllPub;Inside;Northridge_Heights;One_Story;Above_Average;Average;2005;2006;VinylSd;VinylSd;GasA;Excellent;Y;SBrkr;1302;0;0;1302;1;0;1;1;1;1;Good;5;1;Good;Attchd;2;631;Typical;Typical;Paved;8;2007;204000
Residential_Low_Density;85;10628;Pave;Regular;AllPub;Inside;North_Ames;One_Story;Good;Average;1970;1970;Plywood;Plywood;GasA;Typical;Y;SBrkr;1277;0;0;1277;1;0;1;0;2;1;Typical;5;1;Poor;Attchd;2;526;Typical;Typical;Paved;4;2007;167000
Residential_Low_Density;85;11050;Pave;Regular;AllPub;Inside;Mitchell;Two_Story;Very_Good;Average;1998;1999;VinylSd;VinylSd;GasA;Excellent;Y;SBrkr;1036;880;0;1916;1;0;2;1;3;1;Good;8;1;Typical;Attchd;3;741;Typical;Typical;Paved;5;2010;254900
Residential_Low_Density;0;10784;Pave;Slightly_Irregular;AllPub;FR2;Gilbert;SLvl;Good;Average;1991;1992;HdBoard;HdBoard;GasA;Good;Y;SBrkr;802;670;0;1472;0;0;2;1;3;1;Good;7;1;Typical;Attchd;2;402;Typical;Typical;Paved;5;2007;160000
Residential_Low_Density;60;7200;Pave;Regular;AllPub;Inside;College_Creek;One_Story;Average;Very_Good;1972;1972;VinylSd;VinylSd;GasA;Excellent;Y;SBrkr;864;0;0;864;0;0;1;0;3;1;Typical;5;0;No_Fireplace;Detchd;1;297;Typical;Typical;Paved;3;2006;119900
Residential_Low_Density;0;12160;Pave;Slightly_Irregular;AllPub;Inside;North_Ames;One_Story;Average;Average;1959;1959;Plywood;Plywood;GasA;Fair;Y;SBrkr;1188;0;0;1188;1;0;1;0;3;1;Typical;6;0;No_Fireplace;Attchd;2;531;Typical;Typical;Paved;5;2010;142000
Residential_Medium_Density;41;5748;Pave;Slightly_Irregular;AllPub;Inside;Crawford;One_Story;Very_Good;Average;2005;2006;CemntBd;CmentBd;GasA;Excellent;Y;SBrkr;1778;0;0;1778;2;0;2;0;2;1;Excellent;5;1;Good;Attchd;2;495;Typical;Typical;Paved;2;2006;375000
Residential_Low_Density;0;7162;Pave;Slightly_Irregular;AllPub;Inside;Sawyer;One_Story;Average;Good;1966;1966;HdBoard;HdBoard;GasA;Typical;Y;SBrkr;904;0;0;904;0;0;1;0;3;1;Typical;6;0;No_Fireplace;Attchd;1;408;Typical;Typical;Paved;12;2008;109900
Residential_Low_Density;80;12000;Pave;Regular;AllPub;Inside;Clear_Creek;One_Story;Above_Average;Average;1968;1968;Plywood;Plywood;GasA;Good;Y;SBrkr;1388;0;0;1388;1;0;2;0;3;1;Typical;6;1;Poor;Attchd;2;522;Typical;Typical;Paved;7;2006;158900
Residential_Low_Density;105;13693;Pave;Regular;AllPub;Inside;Northridge_Heights;One_Story;Very_Excellent;Average;2007;2007;VinylSd;VinylSd;GasA;Excellent;Y;SBrkr;2674;0;0;2674;2;0;2;1;2;1;Excellent;8;2;Good;Attchd;3;762;Typical;Typical;Paved;3;2009;610000
Residential_Low_Density;85;14082;Pave;Slightly_Irregular;AllPub;Inside;Stone_Brook;One_Story;Very_Good;Average;2006;2006;VinylSd;VinylSd;GasA;Excellent;Y;SBrkr;2234;0;0;2234;1;0;1;1;1;1;Good;7;1;Good;Attchd;2;724;Typical;Typical;Paved;1;2007;441929
Residential_Low_Density;0;7703;Pave;Slightly_Irregular;AllPub;CulDSac;Sawyer;SFoyer;Above_Average;Very_Good;1978;1978;HdBoard;HdBoard;GasA;Excellent;Y;SBrkr;1034;0;0;1034;0;1;1;0;3;1;Typical;6;1;Poor;Basment;2;504;Typical;Typical;Paved;5;2008;153000
Residential_Low_Density;94;9259;Pave;Regular;AllPub;Corner;Sawyer;One_Story;Below_Average;Below_Average;1927;1950;Wd Sdng;Wd Sdng;GasA;Typical;N;SBrkr;756;0;0;756;0;0;1;0;2;1;Typical;4;0;No_Fireplace;Detchd;2;440;Typical;Typical;Dirt_Gravel;6;2010;85000
Residential_Low_Density;174;15138;Pave;Slightly_Irregular;AllPub;Inside;Northridge;Two_Story;Very_Good;Average;1995;1996;VinylSd;VinylSd;GasA;Excellent;Y;SBrkr;1490;1304;0;2794;1;0;2;1;4;1;Excellent;9;1;Typical;Attchd;3;810;Typical;Typical;Paved;7;2009;403000
Residential_Low_Density;74;8899;Pave;Regular;AllPub;Inside;Northridge_Heights;Two_Story;Very_Good;Average;2007;2007;VinylSd;VinylSd;GasA;Excellent;Y;SBrkr;948;1140;0;2088;0;0;2;1;4;1;Good;10;1;Good;BuiltIn;3;656;Typical;Typical;Paved;6;2008;250000
Residential_Low_Density;77;10872;Pave;Slightly_Irregular;AllPub;Inside;Northridge_Heights;One_Story;Excellent;Average;2006;2006;VinylSd;VinylSd;GasA;Excellent;Y;SBrkr;1531;0;0;1531;1;0;2;0;2;1;Excellent;6;1;Good;Attchd;3;700;Typical;Typical;Paved;2;2009;300000
Residential_Medium_Density;51;6120;Pave;Regular;AllPub;Corner;Brookside;One_and_Half_Unf;Good;Very_Good;1929;2001;Wd Sdng;Wd Sdng;GasA;Excellent;Y;FuseA;854;0;0;854;0;0;1;0;2;1;Typical;5;0;No_Fireplace;Detchd;2;576;Typical;Typical;Paved;7;2007;132000
Residential_Low_Density;77;9965;Pave;Regular;AllPub;Inside;College_Creek;Two_Story;Good;Average;2007;2007;VinylSd;VinylSd;GasA;Excellent;Y;SBrkr;1282;1414;0;2696;1;0;2;1;4;1;Excellent;10;1;Good;BuiltIn;3;792;Typical;Typical;Paved;10;2007;383970
Residential_Low_Density;70;7000;Pave;Regular;AllPub;Inside;North_Ames;One_Story;Average;Good;1960;2002;Wd Sdng;Wd Sdng;GasA;Excellent;Y;SBrkr;1134;0;0;1134;0;0;1;0;2;1;Typical;6;0;No_Fireplace;Attchd;1;254;Typical;Typical;Paved;4;2007;135000
Residential_Low_Density;65;6285;Pave;Regular;AllPub;Inside;Edwards;SLvl;Above_Average;Above_Average;1976;1976;HdBoard;Plywood;GasA;Typical;Y;SBrkr;1044;0;0;1044;1;0;1;0;3;1;Typical;7;1;Fair;Detchd;2;528;Typical;Fair;Paved;4;2007;133500
Residential_Low_Density;40;3880;Pave;Slightly_Irregular;AllPub;Inside;Greens;One_Story;Very_Good;Above_Average;1978;1978;Wd Sdng;Plywood;GasA;Typical;Y;SBrkr;1226;0;0;1226;1;0;1;0;1;1;Good;4;1;Typical;Attchd;2;484;Typical;Typical;Paved;1;2010;206000
A_agr;80;14584;Pave;Regular;AllPub;Inside;Iowa_DOT_and_Rail_Road;One_Story;Very_Poor;Average;1952;1952;AsbShng;VinylSd;Wall;Poor;N;FuseA;733;0;0;733;0;0;1;0;2;1;Fair;4;0;No_Fireplace;Attchd;2;487;Fair;Poor;Dirt_Gravel;2;2008;13100
Residential_Medium_Density;46;3672;Pave;Regular;AllPub;Inside;Iowa_DOT_and_Rail_Road;One_Story;Average;Good;1922;1950;Stucco;Stucco;GasA;Excellent;Y;SBrkr;816;0;0;816;0;0;1;0;2;1;Typical;5;0;No_Fireplace;Detchd;1;100;Fair;Fair;Dirt_Gravel;9;2007;75200
Residential_Low_Density;78;15600;Pave;Regular;AllPub;Inside;Crawford;Two_Story;Average;Above_Average;1950;1991;VinylSd;VinylSd;GasA;Excellent;Y;SBrkr;1102;1075;0;2177;0;0;2;1;5;2;Typical;11;0;No_Fireplace;Detchd;2;484;Typical;Typical;Paved;3;2010;215000
Residential_Medium_Density;50;8635;Pave;Regular;AllPub;Inside;Brookside;One_and_Half_Fin;Average;Average;1948;2001;Wd Sdng;Wd Sdng;GasA;Typical;Y;SBrkr;1072;213;0;1285;1;0;1;0;2;1;Typical;6;0;No_Fireplace;Detchd;1;240;Typical;Typical;Paved;1;2008;127000
Residential_Medium_Density;60;5790;Pave;Regular;AllPub;Corner;Old_Town;Two_Story;Fair;Above_Average;1915;1950;VinylSd;VinylSd;GasA;Good;N;SBrkr;840;765;0;1605;0;0;2;0;3;2;Typical;8;0;No_Fireplace;Detchd;1;379;Typical;Typical;Paved;5;2010;107400
Residential_Low_Density;82;8410;Pave;Slightly_Irregular;AllPub;Corner;Mitchell;SFoyer;Above_Average;Above_Average;1974;1974;Plywood;Plywood;GasA;Typical;Y;SBrkr;1026;0;0;1026;1;0;1;0;2;1;Typical;5;1;Poor;Attchd;2;528;Typical;Typical;Paved;4;2007;143000
Residential_Low_Density;60;8064;Pave;Regular;AllPub;Corner;North_Ames;One_and_Half_Fin;Average;Good;1949;2006;MetalSd;MetalSd;GasA;Excellent;Y;SBrkr;672;252;0;924;0;0;1;0;3;1;Typical;6;1;Poor;Detchd;2;576;Typical;Typical;Paved;7;2007;122900
Residential_Low_Density;24;2104;Pave;Regular;AllPub;Inside;Northpark_Villa;One_Story;Good;Above_Average;1976;1976;Plywood;Brk Cmn;GasA;Typical;Y;SBrkr;836;0;0;836;0;1;1;0;2;1;Typical;5;0;No_Fireplace;Attchd;1;345;Typical;Typical;Paved;10;2009;128500
Residential_Low_Density;94;9400;Pave;Regular;AllPub;Corner;Mitchell;Two_Story;Above_Average;Average;1971;1971;MetalSd;Wd Shng;GasA;Typical;Y;SBrkr;912;912;0;1824;0;0;2;2;4;2;Typical;8;0;No_Fireplace;No_Garage;0;0;No_Garage;No_Garage;Paved;4;2010;139000
Residential_Low_Density;74;10206;Pave;Regular;AllPub;Corner;Edwards;One_Story;Fair;Fair;1952;1952;BrkComm;Brk Cmn;GasW;Fair;N;FuseF;944;0;0;944;0;0;1;0;2;1;Fair;4;0;No_Fireplace;Detchd;2;528;Typical;Fair;Paved;7;2009;82000
Residential_Low_Density;92;6930;Pave;Slightly_Irregular;AllPub;Inside;Clear_Creek;SLvl;Average;Below_Average;1958;1958;Wd Sdng;ImStucc;GasA;Excellent;Y;FuseF;1352;0;0;1352;0;1;1;0;3;1;Good;6;0;No_Fireplace;BuiltIn;1;288;Typical;Typical;Paved;7;2006;130000
C_all;72;9392;Pave;Regular;AllPub;Corner;Iowa_DOT_and_Rail_Road;One_Story;Fair;Fair;1900;1950;AsbShng;AsbShng;GasA;Typical;N;SBrkr;797;0;0;797;0;0;1;0;2;1;Typical;5;0;No_Fireplace;No_Garage;0;0;No_Garage;No_Garage;Dirt_Gravel;9;2009;44000
Residential_Low_Density;43;3182;Pave;Regular;AllPub;Inside;Bloomington_Heights;One_Story;Good;Average;2005;2006;VinylSd;VinylSd;GasA;Excellent;Y;SBrkr;1555;0;0;1555;0;0;2;0;2;1;Good;7;1;Typical;Attchd;2;430;Typical;Typical;Paved;5;2009;192500
Residential_Medium_Density;60;10320;Pave;Regular;AllPub;Inside;Iowa_DOT_and_Rail_Road;One_and_Half_Fin;Above_Average;Good;1906;1995;MetalSd;MetalSd;GasA;Excellent;Y;SBrkr;756;713;0;1469;0;0;1;0;3;1;Typical;7;0;No_Fireplace;Detchd;1;216;Typical;Typical;Paved;6;2008;135000
Residential_Low_Density;0;11875;Pave;Regular;AllPub;Inside;Mitchell;One_Story;Average;Average;1999;1999;VinylSd;VinylSd;GasA;Excellent;Y;SBrkr;1344;0;0;1344;0;0;2;0;3;1;Typical;7;1;Good;Attchd;2;686;Typical;Typical;Paved;6;2010;166500
Residential_Low_Density;66;19255;Pave;Slightly_Irregular;AllPub;Inside;Sawyer_West;SLvl;Above_Average;Average;1983;1983;Wd Sdng;Wd Sdng;GasA;Good;Y;SBrkr;1338;0;0;1338;0;0;1;1;2;1;Good;5;1;Poor;Attchd;2;576;Typical;Typical;Paved;9;2009;156500
Residential_Low_Density;0;12772;Pave;Slightly_Irregular;AllPub;CulDSac;North_Ames;One_Story;Above_Average;Very_Good;1960;1998;MetalSd;MetalSd;GasA;Typical;Y;SBrkr;958;0;0;958;0;0;1;0;2;1;Typical;5;0;No_Fireplace;Attchd;1;301;Typical;Typical;Paved;4;2007;151500
Residential_Low_Density;0;32463;Pave;Regular;AllPub;Inside;Mitchell;One_Story;Below_Average;Below_Average;1961;1975;MetalSd;MetalSd;GasA;Excellent;Y;SBrkr;1622;0;0;1622;1;0;1;0;3;1;Typical;7;1;Typical;More_Than_Two_Types;4;1356;Typical;Typical;Paved;3;2007;168000
Residential_Low_Density;60;9738;Pave;Regular;AllPub;Inside;Edwards;One_and_Half_Fin;Average;Good;1924;1950;AsbShng;AsbShng;GasA;Good;Y;SBrkr;949;272;0;1221;1;0;1;0;4;1;Typical;7;0;No_Fireplace;Attchd;1;392;Typical;Typical;Paved;3;2006;104900
Residential_Low_Density;75;10050;Pave;Regular;AllPub;Inside;North_Ames;One_Story;Average;Average;1955;1955;MetalSd;MetalSd;GasA;Typical;Y;SBrkr;1216;0;0;1216;1;0;1;0;3;1;Typical;5;0;No_Fireplace;Attchd;1;336;Typical;Typical;Paved;8;2007;129500
Residential_Low_Density;45;8248;Pave;Regular;AllPub;Inside;Edwards;One_and_Half_Fin;Average;Good;1918;1950;Stucco;Stucco;GasW;Good;Y;SBrkr;686;564;0;1250;0;1;1;1;3;1;Fair;7;0;No_Fireplace;Detchd;1;280;Typical;Typical;Partial_Pavement;7;2006;116000
Residential_Medium_Density;57;9639;Pave;Regular;AllPub;Inside;Old_Town;Two_Story;Below_Average;Very_Good;1900;1950;MetalSd;MetalSd;GasA;Excellent;Y;SBrkr;1156;642;0;1798;0;0;2;1;4;1;Typical;7;0;No_Fireplace;Detchd;2;342;Typical;Typical;Dirt_Gravel;5;2007;137000
C_all;105;8470;Pave;Slightly_Irregular;AllPub;Corner;Iowa_DOT_and_Rail_Road;One_and_Half_Fin;Fair;Poor;1915;1982;Plywood;Plywood;GasA;Typical;N;SBrkr;1013;0;513;1526;0;0;1;0;2;1;Fair;6;0;No_Fireplace;No_Garage;0;0;No_Garage;No_Garage;Dirt_Gravel;10;2009;85000
Residential_Low_Density;80;9600;Pave;Regular;AllPub;FR2;Veenker;SLvl;Above_Average;Good;1976;1994;Plywood;Plywood;GasA;Excellent;Y;SBrkr;1094;761;0;1855;0;0;2;1;3;1;Typical;7;1;Typical;Attchd;2;512;Typical;Typical;Paved;8;2007;187000
Residential_Low_Density;0;8658;Pave;Slightly_Irregular;AllPub;Inside;Gilbert;Two_Story;Above_Average;Average;2000;2000;VinylSd;VinylSd;GasA;Excellent;Y;SBrkr;1008;881;0;1889;0;0;2;1;3;1;Typical;9;1;Typical;Attchd;2;431;Typical;Typical;Paved;4;2006;215000
Residential_Medium_Density;21;1526;Pave;Regular;AllPub;Inside;Meadow_Village;Two_Story;Below_Average;Average;1970;1970;CemntBd;CmentBd;GasA;Typical;Y;SBrkr;546;546;0;1092;0;0;1;1;3;1;Typical;5;0;No_Fireplace;No_Garage;0;0;No_Garage;No_Garage;Paved;6;2006;79500
Residential_Low_Density;44;17485;Pave;Moderately_Irregular;AllPub;Inside;Edwards;One_Story;Good;Average;2009;2010;VinylSd;VinylSd;GasA;Excellent;Y;SBrkr;1508;0;0;1508;1;0;1;0;1;1;Good;5;2;Typical;Attchd;2;572;Typical;Typical;Paved;1;2010;308030
Residential_Low_Density;77;10010;Pave;Regular;AllPub;Inside;Mitchell;One_Story;Average;Average;1974;1975;HdBoard;HdBoard;GasA;Good;Y;SBrkr;1389;0;0;1389;1;0;1;0;2;1;Typical;6;1;Typical;Attchd;2;418;Typical;Typical;Paved;4;2006;170000
Floating_Village_Residential;30;3000;Pave;Regular;AllPub;Inside;Somerset;Two_Story;Above_Average;Average;2009;2009;VinylSd;VinylSd;GasA;Excellent;Y;SBrkr;612;612;0;1224;0;0;2;1;2;1;Good;4;0;No_Fireplace;Detchd;2;528;Typical;Typical;Paved;6;2009;173733
Residential_Low_Density;75;9743;Pave;Regular;AllPub;Inside;Northwest_Ames;Two_Story;Average;Above_Average;1969;1969;VinylSd;VinylSd;GasA;Good;Y;SBrkr;720;588;0;1308;0;0;1;1;3;1;Typical;7;0;No_Fireplace;Detchd;2;484;Typical;Typical;Paved;6;2008;146900
Residential_Low_Density;50;9350;Pave;Regular;AllPub;Inside;Edwards;One_and_Half_Fin;Below_Average;Above_Average;1947;1979;WdShing;Wd Shng;GasA;Excellent;Y;SBrkr;1169;0;362;1531;0;0;1;0;3;1;Typical;8;1;Typical;Detchd;1;209;Fair;Typical;Paved;6;2010;127000
Residential_Medium_Density;24;2522;Pave;Regular;AllPub;Inside;Edwards;Two_Story;Good;Average;2004;2004;VinylSd;VinylSd;GasA;Excellent;Y;SBrkr;970;739;0;1709;0;0;2;0;3;1;Good;7;0;No_Fireplace;Detchd;2;380;Typical;Typical;Paved;5;2006;134000
Residential_Low_Density;70;8120;Pave;Regular;AllPub;Inside;North_Ames;One_Story;Below_Average;Good;1970;1970;MetalSd;MetalSd;GasA;Excellent;Y;SBrkr;864;0;0;864;0;0;1;0;3;1;Typical;5;0;No_Fireplace;Detchd;2;463;Typical;Typical;Paved;7;2009;124500
Floating_Village_Residential;68;8736;Pave;Slightly_Irregular;AllPub;Inside;Somerset;One_Story;Good;Average;2003;2004;VinylSd;Wd Shng;GasA;Excellent;Y;SBrkr;1553;0;0;1553;1;0;2;0;3;1;Good;6;0;No_Fireplace;Attchd;2;588;Typical;Typical;Paved;8;2009;234500
Residential_Low_Density;74;11563;Pave;Slightly_Irregular;AllPub;Inside;Timberland;One_Story;Very_Good;Average;2006;2007;VinylSd;VinylSd;GasA;Excellent;Y;SBrkr;1537;0;0;1537;1;0;2;0;3;1;Good;8;0;No_Fireplace;Attchd;3;788;Typical;Typical;Paved;4;2008;294000
Residential_Low_Density;90;12878;Pave;Slightly_Irregular;AllPub;Corner;Northridge_Heights;One_Story;Good;Average;2003;2004;VinylSd;VinylSd;GasA;Excellent;Y;SBrkr;1760;0;0;1760;1;0;2;0;3;1;Good;8;1;Good;Attchd;2;583;Typical;Typical;Paved;6;2009;269500
Residential_Medium_Density;51;6120;Pave;Regular;AllPub;Inside;Old_Town;One_Story;Above_Average;Average;1923;1950;Wd Sdng;Wd Sdng;GasA;Typical;Y;SBrkr;1068;0;0;1068;1;0;1;0;2;1;Typical;5;1;Good;Detchd;1;288;Typical;Typical;Paved;3;2010;109500
Residential_Low_Density;60;8850;Pave;Regular;AllPub;Inside;Brookside;One_and_Half_Fin;Above_Average;Good;1920;1950;Wd Sdng;Wd Shng;GasA;Excellent;Y;SBrkr;752;624;0;1376;0;0;1;0;3;1;Good;7;0;No_Fireplace;Detchd;2;576;Typical;Typical;Partial_Pavement;2;2007;165000
Residential_Low_Density;74;13253;Pave;Slightly_Irregular;AllPub;Inside;Somerset;One_Story;Good;Average;2006;2006;VinylSd;VinylSd;GasA;Good;Y;SBrkr;1578;0;0;1578;1;0;2;0;3;1;Good;7;1;Good;Attchd;3;642;Typical;Typical;Paved;5;2008;240000
Residential_Low_Density;75;7388;Pave;Regular;AllPub;Corner;North_Ames;One_Story;Average;Above_Average;1959;2002;MetalSd;MetalSd;GasA;Good;Y;SBrkr;1327;0;0;1327;1;0;1;0;3;1;Good;7;0;No_Fireplace;Detchd;2;624;Typical;Typical;Paved;7;2007;150750
Residential_Low_Density;62;7130;Pave;Regular;AllPub;Inside;North_Ames;One_Story;Average;Above_Average;1967;1967;HdBoard;HdBoard;GasA;Typical;Y;SBrkr;864;0;0;864;0;1;1;0;2;1;Typical;5;0;No_Fireplace;Attchd;1;312;Typical;Typical;Paved;6;2009;130000
Residential_Low_Density;59;8660;Pave;Slightly_Irregular;AllPub;Inside;College_Creek;SLvl;Average;Average;1976;1976;VinylSd;VinylSd;GasA;Typical;Y;SBrkr;1025;0;0;1025;0;0;2;0;3;1;Typical;6;1;Fair;Detchd;2;370;Typical;Typical;Paved;7;2007;153500
Residential_Low_Density;102;12671;Pave;Slightly_Irregular;AllPub;Corner;Clear_Creek;One_Story;Above_Average;Good;1954;1994;MetalSd;MetalSd;GasA;Excellent;Y;SBrkr;2422;0;0;2422;0;0;3;0;4;1;Good;6;2;Good;Attchd;2;527;Typical;Typical;Paved;7;2007;255000
Residential_Low_Density;67;8308;Pave;Regular;AllPub;Inside;Edwards;One_Story;Below_Average;Above_Average;1963;1963;VinylSd;VinylSd;GasA;Typical;Y;SBrkr;1088;0;0;1088;0;0;1;0;2;1;Typical;4;0;No_Fireplace;Detchd;2;520;Typical;Typical;Partial_Pavement;6;2007;110000
Residential_Low_Density;0;9200;Pave;Slightly_Irregular;AllPub;CulDSac;College_Creek;One_Story;Average;Above_Average;1975;1980;VinylSd;VinylSd;GasA;Typical;Y;SBrkr;938;0;0;938;1;0;1;0;3;1;Typical;5;0;No_Fireplace;Detchd;1;308;Typical;Typical;Paved;7;2008;130250
Floating_Village_Residential;42;4385;Pave;Slightly_Irregular;AllPub;Inside;Somerset;One_Story;Excellent;Average;2001;2001;VinylSd;VinylSd;GasA;Excellent;Y;SBrkr;1419;0;0;1419;1;0;1;1;2;1;Excellent;5;1;Typical;Attchd;2;588;Typical;Typical;Paved;9;2008;290000
Residential_Low_Density;85;8500;Pave;Regular;AllPub;Inside;North_Ames;One_Story;Average;Fair;1961;1961;HdBoard;HdBoard;GasA;Typical;Y;SBrkr;1235;0;0;1235;0;0;1;0;2;1;Typical;6;0;No_Fireplace;Attchd;2;480;Typical;Typical;Paved;12;2006;98600
Residential_Medium_Density;21;1974;Pave;Regular;AllPub;Inside;Meadow_Village;SFoyer;Below_Average;Good;1973;2006;CemntBd;CmentBd;GasA;Good;Y;SBrkr;526;462;0;988;1;0;1;0;2;1;Typical;5;0;No_Fireplace;BuiltIn;1;297;Typical;Typical;Paved;6;2008;105000
Residential_Low_Density;85;10655;Pave;Slightly_Irregular;AllPub;Inside;Northridge_Heights;One_Story;Very_Good;Average;2003;2004;VinylSd;VinylSd;GasA;Excellent;Y;SBrkr;1629;0;0;1629;1;0;2;0;3;1;Good;7;1;Good;Attchd;3;880;Typical;Typical;Paved;10;2009;284000
Residential_Low_Density;73;9069;Pave;Regular;AllPub;Inside;Sawyer_West;SFoyer;Above_Average;Very_Good;1993;1993;HdBoard;HdBoard;GasA;Good;Y;SBrkr;1440;0;0;1440;2;0;2;0;2;2;Good;8;0;No_Fireplace;Attchd;4;920;Typical;Typical;Paved;4;2006;224500
Residential_Low_Density;59;16023;Pave;Slightly_Irregular;AllPub;CulDSac;Stone_Brook;Two_Story;Excellent;Average;2005;2006;VinylSd;VinylSd;GasA;Excellent;Y;SBrkr;1414;1384;0;2798;1;0;3;1;3;1;Excellent;11;1;Good;BuiltIn;3;670;Typical;Typical;Paved;3;2006;457347
Residential_Low_Density;65;7441;Pave;Slightly_Irregular;AllPub;Inside;Sawyer_West;One_Story;Good;Average;2006;2006;VinylSd;VinylSd;GasA;Excellent;Y;SBrkr;1486;0;0;1486;0;0;2;0;3;1;Good;7;0;No_Fireplace;Attchd;2;566;Typical;Typical;Paved;6;2007;181000
Residential_Low_Density;51;3635;Pave;Regular;AllPub;Inside;Bloomington_Heights;One_Story;Good;Average;2007;2007;VinylSd;VinylSd;GasA;Excellent;Y;SBrkr;1569;0;0;1569;0;1;2;0;1;1;Good;7;1;Typical;Attchd;3;660;Typical;Typical;Paved;5;2009;175900
Residential_Low_Density;0;15660;Pave;Slightly_Irregular;AllPub;Corner;Crawford;One_and_Half_Fin;Good;Excellent;1939;2006;VinylSd;VinylSd;GasA;Excellent;Y;SBrkr;1137;817;0;1954;0;1;1;1;3;1;Good;8;2;Typical;Attchd;2;431;Typical;Typical;Paved;5;2008;311500
Residential_Low_Density;313;63887;Pave;Irregular;AllPub;Corner;Edwards;Two_Story;Very_Excellent;Average;2008;2008;Stucco;Stucco;GasA;Excellent;Y;SBrkr;4692;950;0;5642;2;0;2;1;3;1;Excellent;12;3;Good;Attchd;2;1418;Typical;Typical;Paved;1;2008;160000
Residential_Low_Density;58;9487;Pave;Slightly_Irregular;AllPub;Inside;Gilbert;Two_Story;Above_Average;Average;2000;2000;VinylSd;VinylSd;GasA;Excellent;Y;SBrkr;940;750;0;1690;1;0;2;1;3;1;Typical;7;1;Typical;Attchd;2;442;Typical;Typical;Paved;6;2007;187000
Floating_Village_Residential;65;8125;Pave;Regular;AllPub;Corner;Somerset;One_Story;Very_Good;Average;2008;2009;VinylSd;VinylSd;GasA;Excellent;Y;SBrkr;1836;0;0;1836;0;0;2;0;3;1;Good;8;1;Good;Attchd;2;517;Typical;Typical;Paved;10;2009;264500
Residential_Low_Density;65;5950;Pave;Slightly_Irregular;AllPub;Inside;Stone_Brook;One_Story;Very_Good;Average;1989;1989;HdBoard;HdBoard;GasA;Good;Y;SBrkr;1337;0;0;1337;1;0;2;0;2;1;Good;5;1;Typical;Attchd;2;462;Typical;Typical;Paved;4;2008;188500
Residential_Medium_Density;50;6000;Pave;Regular;AllPub;Inside;Old_Town;One_Story;Above_Average;Above_Average;1925;1980;MetalSd;MetalSd;GasA;Good;Y;SBrkr;1103;0;0;1103;0;0;1;0;2;1;Good;5;1;Good;Detchd;2;440;Typical;Typical;Paved;7;2006;110500
Residential_Low_Density;91;11830;Pave;Regular;AllPub;Inside;Somerset;One_Story;Very_Good;Average;2007;2007;VinylSd;VinylSd;GasA;Excellent;Y;SBrkr;1542;0;0;1542;1;0;2;0;3;1;Good;6;1;Good;Attchd;3;852;Typical;Typical;Paved;7;2007;260261
Residential_Low_Density;149;19958;Pave;Regular;AllPub;Inside;Timberland;One_Story;Above_Average;Very_Good;1958;1995;HdBoard;HdBoard;GasA;Good;Y;SBrkr;2279;0;0;2279;0;0;2;1;4;1;Good;7;1;Good;Attchd;2;461;Typical;Typical;Paved;7;2007;257000
Residential_Medium_Density;60;9600;Pave;Regular;AllPub;Inside;Old_Town;One_and_Half_Fin;Average;Very_Good;1925;1994;VinylSd;VinylSd;GasA;Good;Y;SBrkr;842;630;0;1472;0;0;1;0;3;1;Good;6;0;No_Fireplace;Detchd;1;250;Typical;Fair;Partial_Pavement;7;2007;125000
Residential_Low_Density;0;13607;Pave;Slightly_Irregular;AllPub;Inside;Crawford;SLvl;Above_Average;Above_Average;1986;1986;VinylSd;VinylSd;GasA;Good;Y;SBrkr;1182;800;0;1982;1;0;2;1;3;1;Typical;6;1;Typical;BuiltIn;2;501;Typical;Typical;Paved;4;2009;208000
Residential_Medium_Density;48;5747;Pave;Regular;AllPub;Inside;Old_Town;One_Story;Fair;Below_Average;1920;1950;Wd Sdng;Wd Sdng;GasA;Good;Y;SBrkr;840;0;0;840;0;0;1;0;2;1;Fair;5;0;No_Fireplace;Detchd;1;250;Typical;Fair;Dirt_Gravel;6;2006;64000
Residential_Low_Density;70;8400;Pave;Regular;AllPub;Inside;Sawyer;SFoyer;Above_Average;Average;1966;1966;VinylSd;VinylSd;GasA;Good;Y;SBrkr;913;0;0;913;1;0;1;0;3;1;Typical;6;0;No_Fireplace;Detchd;1;240;Typical;Typical;Paved;5;2007;129000
Residential_Low_Density;40;3840;Pave;Slightly_Irregular;AllPub;Inside;Greens;One_Story;Very_Good;Above_Average;1978;1998;Wd Sdng;Plywood;GasA;Typical;Y;SBrkr;1295;0;0;1295;1;0;1;0;1;1;Good;4;2;Typical;Attchd;2;571;Typical;Typical;Paved;7;2007;213750
Residential_Low_Density;96;10628;Pave;Slightly_Irregular;AllPub;Corner;Sawyer_West;Two_Story;Good;Average;2004;2004;VinylSd;VinylSd;GasA;Excellent;Y;SBrkr;871;941;0;1812;0;0;2;1;3;1;Good;8;0;No_Fireplace;BuiltIn;2;478;Typical;Typical;Paved;1;2009;193000
Residential_Low_Density;45;8212;Pave;Regular;AllPub;Inside;Edwards;One_and_Half_Fin;Average;Above_Average;1941;1950;Wd Sdng;Wd Sdng;GasA;Excellent;Y;SBrkr;854;444;0;1298;0;0;1;0;3;1;Typical;6;2;Good;Detchd;1;256;Typical;Typical;Paved;9;2009;122000
Residential_Medium_Density;52;6240;Pave;Regular;AllPub;Inside;Brookside;One_and_Half_Fin;Below_Average;Average;1947;1950;AsbShng;AsbShng;GasA;Good;N;SBrkr;672;240;0;912;0;0;1;0;2;1;Typical;3;0;No_Fireplace;No_Garage;0;0;No_Garage;No_Garage;Dirt_Gravel;7;2006;80500
Residential_Low_Density;65;6040;Pave;Regular;AllPub;Inside;Edwards;One_Story;Below_Average;Average;1955;1955;AsbShng;Plywood;GasA;Typical;N;FuseP;1152;0;0;1152;0;0;2;0;2;2;Fair;6;0;No_Fireplace;No_Garage;0;0;No_Garage;No_Garage;Dirt_Gravel;6;2008;82000
Residential_Medium_Density;24;1612;Pave;Regular;AllPub;Inside;Blueste;Two_Story;Above_Average;Above_Average;1980;1980;MetalSd;MetalSd;GasA;Typical;Y;SBrkr;561;668;0;1229;0;0;1;1;2;1;Typical;5;1;Typical;Attchd;2;462;Typical;Typical;Paved;7;2009;121000
Floating_Village_Residential;35;4251;Pave;Slightly_Irregular;AllPub;Inside;Somerset;Two_Story;Good;Average;2006;2007;MetalSd;MetalSd;GasA;Excellent;Y;SBrkr;625;625;0;1250;0;0;2;1;2;1;Good;5;0;No_Fireplace;Detchd;2;528;Typical;Typical;Paved;6;2007;164700
Residential_Medium_Density;0;7920;Pave;Slightly_Irregular;AllPub;Inside;Iowa_DOT_and_Rail_Road;One_and_Half_Fin;Above_Average;Good;1920;1950;MetalSd;MetalSd;GasA;Typical;Y;FuseA;1035;371;0;1406;0;0;1;0;3;1;Fair;6;0;No_Fireplace;No_Garage;0;0;No_Garage;No_Garage;Dirt_Gravel;3;2008;89500
Residential_Low_Density;60;8072;Pave;Regular;AllPub;Inside;College_Creek;One_Story;Average;Average;1994;1995;VinylSd;VinylSd;GasA;Excellent;Y;SBrkr;990;0;0;990;1;0;1;0;3;1;Typical;5;0;No_Fireplace;Detchd;2;480;Typical;Typical;Paved;5;2009;138000
Residential_Medium_Density;120;9000;Pave;Regular;AllPub;Corner;Old_Town;One_and_Half_Fin;Average;Very_Good;1900;2006;Stucco;Stucco;GasA;Excellent;Y;SBrkr;680;494;0;1174;0;0;1;0;2;1;Good;6;1;Good;Detchd;2;576;Typical;Typical;Paved;6;2007;135000
Residential_Low_Density;0;11333;Pave;Slightly_Irregular;AllPub;Corner;Mitchell;SLvl;Above_Average;Average;1976;1976;HdBoard;HdBoard;GasA;Typical;Y;SBrkr;1062;0;0;1062;1;0;1;0;3;1;Typical;5;2;Typical;Attchd;2;539;Typical;Typical;Paved;5;2007;146800
Residential_Low_Density;0;24090;Pave;Regular;AllPub;Inside;Clear_Creek;Two_Story;Good;Good;1940;1950;MetalSd;MetalSd;GasA;Excellent;Y;SBrkr;1207;1196;0;2403;0;0;2;0;4;1;Typical;10;2;Typical;Attchd;1;349;Typical;Typical;Paved;6;2010;244400
Residential_Low_Density;65;10237;Pave;Regular;AllPub;Inside;Gilbert;One_Story;Above_Average;Average;2005;2006;VinylSd;VinylSd;GasA;Excellent;Y;SBrkr;1316;0;0;1316;0;0;2;0;3;1;Good;6;1;Good;Attchd;2;397;Typical;Typical;Paved;10;2006;169990
Residential_Low_Density;0;8803;Pave;Slightly_Irregular;AllPub;Inside;Gilbert;Two_Story;Above_Average;Average;1994;1995;HdBoard;HdBoard;GasA;Good;Y;SBrkr;707;809;0;1516;1;0;2;1;3;1;Good;7;1;Typical;Attchd;2;409;Typical;Typical;Paved;7;2009;181316
Residential_Medium_Density;85;13600;Pave;Regular;AllPub;Inside;Old_Town;Two_Story;Average;Average;1900;1950;Wd Sdng;Wd Sdng;GasA;Typical;N;SBrkr;1422;915;0;2337;0;0;2;0;5;2;Typical;10;0;No_Fireplace;Detchd;2;560;Typical;Typical;Paved;9;2007;90000
Residential_Low_Density;76;12887;Pave;Regular;AllPub;Inside;Mitchell;One_Story;Average;Good;1984;1984;VinylSd;VinylSd;GasA;Typical;Y;SBrkr;833;0;0;833;1;0;1;0;2;1;Good;5;0;No_Fireplace;Attchd;2;495;Typical;Typical;Paved;4;2010;149900
Residential_Low_Density;0;11027;Pave;Slightly_Irregular;AllPub;Inside;North_Ames;One_Story;Above_Average;Average;1954;1954;Wd Sdng;Wd Sdng;GasA;Good;Y;SBrkr;1293;0;0;1293;1;0;2;0;2;1;Typical;5;0;No_Fireplace;Attchd;2;452;Typical;Typical;Paved;5;2006;149900
Residential_Low_Density;53;3922;Pave;Regular;AllPub;Inside;Bloomington_Heights;One_Story;Good;Average;2006;2007;VinylSd;VinylSd;GasA;Excellent;Y;SBrkr;1402;0;0;1402;0;2;0;2;2;1;Good;7;1;Good;Attchd;3;648;Typical;Typical;Paved;2;2007;194201
Residential_Medium_Density;21;1596;Pave;Regular;AllPub;Inside;Meadow_Village;SLvl;Below_Average;Average;1973;1973;CemntBd;CmentBd;GasA;Typical;Y;SBrkr;526;462;0;988;1;0;1;0;2;1;Typical;5;0;No_Fireplace;BuiltIn;1;297;Typical;Typical;Paved;11;2009;91000
Residential_Low_Density;50;4960;Pave;Regular;AllPub;Inside;Brookside;One_and_Half_Fin;Average;Good;1930;1982;WdShing;Wd Shng;GasA;Excellent;Y;SBrkr;1001;653;0;1654;0;0;2;0;3;1;Typical;7;1;Good;Detchd;1;336;Typical;Typical;Dirt_Gravel;5;2009;137000
Residential_Low_Density;107;14450;Pave;Regular;AllPub;Inside;Northridge_Heights;One_Story;Excellent;Average;2006;2007;CemntBd;CmentBd;GasA;Excellent;Y;SBrkr;2121;0;0;2121;0;0;2;1;3;1;Excellent;8;1;Excellent;Attchd;3;732;Typical;Typical;Paved;5;2007;415298
Residential_Low_Density;56;6956;Pave;Regular;AllPub;Inside;Edwards;One_and_Half_Fin;Below_Average;Good;1948;1950;VinylSd;VinylSd;GasA;Excellent;Y;SBrkr;624;312;0;936;0;0;1;0;3;1;Typical;5;0;No_Fireplace;Attchd;1;265;Typical;Poor;Paved;4;2006;97900
Residential_Low_Density;53;10918;Pave;Regular;AllPub;Inside;Crawford;Two_Story;Good;Excellent;1926;2004;MetalSd;MetalSd;GasA;Excellent;Y;SBrkr;1276;804;0;2080;0;0;1;1;3;1;Good;9;2;Good;Detchd;1;282;Typical;Typical;Paved;6;2009;234000
Residential_Low_Density;0;13250;Pave;Slightly_Irregular;AllPub;Inside;Northwest_Ames;Two_Story;Good;Above_Average;1978;1978;HdBoard;HdBoard;GasA;Typical;Y;SBrkr;1154;896;0;2050;0;0;2;1;4;1;Good;8;1;Typical;Attchd;2;529;Typical;Typical;Paved;5;2009;154000
Residential_Low_Density;88;10179;Pave;Slightly_Irregular;AllPub;Corner;Gilbert;Two_Story;Above_Average;Average;1997;1997;VinylSd;VinylSd;GasA;Excellent;Y;SBrkr;945;663;0;1608;0;0;2;1;3;1;Typical;7;1;Typical;Attchd;2;470;Typical;Typical;Paved;7;2009;189500
Residential_Low_Density;0;11765;Pave;Slightly_Irregular;AllPub;Corner;North_Ames;One_Story;Average;Average;1957;1957;Wd Sdng;Wd Sdng;GasA;Fair;Y;SBrkr;1797;0;0;1797;0;0;1;1;3;1;Typical;7;1;Typical;Attchd;3;963;Typical;Typical;Paved;6;2006;169000
Residential_Low_Density;110;15274;Pave;Slightly_Irregular;AllPub;Corner;Northridge_Heights;One_Story;Excellent;Average;2003;2003;VinylSd;VinylSd;GasA;Excellent;Y;SBrkr;2452;0;0;2452;2;0;2;0;3;1;Excellent;10;1;Good;Attchd;3;886;Typical;Typical;Paved;7;2009;445000
Residential_Low_Density;80;8480;Pave;Regular;AllPub;Corner;Sawyer;One_Story;Average;Above_Average;1963;1963;HdBoard;HdBoard;GasA;Typical;Y;SBrkr;970;0;0;970;1;0;1;0;2;1;Typical;5;0;No_Fireplace;Detchd;2;624;Typical;Typical;Paved;7;2007;132500
Residential_Low_Density;50;6953;Pave;Regular;AllPub;Inside;Mitchell;One_Story;Average;Good;1971;2004;VinylSd;VinylSd;GasA;Excellent;Y;SBrkr;874;0;0;874;0;0;1;0;3;1;Typical;5;0;No_Fireplace;Detchd;1;352;Typical;Typical;Paved;6;2010;130000
Residential_Low_Density;90;10454;Pave;Slightly_Irregular;AllPub;Corner;North_Ames;One_Story;Above_Average;Above_Average;1957;1957;Plywood;Plywood;GasA;Good;Y;FuseA;1105;0;0;1105;0;0;1;0;3;1;Typical;5;0;No_Fireplace;Detchd;1;308;Typical;Typical;Paved;4;2009;135000
Residential_Low_Density;50;7420;Pave;Regular;AllPub;Corner;Brookside;One_and_Half_Unf;Average;Above_Average;1939;1950;MetalSd;MetalSd;GasA;Excellent;Y;SBrkr;1077;0;0;1077;1;0;1;0;2;2;Typical;5;2;Typical;Attchd;1;205;Good;Typical;Paved;1;2008;118000
Residential_Medium_Density;50;9060;Pave;Regular;AllPub;Inside;Iowa_DOT_and_Rail_Road;Two_Story;Average;Above_Average;1923;1999;Wd Sdng;Plywood;GasA;Excellent;Y;SBrkr;942;886;0;1828;0;0;2;0;3;1;Good;6;0;No_Fireplace;Detchd;0;0;No_Garage;No_Garage;Paved;3;2007;150909
Residential_Low_Density;91;11643;Pave;Regular;AllPub;Inside;North_Ames;Two_Story;Average;Average;1969;1969;MetalSd;MetalSd;GasA;Typical;Y;SBrkr;1338;1296;0;2634;1;1;2;2;6;2;Typical;12;0;No_Fireplace;Detchd;4;968;Typical;Typical;Paved;8;2009;200000
Residential_Low_Density;82;9020;Pave;Regular;AllPub;Corner;North_Ames;SLvl;Above_Average;Average;1964;1964;Plywood;Wd Sdng;GasA;Typical;Y;SBrkr;1350;0;0;1350;1;0;1;1;3;1;Typical;6;0;No_Fireplace;Attchd;2;520;Typical;Typical;Paved;6;2008;168500
Residential_Low_Density;61;10125;Pave;Slightly_Irregular;AllPub;Inside;Gilbert;Two_Story;Good;Average;2004;2004;VinylSd;VinylSd;GasA;Excellent;Y;SBrkr;846;748;0;1594;0;0;2;1;3;1;Good;7;1;Good;Attchd;2;434;Typical;Typical;Paved;7;2009;195500
Residential_Medium_Density;50;6000;Pave;Regular;AllPub;Inside;Brookside;One_and_Half_Fin;Below_Average;Above_Average;1936;1950;MetalSd;MetalSd;GasA;Typical;Y;SBrkr;757;567;0;1324;0;0;1;0;3;1;Typical;6;0;No_Fireplace;Detchd;1;240;Typical;Typical;Paved;7;2009;128000
Residential_Low_Density;87;10037;Pave;Regular;AllPub;Corner;Somerset;One_Story;Very_Good;Average;2006;2007;VinylSd;VinylSd;GasA;Excellent;Y;SBrkr;1460;0;0;1460;0;0;2;0;3;1;Good;6;1;Good;Attchd;2;480;Typical;Typical;Paved;8;2008;247000
Residential_Low_Density;0;10900;Pave;Slightly_Irregular;AllPub;FR2;College_Creek;Two_Story;Above_Average;Good;1977;1977;HdBoard;HdBoard;GasA;Excellent;Y;SBrkr;689;703;0;1392;0;0;1;1;3;1;Typical;6;0;No_Fireplace;Attchd;1;299;Typical;Typical;Paved;3;2010;161750
Residential_Low_Density;57;8924;Pave;Slightly_Irregular;AllPub;CulDSac;College_Creek;Two_Story;Good;Average;1998;1999;VinylSd;VinylSd;GasA;Excellent;Y;SBrkr;880;844;0;1724;0;0;2;1;3;1;Good;8;0;No_Fireplace;Attchd;2;527;Typical;Typical;Paved;7;2008;188000
Residential_Low_Density;90;11988;Pave;Slightly_Irregular;AllPub;Corner;North_Ames;One_Story;Above_Average;Above_Average;1957;1957;VinylSd;VinylSd;GasA;Excellent;Y;FuseA;1244;0;0;1244;0;0;1;1;3;1;Typical;6;2;Good;Attchd;1;336;Typical;Typical;Paved;5;2007;150000
Residential_Low_Density;160;15623;Pave;Slightly_Irregular;AllPub;Corner;Northridge;Two_Story;Very_Excellent;Average;1996;1996;Wd Sdng;ImStucc;GasA;Excellent;Y;SBrkr;2411;2065;0;4476;1;0;3;1;4;1;Excellent;10;2;Typical;Attchd;3;813;Typical;Typical;Paved;7;2007;745000
Residential_Medium_Density;47;4608;Pave;Regular;AllPub;Corner;Old_Town;One_Story;Below_Average;Above_Average;1945;1950;MetalSd;MetalSd;GasA;Typical;Y;SBrkr;747;0;0;747;0;0;1;0;2;1;Typical;4;0;No_Fireplace;Attchd;1;220;Typical;Typical;Paved;6;2010;80000
Residential_Medium_Density;60;8520;Pave;Regular;AllPub;Inside;Old_Town;One_and_Half_Fin;Above_Average;Good;1916;1950;Stucco;Stucco;GasW;Typical;N;SBrkr;1664;862;0;2526;0;0;2;0;5;1;Good;10;1;Good;Detchd;1;216;Typical;Typical;Paved;8;2007;136000
Residential_Low_Density;67;13300;Pave;Slightly_Irregular;AllPub;Inside;Gilbert;SLvl;Good;Average;2004;2004;VinylSd;VinylSd;GasA;Excellent;Y;SBrkr;744;630;0;1374;1;0;2;1;3;1;Good;7;1;Good;BuiltIn;2;400;Typical;Typical;Paved;6;2010;184500
Residential_Low_Density;60;7313;Pave;Regular;AllPub;Inside;Northridge_Heights;One_Story;Excellent;Average;2005;2005;MetalSd;MetalSd;GasA;Excellent;Y;SBrkr;1561;0;0;1561;1;0;2;0;2;1;Excellent;6;1;Good;Attchd;2;556;Typical;Typical;Paved;8;2007;277500
Residential_Low_Density;88;11394;Pave;Regular;AllPub;Corner;Stone_Brook;One_Story;Excellent;Poor;2010;2010;VinylSd;VinylSd;GasA;Excellent;Y;SBrkr;1856;0;0;1856;1;0;1;1;1;1;Excellent;8;1;Excellent;Attchd;3;834;Typical;Typical;Paved;6;2010;394432
Residential_Low_Density;50;5220;Pave;Slightly_Irregular;AllPub;Inside;South_and_West_of_Iowa_State_University;One_Story;Average;Fair;1936;1950;Wd Sdng;Wd Shng;GasA;Good;Y;SBrkr;879;0;0;879;0;0;1;0;2;1;Typical;4;0;No_Fireplace;Detchd;1;180;Typical;Typical;Partial_Pavement;1;2006;80000
Residential_Low_Density;65;8385;Pave;Regular;AllPub;Inside;Mitchell;One_Story;Above_Average;Average;1978;1978;Plywood;Plywood;GasA;Typical;Y;SBrkr;1664;0;0;1664;0;0;2;0;4;2;Typical;10;0;No_Fireplace;More_Than_Two_Types;2;616;Typical;Typical;Paved;10;2006;145000
Residential_Low_Density;70;8400;Pave;Regular;AllPub;Inside;College_Creek;One_Story;Good;Average;2004;2005;VinylSd;VinylSd;GasA;Excellent;Y;SBrkr;1484;0;0;1484;1;0;2;0;3;1;Good;7;0;No_Fireplace;Attchd;2;606;Typical;Typical;Paved;5;2010;213000
Residential_Medium_Density;36;4435;Pave;Regular;AllPub;Inside;College_Creek;One_Story;Above_Average;Average;2003;2003;VinylSd;VinylSd;GasA;Excellent;Y;SBrkr;848;0;0;848;1;0;1;0;1;1;Good;3;0;No_Fireplace;Attchd;2;420;Typical;Typical;Paved;11;2007;131500
Residential_Low_Density;65;10237;Pave;Regular;AllPub;Inside;Gilbert;Two_Story;Good;Average;2006;2006;VinylSd;VinylSd;GasA;Excellent;Y;SBrkr;738;754;0;1492;0;0;2;1;3;1;Good;8;0;No_Fireplace;Attchd;2;440;Typical;Typical;Paved;9;2006;169985
Residential_Low_Density;65;7150;Pave;Regular;AllPub;Inside;Sawyer;One_Story;Average;Above_Average;1962;1962;VinylSd;VinylSd;GasA;Good;Y;SBrkr;912;0;0;912;0;1;1;0;3;1;Typical;6;0;No_Fireplace;Attchd;1;252;Typical;Typical;Paved;10;2009;123000
Residential_Low_Density;51;10480;Pave;Regular;AllPub;Inside;South_and_West_of_Iowa_State_University;One_and_Half_Fin;Above_Average;Average;1936;1950;MetalSd;MetalSd;GasA;Excellent;Y;FuseA;1166;0;473;1639;0;0;1;0;3;1;Typical;6;0;No_Fireplace;Detchd;1;240;Typical;Typical;Paved;3;2008;115000
Residential_Low_Density;65;9313;Pave;Slightly_Irregular;AllPub;Inside;College_Creek;Two_Story;Good;Average;2004;2004;VinylSd;VinylSd;GasA;Excellent;Y;SBrkr;864;864;0;1728;0;0;2;1;3;1;Good;7;0;No_Fireplace;Attchd;2;572;Typical;Typical;Paved;4;2009;190000
Residential_Medium_Density;21;1680;Pave;Regular;AllPub;Inside;Briardale;Two_Story;Above_Average;Fair;1971;1971;HdBoard;HdBoard;GasA;Typical;Y;SBrkr;483;504;0;987;0;0;1;1;2;1;Typical;5;0;No_Fireplace;Detchd;1;264;Typical;Typical;Paved;8;2008;89500
Residential_Low_Density;50;35133;Grvl;Regular;AllPub;Inside;Timberland;One_Story;Average;Below_Average;1963;1963;MetalSd;MetalSd;GasA;Good;Y;SBrkr;1572;0;0;1572;1;0;1;1;3;1;Typical;5;2;Typical;More_Than_Two_Types;3;995;Typical;Typical;Paved;5;2007;186700
Residential_Medium_Density;70;5600;Pave;Regular;AllPub;Inside;Iowa_DOT_and_Rail_Road;Two_Story;Below_Average;Average;1930;1950;VinylSd;Wd Shng;GasA;Fair;N;SBrkr;372;720;0;1092;0;0;2;0;3;2;Fair;7;0;No_Fireplace;No_Garage;0;0;No_Garage;No_Garage;Dirt_Gravel;7;2010;55000
Residential_Low_Density;43;7052;Pave;Slightly_Irregular;AllPub;Inside;Northridge_Heights;One_Story;Good;Average;2005;2005;VinylSd;VinylSd;GasA;Excellent;Y;SBrkr;1364;0;0;1364;1;0;2;0;2;1;Good;6;1;Good;Attchd;2;484;Typical;Typical;Paved;6;2006;185850
Residential_Low_Density;0;7915;Pave;Slightly_Irregular;AllPub;Inside;Timberland;One_Story;Above_Average;Average;1999;2000;VinylSd;VinylSd;GasA;Excellent;Y;SBrkr;1675;0;0;1675;1;0;2;0;3;1;Good;6;0;No_Fireplace;Attchd;2;435;Typical;Typical;Paved;12;2008;195000
Residential_Low_Density;102;12858;Pave;Slightly_Irregular;AllPub;Inside;Northridge_Heights;Two_Story;Excellent;Average;2009;2010;VinylSd;VinylSd;GasA;Excellent;Y;SBrkr;1627;707;0;2334;0;0;2;1;3;1;Excellent;10;1;Good;Attchd;3;751;Typical;Typical;Paved;1;2010;376162
Residential_Medium_Density;60;9600;Pave;Regular;AllPub;Inside;Old_Town;Two_and_Half_Unf;Above_Average;Average;1917;1950;AsbShng;AsbShng;OthW;Fair;N;SBrkr;1134;924;0;2058;0;0;1;1;3;1;Typical;8;1;Good;Detchd;2;396;Fair;Fair;Partial_Pavement;4;2008;129500
Floating_Village_Residential;75;7500;Pave;Regular;AllPub;Inside;Somerset;One_Story;Very_Good;Average;2006;2007;VinylSd;VinylSd;GasA;Excellent;Y;SBrkr;1448;0;0;1448;0;0;2;0;2;1;Good;6;1;Good;Attchd;2;692;Typical;Typical;Paved;6;2009;238500
Residential_Low_Density;59;9042;Pave;Slightly_Irregular;AllPub;Inside;Gilbert;Two_Story;Above_Average;Average;1998;1998;VinylSd;VinylSd;GasA;Good;Y;SBrkr;943;695;0;1638;1;0;2;1;3;1;Typical;7;2;Typical;Attchd;2;472;Typical;Typical;Paved;7;2008;192000
Residential_Medium_Density;32;4500;Pave;Regular;AllPub;FR2;Mitchell;One_Story;Above_Average;Average;1997;1997;VinylSd;VinylSd;GasA;Excellent;Y;SBrkr;1189;0;0;1189;1;0;2;0;2;1;Typical;4;0;No_Fireplace;Attchd;2;392;Typical;Typical;Paved;4;2008;160500
Residential_Medium_Density;21;1680;Pave;Regular;AllPub;Inside;Briardale;Two_Story;Average;Average;1971;1971;HdBoard;HdBoard;GasA;Typical;Y;SBrkr;630;672;0;1302;0;0;2;1;3;1;Typical;6;0;No_Fireplace;Detchd;1;280;Typical;Typical;Paved;5;2009;112000
Residential_Low_Density;49;15256;Pave;Slightly_Irregular;AllPub;CulDSac;Somerset;One_Story;Very_Good;Average;2007;2007;VinylSd;VinylSd;GasA;Excellent;Y;SBrkr;1464;0;0;1464;1;0;2;0;3;1;Good;6;0;No_Fireplace;Attchd;3;754;Typical;Typical;Paved;8;2007;282922
Residential_Low_Density;0;9790;Pave;Regular;AllPub;Inside;Northwest_Ames;One_Story;Above_Average;Average;1967;1967;BrkFace;Wd Sdng;GasA;Typical;Y;SBrkr;1342;0;0;1342;0;0;2;0;3;1;Typical;7;1;Good;Attchd;2;457;Typical;Typical;Paved;9;2009;161500
Residential_Low_Density;70;8750;Pave;Regular;AllPub;Inside;College_Creek;One_Story;Good;Average;1997;1998;VinylSd;VinylSd;GasA;Excellent;Y;SBrkr;1417;0;0;1417;1;0;2;0;3;1;Good;7;1;Typical;Attchd;2;511;Typical;Typical;Paved;8;2009;210000
Residential_Low_Density;60;10914;Pave;Regular;AllPub;Inside;North_Ames;One_Story;Fair;Fair;1929;1950;Wd Sdng;Wd Sdng;GasA;Fair;N;FuseP;715;0;0;715;0;0;1;0;2;1;Typical;4;0;No_Fireplace;Detchd;2;660;Fair;Typical;Dirt_Gravel;8;2006;68000
Residential_Medium_Density;50;8660;Pave;Regular;AllPub;Inside;Iowa_DOT_and_Rail_Road;Two_Story;Average;Above_Average;1900;1993;AsbShng;AsbShng;GasA;Excellent;N;SBrkr;928;928;312;2168;0;0;2;0;5;1;Good;11;0;No_Fireplace;Detchd;2;576;Typical;Typical;Paved;12;2009;123000
Residential_Low_Density;71;8520;Pave;Regular;AllPub;Corner;North_Ames;One_and_Half_Fin;Average;Below_Average;1952;1952;BrkFace;Wd Sdng;GasA;Fair;Y;SBrkr;910;475;0;1385;0;0;2;0;4;1;Typical;6;0;No_Fireplace;Detchd;2;720;Typical;Typical;Paved;6;2010;166000
Residential_Low_Density;113;8513;Pave;Regular;AllPub;Corner;North_Ames;One_Story;Average;Average;1961;1961;BrkFace;Wd Sdng;GasA;Typical;N;SBrkr;1800;0;0;1800;0;0;2;0;6;2;Typical;10;0;No_Fireplace;No_Garage;0;0;No_Garage;No_Garage;Dirt_Gravel;11;2008;130000
Residential_Medium_Density;120;13200;Pave;Regular;AllPub;Corner;Iowa_DOT_and_Rail_Road;SLvl;Above_Average;Above_Average;1963;1963;HdBoard;HdBoard;GasA;Fair;Y;SBrkr;1497;797;0;2294;0;0;3;0;5;1;Typical;9;1;Good;Attchd;2;658;Typical;Typical;Paved;4;2007;202500
Residential_Low_Density;0;9945;Pave;Slightly_Irregular;AllPub;Inside;Sawyer;One_Story;Average;Average;1961;1961;Wd Sdng;Wd Sdng;GasA;Typical;Y;SBrkr;988;0;0;988;1;0;1;0;3;1;Typical;5;0;No_Fireplace;Detchd;2;572;Typical;Typical;Paved;10;2007;128500
Residential_Low_Density;0;2938;Pave;Regular;AllPub;Inside;Bloomington_Heights;One_Story;Good;Average;2002;2002;VinylSd;VinylSd;GasA;Excellent;Y;SBrkr;1511;0;0;1511;1;0;2;0;2;1;Good;5;1;Typical;Attchd;2;398;Typical;Typical;Paved;5;2006;246990
Residential_Low_Density;73;17227;Pave;Moderately_Irregular;AllPub;CulDSac;College_Creek;One_Story;Very_Good;Average;1999;2000;VinylSd;VinylSd;GasA;Excellent;Y;SBrkr;1341;0;0;1341;1;0;1;1;1;1;Good;5;1;Typical;Attchd;2;482;Typical;Typical;Paved;1;2007;246900
Residential_Medium_Density;52;6240;Pave;Regular;AllPub;Inside;Brookside;One_and_Half_Fin;Average;Good;1930;1992;MetalSd;MetalSd;GasA;Typical;Y;SBrkr;1128;445;0;1573;0;0;2;0;3;1;Typical;8;1;Good;Detchd;2;360;Typical;Typical;Partial_Pavement;6;2008;162900
Residential_Low_Density;0;8020;Pave;Slightly_Irregular;AllPub;Inside;Sawyer;One_Story;Average;Above_Average;1964;1964;HdBoard;HdBoard;GasA;Typical;N;SBrkr;912;0;0;912;0;0;1;0;3;1;Typical;6;0;No_Fireplace;No_Garage;0;0;No_Garage;No_Garage;Paved;4;2006;124000
Residential_Low_Density;83;10019;Pave;Slightly_Irregular;AllPub;Inside;Northridge;Two_Story;Very_Good;Average;1995;1995;VinylSd;VinylSd;GasA;Excellent;Y;SBrkr;1358;1368;0;2726;0;0;2;1;4;1;Good;9;1;Excellent;Attchd;3;725;Typical;Typical;Paved;6;2006;350000
Residential_Medium_Density;68;4080;Pave;Regular;AllPub;Inside;Old_Town;One_and_Half_Fin;Above_Average;Very_Good;1935;1998;Wd Sdng;Wd Sdng;GasA;Good;Y;SBrkr;861;517;0;1378;0;0;1;0;3;1;Good;6;0;No_Fireplace;Detchd;1;162;Fair;Fair;Partial_Pavement;6;2009;128900
I_all;109;21780;Grvl;Regular;NoSewr;Inside;Iowa_DOT_and_Rail_Road;One_Story;Poor;Below_Average;1910;1950;Wd Sdng;Wd Sdng;GasA;Typical;N;FuseA;810;0;0;810;0;0;1;0;1;1;Typical;4;0;No_Fireplace;Detchd;1;280;Typical;Typical;Dirt_Gravel;3;2009;57625
Residential_Low_Density;99;16779;Pave;Regular;AllPub;Inside;Sawyer;Two_Story;Average;Below_Average;1920;1996;Wd Sdng;Wd Sdng;GasA;Fair;Y;SBrkr;1567;1087;0;2654;0;0;3;0;4;1;Typical;11;1;Good;Attchd;2;638;Typical;Typical;Paved;5;2007;158000
Residential_Low_Density;24;2289;Pave;Regular;AllPub;Inside;Northpark_Villa;Two_Story;Above_Average;Above_Average;1978;1978;Plywood;Brk Cmn;GasA;Typical;Y;SBrkr;855;586;0;1441;0;0;2;1;3;1;Typical;7;1;Typical;Attchd;2;440;Typical;Typical;Paved;4;2009;148500
Residential_Low_Density;82;11070;Pave;Regular;AllPub;Inside;Mitchell;One_Story;Good;Average;1988;1989;VinylSd;VinylSd;GasA;Good;Y;SBrkr;1959;0;0;1959;0;0;3;0;5;2;Typical;9;0;No_Fireplace;More_Than_Two_Types;3;766;Typical;Typical;Paved;7;2006;171000
Residential_Low_Density;0;11382;Pave;Slightly_Irregular;AllPub;Inside;North_Ames;One_Story;Above_Average;Average;1964;1964;Wd Sdng;Plywood;GasA;Typical;Y;SBrkr;1374;0;0;1374;0;1;1;0;3;1;Typical;7;1;Typical;Attchd;1;286;Typical;Typical;Paved;8;2007;147000
Residential_Medium_Density;0;3940;Pave;Regular;AllPub;Inside;Bloomington_Heights;One_Story;Good;Average;2004;2004;VinylSd;VinylSd;GasA;Excellent;Y;SBrkr;1576;0;0;1576;1;0;2;0;2;1;Good;7;1;Typical;Attchd;3;668;Typical;Typical;Paved;5;2008;219990
Residential_Low_Density;50;8480;Pave;Slightly_Irregular;AllPub;Inside;Sawyer_West;Two_Story;Above_Average;Average;1993;1994;HdBoard;HdBoard;GasA;Excellent;Y;SBrkr;886;794;0;1680;0;1;2;1;3;1;Good;7;0;No_Fireplace;Attchd;2;474;Typical;Typical;Paved;10;2008;163000
Residential_Low_Density;93;12299;Pave;Regular;AllPub;Inside;Northwest_Ames;One_Story;Good;Above_Average;1978;1985;Plywood;Plywood;GasA;Typical;Y;SBrkr;1664;0;0;1664;1;0;2;0;3;1;Good;7;1;Typical;Attchd;2;663;Typical;Typical;Paved;9;2007;213000
Residential_Low_Density;50;7000;Pave;Regular;AllPub;Corner;Old_Town;One_and_Half_Fin;Above_Average;Above_Average;1924;1950;MetalSd;MetalSd;GasA;Good;Y;SBrkr;865;445;0;1310;0;0;2;0;2;1;Typical;6;0;No_Fireplace;Attchd;1;398;Typical;Typical;Paved;5;2006;112000
Residential_Low_Density;79;9416;Pave;Regular;AllPub;Inside;Somerset;One_Story;Good;Average;2007;2007;CemntBd;CmentBd;GasA;Excellent;Y;SBrkr;1726;0;0;1726;1;0;2;0;3;1;Excellent;8;1;Good;Attchd;3;786;Typical;Typical;Paved;9;2007;311872
Residential_Low_Density;85;10678;Pave;Regular;AllPub;Inside;Northridge;One_and_Half_Fin;Very_Good;Average;1992;2000;HdBoard;HdBoard;GasA;Excellent;Y;SBrkr;2129;743;0;2872;0;0;2;1;4;1;Good;9;1;Typical;Attchd;2;541;Typical;Typical;Paved;4;2007;285000
Residential_Low_Density;64;9037;Pave;Slightly_Irregular;AllPub;Inside;Timberland;One_Story;Very_Good;Average;2006;2006;VinylSd;VinylSd;GasA;Excellent;Y;SBrkr;1484;0;0;1484;0;0;2;0;2;1;Excellent;6;1;Good;Attchd;2;472;Typical;Typical;Paved;12;2007;265900
Residential_Medium_Density;0;10320;Pave;Regular;AllPub;Inside;Iowa_DOT_and_Rail_Road;One_and_Half_Fin;Average;Above_Average;1915;1978;HdBoard;HdBoard;GasA;Good;Y;SBrkr;880;428;0;1308;0;0;2;0;2;1;Typical;6;0;No_Fireplace;Detchd;2;400;Fair;Fair;Paved;4;2008;120000
Residential_Low_Density;134;16659;Pave;Slightly_Irregular;AllPub;Corner;Northridge_Heights;Two_Story;Very_Good;Average;2007;2008;VinylSd;VinylSd;GasA;Excellent;Y;SBrkr;1582;570;0;2152;0;0;2;1;3;1;Good;7;1;Good;Detchd;2;728;Typical;Typical;Paved;6;2007;260116
Residential_Low_Density;130;40094;Pave;Slightly_Irregular;AllPub;Inside;Edwards;Two_Story;Very_Excellent;Average;2007;2008;CemntBd;CmentBd;GasA;Excellent;Y;SBrkr;3138;1538;0;4676;1;0;3;1;3;1;Excellent;11;1;Good;BuiltIn;3;884;Typical;Typical;Paved;10;2007;184750
Residential_Low_Density;0;11950;Pave;Slightly_Irregular;AllPub;Corner;Gilbert;SLvl;Good;Average;2003;2003;VinylSd;VinylSd;GasA;Excellent;Y;SBrkr;754;640;0;1394;0;0;2;1;3;1;Good;7;1;Typical;BuiltIn;2;400;Typical;Typical;Paved;10;2007;165500
Residential_Low_Density;85;14450;Pave;Regular;AllPub;Inside;Northwest_Ames;One_Story;Good;Average;1979;1979;Plywood;Plywood;GasA;Typical;Y;SBrkr;1782;0;0;1782;0;1;2;0;3;1;Good;6;1;Typical;Attchd;2;551;Typical;Typical;Paved;3;2008;220000
Residential_Low_Density;0;7655;Pave;Slightly_Irregular;AllPub;CulDSac;Gilbert;Two_Story;Above_Average;Average;1993;1994;HdBoard;HdBoard;GasA;Good;Y;SBrkr;910;732;0;1642;0;0;2;1;3;1;Typical;7;1;Typical;Attchd;2;392;Typical;Typical;Paved;7;2007;168000
Residential_Low_Density;130;16900;Pave;Regular;AllPub;Inside;Northridge_Heights;Two_Story;Very_Good;Average;2001;2002;VinylSd;VinylSd;GasA;Excellent;Y;SBrkr;1515;1134;0;2649;1;0;2;1;4;1;Good;10;1;Typical;Attchd;3;746;Typical;Typical;Paved;1;2008;421250
Residential_Medium_Density;44;3843;Pave;Slightly_Irregular;AllPub;Inside;Crawford;One_Story;Very_Good;Average;2007;2008;CemntBd;CmentBd;GasA;Excellent;Y;SBrkr;1648;0;0;1648;1;1;2;0;2;1;Excellent;5;1;Good;Attchd;2;525;Typical;Typical;Paved;8;2008;294464
Residential_Low_Density;78;10140;Pave;Regular;AllPub;Inside;Northwest_Ames;One_Story;Above_Average;Above_Average;1974;1974;Plywood;Plywood;GasA;Excellent;Y;SBrkr;1116;0;0;1116;1;0;2;0;3;1;Typical;6;1;Typical;Attchd;2;528;Typical;Typical;Paved;4;2009;167900
Residential_Low_Density;54;9783;Pave;Slightly_Irregular;AllPub;Inside;Gilbert;Two_Story;Above_Average;Average;1996;1996;HdBoard;HdBoard;GasA;Good;Y;SBrkr;821;955;0;1776;0;0;2;1;3;1;Typical;7;1;Typical;BuiltIn;2;443;Typical;Typical;Paved;5;2006;202000
Floating_Village_Residential;59;4282;Pave;Moderately_Irregular;AllPub;Inside;Somerset;One_Story;Good;Average;2004;2004;MetalSd;MetalSd;GasA;Excellent;Y;SBrkr;1391;0;0;1391;0;0;2;0;2;1;Good;5;0;No_Fireplace;Attchd;2;530;Typical;Typical;Paved;7;2008;196000
Residential_Low_Density;65;6993;Pave;Regular;AllPub;Inside;Sawyer;One_Story;Average;Good;1961;1994;HdBoard;Plywood;GasA;Typical;Y;SBrkr;1236;0;0;1236;0;0;1;0;3;1;Typical;6;1;Typical;Attchd;1;288;Typical;Typical;Paved;6;2006;135000
Residential_Low_Density;0;7500;Pave;Slightly_Irregular;AllPub;Inside;Crawford;Two_Story;Above_Average;Good;1942;1950;Wd Sdng;Wd Sdng;GasA;Fair;Y;SBrkr;753;741;0;1494;0;0;1;0;3;1;Good;7;2;Good;Attchd;1;213;Typical;Typical;Partial_Pavement;11;2009;177500
Residential_Low_Density;0;3196;Pave;Regular;AllPub;Inside;Bloomington_Heights;One_Story;Very_Good;Average;2003;2003;VinylSd;VinylSd;GasA;Excellent;Y;SBrkr;1456;0;0;1456;0;0;2;0;2;1;Good;7;1;Typical;Attchd;2;400;Typical;Typical;Paved;5;2006;215000
Residential_Low_Density;85;9350;Pave;Regular;AllPub;Inside;North_Ames;Two_Story;Average;Above_Average;1964;1964;HdBoard;HdBoard;GasA;Good;Y;SBrkr;720;720;0;1440;0;0;1;1;4;1;Typical;7;1;Poor;Attchd;2;480;Typical;Typical;Paved;7;2006;157500
Floating_Village_Residential;72;8640;Pave;Regular;AllPub;Inside;Somerset;One_Story;Very_Good;Average;2009;2009;CemntBd;CmentBd;GasA;Excellent;Y;SBrkr;1314;0;0;1314;1;0;2;0;3;1;Good;6;0;No_Fireplace;Attchd;2;552;Typical;Typical;Paved;9;2009;229456
Residential_Low_Density;0;6627;Pave;Slightly_Irregular;AllPub;Corner;Brookside;One_Story;Fair;Above_Average;1949;1950;VinylSd;VinylSd;Floor;Typical;N;SBrkr;720;0;0;720;0;0;1;0;2;1;Typical;4;0;No_Fireplace;Detchd;1;287;Typical;Fair;Paved;7;2008;72500
Residential_Low_Density;74;9990;Pave;Regular;AllPub;Inside;Mitchell;One_Story;Below_Average;Average;1991;1991;HdBoard;HdBoard;GasA;Good;Y;SBrkr;1689;0;0;1689;1;0;2;0;3;1;Typical;6;1;Typical;Attchd;2;432;Typical;Typical;Paved;7;2008;228500
Residential_Low_Density;80;8480;Pave;Regular;AllPub;Corner;North_Ames;One_Story;Average;Above_Average;1945;1950;MetalSd;MetalSd;GasA;Typical;Y;SBrkr;793;0;0;793;1;0;1;0;2;1;Fair;4;0;No_Fireplace;Detchd;1;240;Typical;Typical;Paved;8;2009;113000
Residential_Low_Density;70;9100;Pave;Regular;AllPub;Inside;College_Creek;One_Story;Good;Average;2001;2001;VinylSd;VinylSd;GasA;Excellent;Y;SBrkr;1212;0;0;1212;0;0;2;0;3;1;Good;6;0;No_Fireplace;Attchd;2;573;Typical;Typical;Paved;6;2009;178000
Residential_Low_Density;78;12090;Pave;Slightly_Irregular;AllPub;Inside;Northwest_Ames;One_Story;Above_Average;Above_Average;1981;1981;MetalSd;MetalSd;GasA;Typical;Y;SBrkr;1422;0;0;1422;0;0;2;0;3;1;Good;7;1;Typical;Attchd;2;576;Typical;Typical;Paved;6;2008;175500
Residential_Low_Density;55;5687;Pave;Regular;AllPub;Inside;South_and_West_of_Iowa_State_University;Two_Story;Average;Above_Average;1912;2000;VinylSd;VinylSd;GasA;Excellent;N;SBrkr;936;780;0;1716;1;0;2;0;6;1;Fair;9;0;No_Fireplace;No_Garage;0;0;No_Garage;No_Garage;Dirt_Gravel;3;2008;135900
Residential_Low_Density;0;9079;Pave;Slightly_Irregular;AllPub;Inside;Sawyer;One_Story;Average;Average;1961;1961;Wd Sdng;Plywood;GasA;Typical;Y;SBrkr;864;0;0;864;0;0;1;0;2;1;Typical;5;0;No_Fireplace;Attchd;1;440;Typical;Typical;Paved;7;2009;122000
Residential_Low_Density;120;13560;Pave;Regular;AllPub;Corner;North_Ames;One_Story;Above_Average;Fair;1968;1968;Wd Sdng;Wd Sdng;GasA;Good;Y;SBrkr;1392;0;0;1392;1;0;1;0;2;1;Typical;5;2;Typical;Attchd;2;576;Typical;Typical;Paved;7;2009;110000
Residential_Low_Density;0;10020;Pave;Slightly_Irregular;AllPub;Inside;Edwards;One_Story;Very_Poor;Very_Poor;1922;1950;Wd Sdng;Wd Sdng;GasA;Good;N;FuseA;904;0;0;904;1;0;0;1;1;1;Fair;4;0;No_Fireplace;No_Garage;0;0;No_Garage;No_Garage;Paved;3;2009;61000
Residential_Low_Density;60;8281;Pave;Slightly_Irregular;AllPub;Inside;Sawyer;One_Story;Average;Average;1965;1965;MetalSd;MetalSd;GasA;Good;Y;SBrkr;864;0;0;864;0;0;1;0;3;1;Typical;5;1;Poor;Detchd;1;360;Typical;Typical;Paved;12;2009;62383
Residential_Medium_Density;49;8235;Pave;Slightly_Irregular;AllPub;Inside;Old_Town;One_Story;Average;Good;1955;1995;MetalSd;MetalSd;GasA;Typical;Y;SBrkr;825;0;0;825;1;0;1;0;2;1;Typical;4;0;No_Fireplace;Detchd;2;720;Typical;Typical;Paved;6;2008;125000
Residential_Low_Density;64;7804;Pave;Regular;AllPub;Inside;South_and_West_of_Iowa_State_University;Two_and_Half_Unf;Above_Average;Good;1930;1950;Stucco;Stucco;GasA;Excellent;Y;SBrkr;960;960;0;1920;2;0;2;2;4;2;Typical;10;2;Good;Detchd;2;480;Typical;Typical;Paved;7;2008;161900
Residential_Low_Density;0;9337;Pave;Slightly_Irregular;AllPub;Inside;College_Creek;Two_Story;Good;Average;1997;1998;VinylSd;VinylSd;GasA;Excellent;Y;SBrkr;892;800;0;1692;0;0;2;1;3;1;Typical;8;1;Typical;Attchd;2;513;Typical;Typical;Paved;4;2010;191000
Residential_Low_Density;60;8382;Pave;Regular;AllPub;Inside;North_Ames;One_and_Half_Fin;Below_Average;Average;1956;1956;MetalSd;MetalSd;GasA;Typical;Y;FuseA;832;505;0;1337;0;0;1;0;3;1;Typical;5;0;No_Fireplace;Attchd;1;263;Typical;Typical;Paved;2;2010;108000
Residential_Low_Density;0;47280;Pave;Slightly_Irregular;AllPub;Inside;Gilbert;One_Story;Above_Average;Average;1950;1950;AsbShng;AsbShng;GasA;Good;Y;SBrkr;1488;0;0;1488;0;0;2;1;3;1;Typical;6;1;Typical;Attchd;2;738;Typical;Typical;Paved;7;2008;133000
Residential_Low_Density;62;7917;Pave;Regular;AllPub;Inside;Gilbert;Two_Story;Above_Average;Average;1999;2000;VinylSd;VinylSd;GasA;Excellent;Y;SBrkr;953;694;0;1647;0;0;2;1;3;1;Typical;7;1;Typical;Attchd;2;460;Typical;Typical;Paved;8;2007;175000
Floating_Village_Residential;37;3316;Pave;Slightly_Irregular;AllPub;Inside;Somerset;One_Story;Very_Good;Average;2005;2005;MetalSd;MetalSd;GasA;Excellent;Y;SBrkr;1247;0;0;1247;1;0;1;1;1;1;Good;4;1;Good;Attchd;2;550;Typical;Typical;Paved;4;2006;197000
Residential_Low_Density;95;13015;Pave;Regular;AllPub;Corner;College_Creek;One_Story;Average;Above_Average;1996;1996;VinylSd;VinylSd;GasA;Excellent;Y;SBrkr;1100;0;0;1100;0;0;1;1;3;1;Typical;5;0;No_Fireplace;Attchd;2;462;Typical;Typical;Paved;6;2006;145000
Residential_Low_Density;71;7064;Pave;Regular;AllPub;Inside;Sawyer;One_Story;Average;Above_Average;1977;1977;Plywood;Plywood;GasA;Typical;Y;SBrkr;980;0;0;980;0;0;1;0;3;1;Typical;6;0;No_Fireplace;Detchd;2;484;Typical;Typical;Paved;7;2009;135000
Residential_Low_Density;80;11088;Pave;Regular;AllPub;Inside;Northwest_Ames;One_Story;Above_Average;Average;1978;1998;HdBoard;HdBoard;GasA;Good;Y;SBrkr;1707;0;0;1707;0;0;2;0;3;1;Typical;7;1;Typical;Attchd;2;479;Typical;Typical;Paved;5;2009;184000
Residential_Low_Density;0;18275;Pave;Slightly_Irregular;AllPub;Inside;North_Ames;Two_Story;Good;Very_Good;1962;1998;Plywood;Plywood;GasA;Typical;Y;SBrkr;1900;548;0;2448;1;0;3;0;3;1;Typical;9;2;Good;Attchd;2;441;Typical;Typical;Paved;9;2006;277500
Residential_Low_Density;0;11792;Pave;Slightly_Irregular;AllPub;Inside;Gilbert;Two_Story;Very_Good;Average;2003;2003;VinylSd;VinylSd;GasA;Excellent;Y;SBrkr;1008;1275;0;2283;0;0;2;1;4;1;Good;9;1;Good;BuiltIn;3;632;Typical;Typical;Paved;8;2009;270000
Residential_Low_Density;80;8800;Pave;Regular;AllPub;Inside;North_Ames;One_Story;Good;Above_Average;1966;1966;HdBoard;Plywood;GasA;Excellent;Y;SBrkr;1200;0;0;1200;0;1;2;0;3;1;Typical;6;1;Typical;Attchd;2;440;Typical;Typical;Paved;10;2007;163500
Residential_Medium_Density;60;6911;Pave;Regular;AllPub;FR2;Brookside;One_Story;Average;Average;1924;1950;Wd Sdng;Wd Sdng;GasA;Typical;Y;SBrkr;1301;0;0;1301;0;0;1;0;2;1;Fair;5;0;No_Fireplace;Detchd;2;440;Typical;Typical;Paved;10;2009;100000
Residential_Low_Density;64;8574;Pave;Regular;AllPub;Inside;Crawford;One_Story;Above_Average;Very_Good;1916;2000;Stucco;Stucco;GasA;Excellent;Y;SBrkr;1232;0;0;1232;0;0;1;0;3;1;Good;6;1;Good;Detchd;2;440;Typical;Typical;Paved;10;2009;147500
Residential_Low_Density;74;9612;Pave;Regular;AllPub;Inside;Somerset;One_Story;Very_Good;Average;2008;2009;VinylSd;VinylSd;GasA;Excellent;Y;SBrkr;1468;0;0;1468;0;0;2;0;3;1;Good;6;1;Good;Attchd;3;898;Typical;Typical;Paved;12;2009;244600
Residential_Medium_Density;55;4388;Pave;Slightly_Irregular;AllPub;Inside;Old_Town;One_and_Half_Unf;Average;Good;1930;1950;WdShing;Wd Sdng;GasA;Excellent;Y;SBrkr;840;0;0;840;0;0;1;0;3;1;Typical;5;1;Typical;No_Garage;0;0;No_Garage;No_Garage;Dirt_Gravel;6;2007;87000
Residential_Medium_Density;34;4571;Pave;Regular;AllPub;Inside;Old_Town;Two_Story;Average;Average;1916;1950;AsbShng;AsbShng;GasA;Fair;N;SBrkr;624;720;0;1344;0;0;1;0;4;1;Typical;7;0;No_Fireplace;Detchd;3;513;Fair;Fair;Paved;5;2008;98000
Floating_Village_Residential;25;4835;Pave;Slightly_Irregular;AllPub;CulDSac;Somerset;One_Story;Good;Average;2004;2005;MetalSd;MetalSd;GasA;Excellent;Y;SBrkr;1488;0;0;1488;1;0;2;0;2;1;Good;6;1;Good;Attchd;2;506;Typical;Typical;Paved;3;2010;260000
Residential_Low_Density;100;21750;Pave;Regular;AllPub;Inside;Mitchell;One_Story;Average;Average;1954;1954;HdBoard;HdBoard;GasA;Excellent;Y;FuseA;988;0;0;988;0;0;1;0;2;1;Typical;4;0;No_Fireplace;Attchd;2;520;Typical;Typical;Dirt_Gravel;2;2008;113000
Residential_Low_Density;68;7480;Pave;Regular;AllPub;Inside;College_Creek;One_Story;Average;Above_Average;1972;1972;Wd Sdng;Wd Sdng;GasA;Typical;Y;SBrkr;876;0;0;876;1;0;1;0;3;1;Typical;5;0;No_Fireplace;Detchd;2;484;Typical;Typical;Paved;6;2010;127000
Residential_Low_Density;0;6718;Pave;Slightly_Irregular;AllPub;Inside;Timberland;One_Story;Very_Good;Average;2001;2001;VinylSd;VinylSd;GasA;Excellent;Y;SBrkr;1312;0;0;1312;0;0;2;0;2;1;Good;5;0;No_Fireplace;Attchd;2;471;Typical;Typical;Paved;1;2007;180500
Residential_Medium_Density;52;6240;Pave;Regular;AllPub;Inside;Brookside;One_and_Half_Fin;Average;Good;1936;1980;VinylSd;VinylSd;GasA;Good;Y;SBrkr;548;492;0;1040;0;0;1;0;2;1;Typical;5;0;No_Fireplace;Detchd;2;624;Typical;Typical;Partial_Pavement;5;2010;123900
Residential_Low_Density;78;10264;Pave;Slightly_Irregular;AllPub;Inside;College_Creek;One_Story;Good;Average;1999;1999;VinylSd;VinylSd;GasA;Excellent;Y;SBrkr;1588;0;0;1588;0;0;2;0;3;1;Good;6;0;No_Fireplace;Attchd;2;472;Typical;Typical;Paved;8;2006;214000
Residential_Low_Density;195;41600;Pave;Slightly_Irregular;AllPub;FR2;Gilbert;One_Story;Average;Average;1969;1990;HdBoard;HdBoard;GasW;Typical;Y;SBrkr;1424;0;0;1424;1;0;1;1;3;1;Typical;7;0;No_Fireplace;More_Than_Two_Types;3;828;Typical;Typical;Dirt_Gravel;11;2007;155000
Residential_Low_Density;56;20431;Pave;Moderately_Irregular;AllPub;Inside;Northridge_Heights;Two_Story;Excellent;Average;2005;2006;CemntBd;CmentBd;GasA;Excellent;Y;SBrkr;1848;880;0;2728;1;0;2;1;4;1;Excellent;10;2;Excellent;Attchd;3;706;Typical;Typical;Paved;4;2006;437154
Residential_Low_Density;68;7838;Pave;Regular;AllPub;Inside;North_Ames;SFoyer;Average;Average;1967;1967;HdBoard;HdBoard;GasA;Typical;Y;SBrkr;900;0;0;900;1;0;1;0;3;1;Typical;6;1;Poor;Attchd;1;288;Typical;Typical;Paved;12;2006;123000
Residential_Low_Density;0;14357;Pave;Slightly_Irregular;AllPub;CulDSac;North_Ames;One_Story;Average;Average;1961;1961;Wd Sdng;Wd Sdng;GasA;Typical;Y;SBrkr;1187;0;0;1187;1;0;1;0;2;1;Typical;6;1;Typical;Attchd;2;440;Typical;Typical;Paved;8;2007;140500
Residential_Low_Density;100;21370;Pave;Regular;AllPub;FR2;Sawyer;One_Story;Average;Average;1950;1950;Wd Sdng;MetalSd;GasA;Typical;Y;FuseA;1640;0;0;1640;0;0;1;0;3;1;Typical;7;1;Good;Attchd;2;394;Typical;Typical;Paved;6;2006;131000
Residential_Low_Density;0;9000;Pave;Regular;AllPub;Inside;Sawyer;One_Story;Below_Average;Good;1945;1950;Wd Sdng;Wd Sdng;GasA;Typical;N;FuseA;998;0;0;998;0;0;1;0;3;1;Typical;5;0;No_Fireplace;More_Than_Two_Types;2;460;Fair;Typical;Paved;5;2007;89500
Residential_Low_Density;65;7800;Pave;Regular;AllPub;Inside;Sawyer_West;Two_Story;Good;Average;2005;2005;VinylSd;VinylSd;GasA;Excellent;Y;SBrkr;891;795;0;1686;0;0;2;1;3;1;Good;8;0;No_Fireplace;Attchd;2;462;Typical;Typical;Paved;4;2006;184000
Residential_Medium_Density;60;5520;Pave;Regular;AllPub;Corner;Old_Town;One_and_Half_Fin;Below_Average;Above_Average;1920;1980;Wd Sdng;Wd Sdng;GasA;Typical;N;SBrkr;1147;510;0;1657;0;0;1;0;4;1;Fair;9;1;Typical;Detchd;1;162;Fair;Fair;Dirt_Gravel;7;2006;111500
Residential_Low_Density;0;13500;Pave;Regular;AllPub;Inside;Clear_Creek;One_Story;Above_Average;Good;1960;1975;BrkFace;Plywood;GasA;Good;Y;SBrkr;1252;0;0;1252;1;0;1;0;1;1;Typical;4;1;Good;Attchd;2;564;Typical;Typical;Paved;3;2008;235000
Residential_Low_Density;70;13587;Pave;Regular;AllPub;Inside;North_Ames;One_Story;Average;Average;1958;1958;MetalSd;MetalSd;GasA;Typical;Y;SBrkr;988;0;0;988;1;0;1;0;2;1;Typical;5;0;No_Fireplace;Attchd;1;264;Typical;Typical;Paved;4;2010;119000
Residential_Medium_Density;65;11700;Pave;Slightly_Irregular;AllPub;Corner;Old_Town;Two_Story;Good;Good;1880;2003;Stucco;Stucco;GasW;Typical;N;SBrkr;1320;1320;0;2640;0;0;1;1;4;1;Good;8;1;Good;Detchd;4;864;Typical;Typical;Dirt_Gravel;5;2009;265979
Residential_Low_Density;56;26073;Pave;Slightly_Irregular;AllPub;CulDSac;Crawford;One_Story;Average;Average;1956;1956;BrkFace;MetalSd;GasA;Excellent;Y;FuseA;1898;0;0;1898;0;0;2;1;3;1;Typical;7;2;Typical;Attchd;2;484;Typical;Typical;Paved;4;2008;236500
Residential_Low_Density;70;10500;Pave;Regular;AllPub;FR2;North_Ames;One_Story;Below_Average;Average;1971;1971;HdBoard;HdBoard;GasA;Typical;Y;SBrkr;864;0;0;864;0;0;1;0;3;1;Typical;5;1;Poor;No_Garage;0;0;No_Garage;No_Garage;Paved;4;2010;115000
Residential_Low_Density;115;21286;Pave;Regular;AllPub;Inside;Sawyer;One_and_Half_Fin;Average;Average;1948;1950;Wd Sdng;Wd Sdng;GasA;Typical;Y;SBrkr;720;551;0;1271;0;0;2;0;4;1;Typical;7;1;Good;Attchd;1;312;Typical;Typical;Paved;8;2008;135000
Residential_Low_Density;60;8147;Pave;Regular;AllPub;Inside;Stone_Brook;One_Story;Excellent;Average;2005;2005;MetalSd;MetalSd;GasA;Excellent;Y;SBrkr;1714;0;0;1714;1;0;2;0;2;1;Good;7;1;Good;Attchd;2;517;Typical;Typical;Paved;8;2006;318000
Residential_Low_Density;100;10839;Pave;Slightly_Irregular;AllPub;Corner;Gilbert;Two_Story;Above_Average;Average;1997;1998;VinylSd;VinylSd;GasA;Excellent;Y;SBrkr;926;678;0;1604;0;0;2;1;3;1;Typical;7;1;Typical;Attchd;2;470;Typical;Typical;Paved;7;2008;181000
Residential_Medium_Density;0;4435;Pave;Regular;AllPub;Inside;College_Creek;One_Story;Above_Average;Average;2003;2003;VinylSd;VinylSd;GasA;Excellent;Y;SBrkr;848;0;0;848;1;0;1;0;1;1;Good;4;0;No_Fireplace;Attchd;2;420;Typical;Typical;Paved;5;2009;140000
Residential_Low_Density;90;12378;Pave;Slightly_Irregular;AllPub;Inside;Northridge_Heights;One_Story;Excellent;Average;2003;2004;VinylSd;VinylSd;GasA;Excellent;Y;SBrkr;1944;0;0;1944;1;0;2;0;3;1;Excellent;8;3;Excellent;Attchd;3;708;Typical;Typical;Paved;11;2006;360000
Residential_Low_Density;69;7590;Pave;Regular;AllPub;Inside;North_Ames;Two_Story;Average;Average;1962;1962;VinylSd;VinylSd;GasA;Typical;Y;SBrkr;876;936;0;1812;0;0;2;0;4;1;Typical;8;1;Typical;Attchd;1;264;Typical;Typical;Paved;7;2007;169500
Residential_Low_Density;88;15400;Pave;Regular;AllPub;Inside;Sawyer;SLvl;Average;Average;1961;1961;HdBoard;HdBoard;GasA;Typical;Y;SBrkr;904;611;259;1774;0;0;2;0;4;1;Typical;8;1;Typical;Attchd;1;384;Typical;Typical;Paved;7;2009;165000
Residential_Low_Density;0;9930;Pave;Slightly_Irregular;AllPub;Inside;College_Creek;Two_Story;Good;Average;2002;2002;VinylSd;VinylSd;GasA;Excellent;Y;SBrkr;878;884;0;1762;0;0;2;1;3;1;Good;6;0;No_Fireplace;Attchd;2;591;Typical;Typical;Paved;7;2006;222000
Residential_Low_Density;120;13975;Pave;Slightly_Irregular;AllPub;Corner;Northridge_Heights;Two_Story;Excellent;Average;2005;2006;VinylSd;VinylSd;GasA;Excellent;Y;SBrkr;1117;1089;0;2206;0;0;2;1;4;1;Excellent;10;1;Good;BuiltIn;3;670;Typical;Typical;Paved;8;2006;300000
Residential_Low_Density;64;13053;Pave;Regular;AllPub;Inside;Brookside;One_and_Half_Fin;Above_Average;Good;1923;2000;Wd Sdng;Wd Sdng;GasA;Good;Y;SBrkr;1053;795;0;1848;0;0;1;1;4;1;Good;8;1;Good;Detchd;2;370;Typical;Typical;Dirt_Gravel;6;2008;207000
Residential_Low_Density;0;18837;Pave;Slightly_Irregular;AllPub;Inside;Northwest_Ames;One_and_Half_Fin;Above_Average;Average;1978;1978;MetalSd;MetalSd;GasA;Typical;Y;SBrkr;1287;604;0;1891;0;1;3;0;3;1;Typical;7;1;Typical;Attchd;2;678;Typical;Typical;Paved;4;2010;212500
Residential_Medium_Density;60;9720;Pave;Regular;AllPub;Inside;Old_Town;Two_Story;Above_Average;Good;1910;2002;MetalSd;MetalSd;GasA;Excellent;Y;SBrkr;780;741;0;1521;0;0;1;0;4;1;Good;8;0;No_Fireplace;Detchd;3;640;Typical;Typical;Paved;9;2009;146500
Residential_Low_Density;79;10208;Pave;Slightly_Irregular;AllPub;Inside;Northridge;Two_Story;Good;Average;1996;1997;VinylSd;VinylSd;GasA;Excellent;Y;SBrkr;1277;1067;0;2344;0;0;2;1;3;1;Good;7;1;Typical;Attchd;3;889;Typical;Typical;Paved;7;2009;265000
Residential_Low_Density;76;9139;Pave;Slightly_Irregular;AllPub;Inside;Somerset;One_Story;Very_Good;Average;2006;2006;VinylSd;VinylSd;GasA;Excellent;Y;SBrkr;1432;0;0;1432;0;0;2;0;3;1;Good;7;1;Good;Attchd;2;492;Typical;Typical;Paved;9;2009;245000
Residential_Low_Density;0;10659;Pave;Slightly_Irregular;AllPub;Inside;North_Ames;One_Story;Average;Above_Average;1961;1961;Wd Sdng;Wd Sdng;GasA;Typical;Y;SBrkr;1050;0;0;1050;1;0;1;0;3;1;Typical;6;0;No_Fireplace;Attchd;1;368;Typical;Typical;Paved;1;2006;136500
Residential_Medium_Density;60;9600;Pave;Regular;AllPub;Inside;Old_Town;Two_Story;Average;Average;1920;1960;AsbShng;AsbShng;GasA;Typical;Y;FuseP;1377;973;0;2350;0;0;2;0;4;2;Typical;10;0;No_Fireplace;More_Than_Two_Types;2;393;Typical;Typical;Paved;4;2008;130000
Residential_Low_Density;65;11625;Pave;Slightly_Irregular;AllPub;Inside;Mitchell;One_Story;Average;Good;1983;1983;HdBoard;HdBoard;GasA;Typical;Y;SBrkr;816;0;0;816;1;0;1;0;2;1;Typical;4;0;No_Fireplace;Attchd;1;264;Typical;Typical;Paved;5;2007;139000
Residential_Low_Density;0;7758;Pave;Slightly_Irregular;AllPub;Corner;Sawyer;One_Story;Average;Good;1962;2001;HdBoard;Plywood;GasA;Good;Y;SBrkr;999;0;0;999;1;0;1;0;3;1;Good;6;0;No_Fireplace;Detchd;1;264;Typical;Typical;Paved;3;2007;132500
Residential_Low_Density;80;11040;Pave;Regular;AllPub;Inside;Northwest_Ames;One_Story;Above_Average;Good;1971;2004;VinylSd;VinylSd;GasA;Excellent;Y;SBrkr;1258;0;0;1258;0;1;2;0;3;1;Good;5;0;No_Fireplace;Attchd;2;528;Typical;Typical;Paved;10;2008;145000
Residential_Low_Density;62;10106;Pave;Regular;AllPub;Inside;Edwards;One_and_Half_Fin;Average;Good;1940;1999;Wd Sdng;Wd Sdng;GasA;Good;Y;SBrkr;808;547;0;1355;1;0;2;0;4;2;Typical;6;0;No_Fireplace;No_Garage;0;0;No_Garage;No_Garage;Paved;9;2008;127500
Residential_Low_Density;68;9450;Pave;Regular;AllPub;Inside;Edwards;One_Story;Below_Average;Average;1954;1954;MetalSd;MetalSd;GasA;Excellent;Y;SBrkr;894;0;0;894;0;0;1;0;3;1;Typical;5;0;No_Fireplace;Detchd;2;400;Typical;Typical;Paved;5;2007;110000
Residential_Low_Density;0;9019;Pave;Slightly_Irregular;AllPub;Inside;Sawyer_West;Two_Story;Above_Average;Average;1994;1994;VinylSd;VinylSd;GasA;Excellent;Y;SBrkr;636;684;0;1320;0;0;2;1;3;1;Good;6;0;No_Fireplace;Attchd;2;472;Typical;Typical;Paved;7;2006;150000
Residential_Low_Density;96;11690;Pave;Slightly_Irregular;AllPub;Inside;College_Creek;Two_Story;Very_Good;Average;1999;2000;VinylSd;VinylSd;GasA;Excellent;Y;SBrkr;886;878;0;1764;0;0;2;1;3;1;Good;7;1;Typical;Attchd;2;560;Typical;Typical;Paved;6;2008;207000
Residential_Low_Density;78;9360;Pave;Regular;AllPub;Inside;North_Ames;One_Story;Above_Average;Good;1968;2004;HdBoard;HdBoard;GasA;Typical;Y;SBrkr;976;0;0;976;1;0;1;0;2;1;Good;4;1;Fair;Attchd;2;504;Typical;Typical;Paved;8;2006;157500
Residential_Low_Density;0;2887;Pave;Regular;AllPub;Inside;Clear_Creek;One_Story;Above_Average;Average;1996;1997;Wd Sdng;Wd Sdng;GasA;Excellent;Y;SBrkr;1291;0;0;1291;1;0;1;0;2;1;Good;6;1;Good;Attchd;2;431;Typical;Typical;Paved;11;2008;173000
Residential_Low_Density;0;11075;Pave;Regular;AllPub;Corner;Clear_Creek;One_Story;Above_Average;Average;1984;1984;Wd Sdng;Wd Sdng;GasA;Excellent;Y;SBrkr;1522;0;0;1522;0;0;2;0;3;1;Typical;7;1;Typical;Attchd;2;552;Typical;Typical;Paved;2;2007;182000
Residential_Low_Density;136;11675;Pave;Slightly_Irregular;AllPub;Inside;Northridge;One_Story;Very_Good;Average;1998;1998;VinylSd;VinylSd;GasA;Excellent;Y;SBrkr;2006;0;0;2006;1;0;2;0;2;1;Good;5;1;Typical;Attchd;3;938;Typical;Typical;Paved;7;2008;350000
Residential_Low_Density;43;12352;Pave;Moderately_Irregular;AllPub;CulDSac;College_Creek;Two_Story;Good;Average;1998;1999;VinylSd;VinylSd;GasA;Excellent;Y;SBrkr;853;900;0;1753;1;0;2;1;3;1;Typical;7;1;Fair;Attchd;2;534;Typical;Typical;Paved;3;2007;217000
Residential_Low_Density;48;6373;Pave;Regular;AllPub;Inside;Northridge_Heights;One_Story;Excellent;Average;2006;2006;MetalSd;MetalSd;GasA;Excellent;Y;SBrkr;1666;0;0;1666;1;0;2;0;2;1;Good;6;1;Good;Attchd;2;575;Typical;Typical;Paved;6;2006;310090
Residential_Low_Density;200;43500;Pave;Regular;AllPub;Inside;Mitchell;One_Story;Fair;Average;1953;1953;MetalSd;MetalSd;GasA;Excellent;Y;SBrkr;2034;0;0;2034;0;0;1;0;2;1;Typical;9;0;No_Fireplace;More_Than_Two_Types;4;1041;Typical;Typical;Dirt_Gravel;6;2007;130000
Residential_Low_Density;80;12435;Pave;Regular;AllPub;Inside;College_Creek;Two_Story;Good;Average;2001;2001;VinylSd;VinylSd;GasA;Excellent;Y;SBrkr;963;829;0;1792;0;0;2;1;3;1;Good;7;1;Typical;Attchd;2;564;Typical;Typical;Paved;5;2008;231500
Residential_Low_Density;96;12456;Pave;Regular;AllPub;FR2;Northridge_Heights;One_Story;Very_Excellent;Average;2006;2007;CemntBd;CmentBd;GasA;Excellent;Y;SBrkr;1718;0;0;1718;1;0;2;0;3;1;Excellent;7;1;Good;Attchd;3;786;Typical;Typical;Paved;7;2009;337500
Residential_Low_Density;65;7514;Pave;Regular;AllPub;Inside;North_Ames;One_Story;Average;Good;1967;1975;MetalSd;MetalSd;GasA;Typical;Y;SBrkr;1387;0;0;1387;1;0;1;0;3;1;Typical;6;1;Typical;Attchd;1;300;Typical;Typical;Paved;9;2006;145000
Residential_Low_Density;70;7315;Pave;Regular;AllPub;Inside;North_Ames;One_Story;Average;Above_Average;1958;1958;BrkFace;BrkFace;GasA;Typical;Y;SBrkr;1170;0;0;1170;0;1;1;0;3;1;Typical;6;1;Typical;Attchd;1;338;Typical;Typical;Paved;3;2007;140000
Residential_Low_Density;68;9768;Pave;Regular;AllPub;Inside;North_Ames;One_Story;Average;Average;1955;1955;Wd Sdng;Wd Sdng;GasA;Good;Y;SBrkr;960;0;0;960;1;0;1;0;2;1;Typical;5;0;No_Fireplace;Attchd;1;330;Typical;Typical;Paved;2;2009;122000
Floating_Village_Residential;81;10411;Pave;Regular;AllPub;Corner;Somerset;Two_Story;Average;Average;2007;2007;VinylSd;VinylSd;GasA;Excellent;Y;SBrkr;725;863;0;1588;0;0;3;0;3;1;Good;8;0;No_Fireplace;Attchd;2;561;Typical;Typical;Paved;7;2007;212109
Residential_Low_Density;0;10832;Pave;Slightly_Irregular;AllPub;Corner;Gilbert;Two_Story;Good;Average;1994;1996;MetalSd;MetalSd;GasA;Excellent;Y;SBrkr;1086;809;0;1895;0;0;2;1;3;1;Good;7;1;Typical;Attchd;2;409;Typical;Typical;Paved;10;2008;194500
Residential_Low_Density;0;15611;Pave;Slightly_Irregular;AllPub;Corner;Northwest_Ames;One_Story;Average;Above_Average;1977;1977;VinylSd;VinylSd;GasA;Typical;Y;SBrkr;1126;0;0;1126;0;1;2;0;3;1;Excellent;6;0;No_Fireplace;Attchd;2;540;Typical;Typical;Paved;3;2008;175000
Residential_Low_Density;60;7200;Pave;Regular;AllPub;Inside;North_Ames;One_Story;Average;Good;1955;2007;VinylSd;VinylSd;GasA;Excellent;Y;SBrkr;827;0;0;827;0;0;1;0;2;1;Typical;5;1;Poor;Detchd;1;392;Typical;Typical;Paved;4;2010;107500
Residential_Low_Density;64;6762;Pave;Regular;AllPub;Inside;College_Creek;One_Story;Good;Average;2006;2006;VinylSd;VinylSd;GasA;Excellent;Y;SBrkr;1208;0;0;1208;1;0;2;0;2;1;Good;6;0;No_Fireplace;Attchd;2;632;Typical;Typical;Paved;2;2010;206000
Residential_Low_Density;79;10289;Pave;Regular;AllPub;Inside;North_Ames;One_Story;Average;Good;1965;1965;MetalSd;MetalSd;GasA;Typical;Y;SBrkr;1073;0;0;1073;1;0;1;1;3;1;Typical;6;0;No_Fireplace;Attchd;2;515;Typical;Typical;Paved;6;2007;156000
Residential_Low_Density;69;9920;Pave;Slightly_Irregular;AllPub;Inside;College_Creek;One_Story;Average;Above_Average;1969;1969;HdBoard;Plywood;GasA;Typical;Y;SBrkr;971;0;0;971;0;0;1;1;3;1;Typical;5;1;Poor;Attchd;1;300;Typical;Typical;Paved;5;2006;128500
Residential_Low_Density;73;11927;Pave;Regular;AllPub;Inside;College_Creek;One_Story;Very_Good;Average;1994;1995;HdBoard;HdBoard;GasA;Excellent;Y;SBrkr;1592;0;0;1592;0;0;2;0;3;1;Good;7;1;Typical;Attchd;2;484;Typical;Typical;Paved;6;2007;228000
Residential_Medium_Density;24;1733;Pave;Regular;AllPub;Inside;Blueste;Two_Story;Above_Average;Above_Average;1980;1980;MetalSd;MetalSd;GasA;Typical;Y;SBrkr;516;516;0;1032;0;0;1;0;2;1;Typical;5;1;Typical;Detchd;2;452;Typical;Typical;Paved;5;2009;115000
Residential_Low_Density;0;15783;Pave;Regular;AllPub;Inside;Old_Town;One_Story;Average;Average;1952;1952;Wd Sdng;Wd Sdng;GasA;Typical;Y;SBrkr;924;0;0;924;0;0;1;0;2;1;Typical;6;0;No_Fireplace;Detchd;1;420;Typical;Typical;Paved;6;2007;112500
Residential_Medium_Density;21;1680;Pave;Regular;AllPub;Inside;Briardale;Two_Story;Above_Average;Average;1971;1971;HdBoard;HdBoard;GasA;Typical;Y;SBrkr;483;504;0;987;0;0;1;1;2;1;Typical;5;0;No_Fireplace;Detchd;1;264;Typical;Typical;Paved;2;2010;96000
Residential_Medium_Density;50;5250;Pave;Regular;AllPub;Inside;Old_Town;Two_Story;Very_Good;Average;1872;1987;MetalSd;MetalSd;OthW;Fair;N;SBrkr;938;1215;205;2358;0;0;2;0;4;1;Typical;8;0;No_Fireplace;No_Garage;0;0;No_Garage;No_Garage;Paved;12;2008;122000
Residential_Low_Density;80;14000;Pave;Regular;AllPub;Inside;Clear_Creek;Two_Story;Good;Average;1996;1997;Wd Sdng;Wd Sdng;GasA;Excellent;Y;SBrkr;1306;954;0;2260;1;0;2;1;3;1;Good;7;0;No_Fireplace;Attchd;2;533;Typical;Typical;Paved;4;2010;328000
Residential_Medium_Density;52;6240;Pave;Regular;AllPub;Inside;Brookside;One_and_Half_Fin;Average;Good;1930;1992;Wd Sdng;Wd Sdng;GasA;Excellent;Y;SBrkr;1014;412;0;1426;0;0;1;0;3;1;Typical;6;1;Good;Detchd;1;230;Fair;Typical;Paved;7;2007;131750
Residential_Low_Density;93;18265;Pave;Regular;AllPub;Corner;Timberland;One_Story;Above_Average;Average;1986;1986;Plywood;HdBoard;GasA;Excellent;Y;SBrkr;1256;0;0;1256;0;0;2;0;3;1;Good;6;1;Fair;Attchd;2;578;Typical;Typical;Paved;3;2008;180000
Residential_Low_Density;0;8965;Pave;Slightly_Irregular;AllPub;Inside;Gilbert;Two_Story;Good;Average;2003;2003;VinylSd;VinylSd;GasA;Excellent;Y;SBrkr;806;683;0;1489;1;0;2;1;3;1;Good;8;1;Good;Attchd;2;400;Typical;Typical;Paved;6;2009;192000
Floating_Village_Residential;70;7000;Pave;Regular;AllPub;Inside;Somerset;Two_Story;Good;Average;2003;2003;CemntBd;CmentBd;GasA;Excellent;Y;SBrkr;1016;868;0;1884;1;0;2;1;3;1;Excellent;7;1;Excellent;Attchd;2;581;Typical;Typical;Paved;6;2009;240900
Residential_Low_Density;62;10429;Pave;Regular;AllPub;Inside;Mitchell;Two_Story;Average;Average;1992;1992;HdBoard;Wd Shng;GasA;Typical;Y;SBrkr;624;663;0;1287;0;0;1;1;3;1;Typical;6;0;No_Fireplace;Detchd;2;440;Typical;Typical;Paved;7;2009;130000
Residential_Low_Density;140;19138;Pave;Regular;AllPub;Corner;Gilbert;One_Story;Below_Average;Average;1951;1951;VinylSd;VinylSd;GasA;Excellent;Y;SBrkr;864;0;0;864;0;0;1;0;2;1;Typical;4;0;No_Fireplace;Detchd;2;400;Typical;Typical;Paved;6;2010;141000
Residential_Low_Density;0;9303;Pave;Slightly_Irregular;AllPub;Corner;Timberland;Two_Story;Above_Average;Average;1996;1997;VinylSd;VinylSd;GasA;Excellent;Y;SBrkr;888;868;0;1756;1;0;2;1;3;1;Typical;7;0;No_Fireplace;Attchd;2;422;Typical;Typical;Paved;7;2007;204000
Residential_Low_Density;60;7200;Pave;Regular;AllPub;Inside;North_Ames;One_and_Half_Fin;Above_Average;Average;1954;1954;MetalSd;MetalSd;GasA;Fair;Y;FuseA;854;424;0;1278;0;0;1;0;4;1;Typical;6;0;No_Fireplace;Attchd;1;240;Typical;Typical;Paved;4;2008;127500
Residential_Low_Density;68;8814;Pave;Regular;AllPub;Inside;College_Creek;One_Story;Good;Average;2005;2007;VinylSd;VinylSd;GasA;Excellent;Y;SBrkr;1274;0;0;1274;1;0;2;0;3;1;Good;6;0;No_Fireplace;Attchd;2;508;Typical;Typical;Paved;1;2007;203000
Residential_Low_Density;50;7585;Pave;Regular;AllPub;Inside;Edwards;One_and_Half_Fin;Average;Fair;1948;1950;MetalSd;MetalSd;GasA;Fair;Y;FuseA;1002;454;0;1456;1;1;1;0;4;1;Typical;7;1;Typical;Detchd;1;280;Typical;Typical;Partial_Pavement;8;2006;91500
Residential_Low_Density;70;7931;Pave;Regular;AllPub;Inside;North_Ames;One_Story;Average;Average;1959;1959;BrkFace;Plywood;GasA;Typical;Y;SBrkr;1148;0;0;1148;1;0;1;0;3;1;Typical;6;0;No_Fireplace;Attchd;1;672;Typical;Typical;Paved;7;2009;132500
Residential_Low_Density;0;8750;Pave;Slightly_Irregular;AllPub;Inside;Mitchell;SLvl;Good;Above_Average;1975;1975;Plywood;Plywood;GasA;Typical;Y;SBrkr;918;0;0;918;0;1;1;0;3;0;Typical;4;0;No_Fireplace;Attchd;1;360;Typical;Typical;Paved;3;2007;148000
Residential_Low_Density;66;12400;Pave;Slightly_Irregular;AllPub;Inside;North_Ames;One_Story;Above_Average;Good;1958;1998;Wd Sdng;Wd Sdng;GasA;Typical;Y;FuseA;1215;0;0;1215;0;0;1;0;3;1;Typical;6;0;No_Fireplace;Attchd;1;297;Typical;Typical;Paved;6;2009;155000
Residential_Low_Density;78;10530;Pave;Regular;AllPub;Inside;Mitchell;SFoyer;Above_Average;Average;1977;1977;Plywood;ImStucc;GasA;Typical;Y;SBrkr;1004;0;0;1004;1;0;1;0;2;1;Typical;4;0;No_Fireplace;Attchd;2;504;Typical;Typical;Paved;5;2006;135000
Floating_Village_Residential;34;3230;Pave;Regular;AllPub;Corner;Somerset;Two_Story;Above_Average;Average;1999;1999;MetalSd;MetalSd;GasA;Good;Y;SBrkr;729;729;0;1458;0;0;2;1;2;1;Typical;5;1;Fair;Detchd;2;440;Typical;Typical;Paved;6;2007;176000
Residential_Low_Density;76;9120;Pave;Regular;AllPub;Inside;North_Ames;One_Story;Above_Average;Above_Average;1958;1958;MetalSd;MetalSd;GasA;Excellent;Y;SBrkr;1261;0;0;1261;1;0;1;0;3;1;Typical;6;1;Typical;Attchd;2;433;Typical;Typical;Paved;11;2008;163000
Residential_Low_Density;43;12118;Pave;Slightly_Irregular;AllPub;CulDSac;Mitchell;One_Story;Good;Average;2004;2005;VinylSd;VinylSd;GasA;Excellent;Y;SBrkr;1710;0;0;1710;0;0;2;0;3;1;Good;7;1;Good;Attchd;2;550;Typical;Typical;Paved;4;2009;240000
Residential_Low_Density;75;9825;Pave;Regular;AllPub;Inside;Edwards;SFoyer;Average;Average;1967;1967;HdBoard;HdBoard;GasA;Good;Y;SBrkr;936;0;0;936;1;0;1;0;2;1;Typical;4;1;Fair;Attchd;1;384;Typical;Typical;Paved;8;2007;118500
Residential_Low_Density;85;13600;Pave;Regular;AllPub;Inside;North_Ames;Two_Story;Good;Above_Average;1965;1990;HdBoard;HdBoard;GasA;Typical;Y;SBrkr;1186;800;0;1986;0;0;2;1;3;1;Typical;7;3;Fair;Attchd;2;486;Typical;Typical;Paved;10;2009;205000
Floating_Village_Residential;72;8640;Pave;Regular;AllPub;Inside;Somerset;Two_Story;Good;Average;2009;2009;VinylSd;VinylSd;GasA;Excellent;Y;SBrkr;764;783;0;1547;0;0;2;1;3;1;Good;7;0;No_Fireplace;Attchd;2;614;Typical;Typical;Paved;6;2010;215200
Residential_Medium_Density;0;10337;Pave;Slightly_Irregular;AllPub;Inside;Old_Town;Two_Story;Very_Good;Excellent;1910;1999;VinylSd;VinylSd;GasA;Excellent;N;SBrkr;909;863;0;1772;0;0;2;1;3;1;Good;7;0;No_Fireplace;Detchd;2;816;Typical;Typical;Paved;5;2007;184900
Residential_High_Density;82;7136;Pave;Slightly_Irregular;AllPub;Inside;Crawford;Two_Story;Above_Average;Above_Average;1946;1950;MetalSd;MetalSd;GasA;Typical;N;FuseF;979;979;0;1958;0;0;2;0;4;2;Typical;8;0;No_Fireplace;Attchd;2;492;Typical;Typical;Paved;8;2007;145000
Residential_Low_Density;80;9600;Pave;Regular;AllPub;Inside;North_Ames;SLvl;Average;Good;1967;1967;MetalSd;MetalSd;GasA;Good;Y;SBrkr;1141;0;0;1141;1;0;1;0;3;1;Typical;6;0;No_Fireplace;Attchd;1;568;Typical;Typical;Paved;7;2006;158000
Residential_Low_Density;0;10708;Pave;Slightly_Irregular;AllPub;Inside;Clear_Creek;One_Story;Average;Average;1955;1993;Wd Sdng;Wd Sdng;GasA;Excellent;Y;FuseA;1867;0;0;1867;1;0;1;0;2;1;Typical;7;3;Good;Attchd;1;303;Typical;Typical;Paved;11;2009;190000
Residential_Low_Density;60;9600;Pave;Regular;AllPub;Corner;Edwards;One_and_Half_Fin;Above_Average;Average;1924;1950;Wd Sdng;Wd Sdng;Grav;Fair;N;FuseF;572;524;0;1096;0;0;1;0;2;1;Typical;5;0;No_Fireplace;No_Garage;0;0;No_Garage;No_Garage;Dirt_Gravel;4;2008;79000
Residential_Low_Density;71;8540;Pave;Regular;AllPub;Corner;North_Ames;One_Story;Average;Very_Good;1956;2003;VinylSd;VinylSd;GasA;Typical;Y;SBrkr;925;0;0;925;1;0;1;0;3;1;Good;5;0;No_Fireplace;Detchd;1;252;Typical;Typical;Paved;6;2007;127000
Residential_Low_Density;100;9670;Pave;Slightly_Irregular;AllPub;Inside;Crawford;Two_Story;Very_Good;Above_Average;1935;1950;BrkFace;Stucco;GasA;Typical;Y;SBrkr;983;890;0;1873;0;0;1;1;4;1;Typical;9;2;Good;Detchd;2;786;Fair;Typical;Paved;6;2008;257076
Residential_Low_Density;60;8550;Pave;Regular;AllPub;Inside;Brookside;One_and_Half_Fin;Average;Average;1926;1950;HdBoard;HdBoard;GasA;Typical;Y;SBrkr;960;356;0;1316;0;0;1;0;4;1;Typical;7;0;No_Fireplace;Detchd;2;576;Typical;Typical;Paved;10;2007;90000
Residential_Low_Density;80;10307;Pave;Slightly_Irregular;AllPub;Inside;Northridge_Heights;One_Story;Good;Average;2007;2008;VinylSd;VinylSd;GasA;Excellent;Y;SBrkr;1358;0;0;1358;1;0;2;0;2;1;Good;6;1;Good;Attchd;2;484;Typical;Typical;Paved;5;2009;212500
Residential_Low_Density;89;11792;Pave;Regular;AllPub;Inside;Edwards;One_and_Half_Fin;Below_Average;Average;1948;1950;VinylSd;VinylSd;GasA;Excellent;N;FuseF;792;328;0;1120;0;0;1;0;2;1;Fair;5;0;No_Fireplace;Detchd;2;480;Typical;Fair;Partial_Pavement;6;2010;64000
Residential_Low_Density;0;12735;Pave;Slightly_Irregular;AllPub;FR2;North_Ames;One_Story;Below_Average;Average;1972;1972;MetalSd;MetalSd;GasA;Typical;Y;SBrkr;864;0;0;864;0;0;1;0;3;1;Typical;5;0;No_Fireplace;Detchd;2;576;Typical;Typical;Paved;4;2008;111250
Residential_Medium_Density;21;1470;Pave;Regular;AllPub;Inside;Meadow_Village;SFoyer;Below_Average;Above_Average;1970;1970;CemntBd;CmentBd;GasA;Typical;Y;SBrkr;630;0;0;630;1;0;1;0;1;1;Typical;3;0;No_Fireplace;No_Garage;0;0;No_Garage;No_Garage;Paved;4;2006;73000
Residential_Low_Density;0;19690;Pave;Slightly_Irregular;AllPub;CulDSac;Edwards;SLvl;Above_Average;Good;1966;1966;Plywood;Plywood;GasA;Typical;Y;SBrkr;1575;626;0;2201;0;0;2;0;4;1;Good;8;1;Good;Attchd;2;432;Good;Good;Paved;8;2006;274970
Residential_Low_Density;60;6600;Pave;Regular;AllPub;Inside;Mitchell;One_Story;Average;Above_Average;1982;2005;HdBoard;Plywood;GasA;Good;Y;SBrkr;845;0;0;845;0;0;1;0;3;1;Good;6;0;No_Fireplace;Attchd;1;264;Typical;Typical;Paved;7;2008;134500
Residential_Low_Density;150;215245;Pave;Irregular;AllPub;Inside;Timberland;One_Story;Good;Average;1965;1965;BrkFace;BrkFace;GasW;Typical;Y;SBrkr;2036;0;0;2036;2;0;2;0;3;1;Typical;8;2;Good;Attchd;2;513;Typical;Typical;Paved;6;2009;375000
Residential_Medium_Density;60;5586;Pave;Slightly_Irregular;AllPub;Inside;Old_Town;One_and_Half_Fin;Above_Average;Good;1920;1998;MetalSd;MetalSd;GasA;Good;Y;SBrkr;1088;110;0;1198;0;0;1;0;4;1;Typical;7;0;No_Fireplace;No_Garage;0;0;No_Garage;No_Garage;Dirt_Gravel;9;2008;79900
Residential_Low_Density;85;12172;Pave;Regular;AllPub;Inside;North_Ames;One_and_Half_Unf;Average;Good;1940;1996;Wd Sdng;HdBoard;GasA;Typical;Y;SBrkr;908;0;0;908;0;0;1;0;2;1;Typical;4;0;No_Fireplace;Attchd;2;512;Typical;Typical;Paved;10;2007;138500
Residential_Low_Density;87;10725;Pave;Slightly_Irregular;AllPub;Inside;North_Ames;One_Story;Average;Average;1959;1959;MetalSd;MetalSd;GasA;Fair;Y;SBrkr;1206;0;0;1206;0;0;1;0;3;1;Typical;6;0;No_Fireplace;Attchd;1;312;Typical;Typical;Paved;5;2010;108538
Residential_Low_Density;0;7176;Pave;Slightly_Irregular;AllPub;CulDSac;Sawyer;SLvl;Above_Average;Above_Average;1978;1978;HdBoard;HdBoard;GasA;Fair;Y;SBrkr;1040;0;0;1040;1;0;1;0;3;1;Typical;6;1;Fair;Detchd;2;616;Typical;Typical;Paved;7;2006;160500
Residential_Low_Density;91;11778;Pave;Regular;AllPub;Inside;College_Creek;One_Story;Excellent;Average;2008;2008;VinylSd;VinylSd;GasA;Excellent;Y;SBrkr;2276;0;0;2276;1;0;2;0;3;1;Excellent;7;2;Good;Attchd;3;1348;Good;Typical;Paved;6;2008;475000
Residential_Low_Density;73;9802;Pave;Regular;AllPub;Inside;Timberland;SLvl;Average;Average;2006;2007;VinylSd;VinylSd;GasA;Good;Y;SBrkr;712;730;0;1442;0;0;2;1;3;1;Typical;6;0;No_Fireplace;BuiltIn;2;400;Typical;Typical;Paved;4;2008;172500
Residential_Low_Density;75;11310;Pave;Regular;AllPub;Inside;North_Ames;One_Story;Above_Average;Average;1954;1954;Wd Sdng;BrkFace;GasA;Excellent;Y;SBrkr;1375;0;0;1375;0;0;1;0;2;1;Typical;5;1;Typical;Attchd;2;451;Typical;Typical;Paved;6;2006;140000
Residential_Low_Density;60;10434;Pave;Regular;AllPub;Inside;North_Ames;One_Story;Below_Average;Average;1955;1955;Plywood;Plywood;GasA;Typical;Y;SBrkr;1005;0;0;1005;0;0;1;0;2;1;Fair;5;1;Typical;Detchd;2;672;Fair;Fair;Paved;11;2009;115000
Residential_Low_Density;0;8145;Pave;Slightly_Irregular;AllPub;Corner;Crawford;Two_and_Half_Unf;Good;Above_Average;1940;1950;Wd Sdng;Wd Sdng;GasA;Excellent;Y;SBrkr;1240;1240;0;2480;0;0;2;1;5;2;Typical;13;2;Good;Detchd;2;400;Typical;Typical;Paved;7;2009;205000
Residential_Low_Density;0;19900;Pave;Regular;AllPub;Inside;North_Ames;One_Story;Good;Average;1970;1989;Plywood;Plywood;GasA;Typical;Y;SBrkr;2207;0;0;2207;1;0;2;0;3;1;Typical;7;1;Good;Attchd;2;576;Typical;Typical;Paved;7;2010;180000
Residential_Low_Density;117;15262;Pave;Slightly_Irregular;AllPub;Corner;Northridge_Heights;One_Story;Very_Good;Average;2003;2004;VinylSd;VinylSd;GasA;Excellent;Y;SBrkr;2200;0;0;2200;1;0;2;1;3;1;Excellent;8;1;Good;Attchd;3;685;Typical;Typical;Paved;7;2009;382500
Residential_Medium_Density;59;8263;Pave;Regular;AllPub;Inside;Iowa_DOT_and_Rail_Road;One_Story;Above_Average;Average;1920;1950;BrkFace;BrkFace;GasA;Typical;Y;FuseA;1012;0;0;1012;0;0;1;0;2;1;Typical;6;1;Good;Detchd;1;308;Typical;Typical;Paved;5;2007;118400
Residential_Low_Density;65;8158;Pave;Regular;AllPub;Inside;College_Creek;Two_Story;Good;Average;2002;2002;VinylSd;VinylSd;GasA;Excellent;Y;SBrkr;860;869;0;1729;0;0;2;1;3;1;Good;7;0;No_Fireplace;Attchd;2;542;Typical;Typical;Paved;8;2007;200000
Residential_Low_Density;80;9920;Pave;Regular;AllPub;Inside;North_Ames;One_Story;Average;Average;1954;1954;HdBoard;HdBoard;GasA;Typical;Y;SBrkr;1063;0;0;1063;1;0;1;0;3;1;Typical;6;0;No_Fireplace;Attchd;1;280;Typical;Typical;Paved;2;2010;128000
Residential_Low_Density;81;13870;Pave;Slightly_Irregular;AllPub;Inside;Stone_Brook;One_Story;Very_Excellent;Average;2006;2007;CemntBd;CmentBd;GasA;Excellent;Y;SBrkr;2042;0;0;2042;1;0;2;0;3;1;Excellent;8;1;Good;Attchd;3;724;Typical;Typical;Paved;10;2007;455000
Residential_Medium_Density;21;1680;Pave;Regular;AllPub;Inside;Briardale;Two_Story;Above_Average;Average;1971;1971;HdBoard;HdBoard;GasA;Typical;Y;SBrkr;483;504;0;987;0;0;1;1;2;1;Typical;4;0;No_Fireplace;Detchd;1;264;Typical;Typical;Paved;7;2008;85400
Residential_Low_Density;24;2280;Pave;Regular;AllPub;FR2;Northpark_Villa;Two_Story;Above_Average;Above_Average;1975;1975;Plywood;Brk Cmn;GasA;Typical;Y;SBrkr;855;601;0;1456;0;0;2;1;3;1;Good;6;1;Typical;Attchd;2;440;Typical;Typical;Paved;6;2010;149900
Residential_Low_Density;45;8982;Pave;Slightly_Irregular;AllPub;CulDSac;College_Creek;One_Story;Average;Average;1977;1977;CemntBd;CmentBd;GasA;Typical;Y;SBrkr;1040;0;0;1040;0;0;1;1;3;1;Typical;5;0;No_Fireplace;Detchd;2;748;Typical;Typical;Paved;1;2007;134900
Residential_Low_Density;68;10544;Pave;Slightly_Irregular;AllPub;Inside;Mitchell;One_and_Half_Fin;Average;Average;1969;1969;HdBoard;HdBoard;GasA;Typical;Y;SBrkr;864;615;0;1479;0;0;2;0;5;1;Typical;8;0;No_Fireplace;Attchd;1;275;Typical;Typical;Paved;4;2010;161000
C_all;60;6060;Pave;Regular;AllPub;Inside;Iowa_DOT_and_Rail_Road;One_Story;Average;Excellent;1930;2007;MetalSd;MetalSd;GasA;Excellent;Y;SBrkr;1001;0;0;1001;0;0;1;0;2;1;Good;5;0;No_Fireplace;Detchd;1;216;Typical;Poor;Dirt_Gravel;11;2007;124900
Residential_Low_Density;70;12198;Pave;Slightly_Irregular;AllPub;Inside;North_Ames;One_Story;Average;Above_Average;1955;1975;VinylSd;VinylSd;GasA;Typical;Y;SBrkr;1411;0;0;1411;0;0;1;0;3;1;Typical;7;1;Typical;Attchd;1;310;Typical;Typical;Paved;6;2007;130000
Residential_Low_Density;0;9375;Pave;Regular;AllPub;Inside;College_Creek;Two_Story;Good;Average;1997;1998;VinylSd;VinylSd;GasA;Excellent;Y;SBrkr;1057;977;0;2034;1;0;2;1;3;1;Good;8;0;No_Fireplace;Attchd;2;645;Typical;Typical;Paved;2;2009;219500
Residential_Medium_Density;60;7392;Pave;Regular;AllPub;Inside;Iowa_DOT_and_Rail_Road;One_Story;Average;Good;1930;1995;Wd Sdng;Wd Sdng;GasA;Typical;Y;FuseA;912;0;0;912;0;0;1;0;2;1;Typical;5;0;No_Fireplace;Detchd;1;360;Typical;Typical;Paved;5;2008;99500
Residential_Low_Density;62;7750;Pave;Regular;AllPub;Inside;Gilbert;SLvl;Good;Average;1999;2000;VinylSd;VinylSd;GasA;Excellent;Y;SBrkr;774;656;0;1430;0;0;2;1;3;1;Typical;7;1;Typical;BuiltIn;2;400;Typical;Typical;Paved;3;2009;156000
Residential_Medium_Density;57;6876;Pave;Regular;AllPub;Inside;Iowa_DOT_and_Rail_Road;Two_Story;Above_Average;Average;1927;1950;Plywood;Plywood;GasA;Fair;Y;SBrkr;1146;784;0;1930;1;0;2;0;4;1;Typical;8;0;No_Fireplace;Attchd;1;316;Typical;Typical;Paved;8;2009;149000
Residential_Medium_Density;57;8094;Pave;Regular;AllPub;Inside;Old_Town;Two_and_Half_Unf;Above_Average;Very_Good;1910;1983;Wd Sdng;Wd Sdng;GasA;Good;Y;SBrkr;1242;742;0;1984;0;0;2;0;5;1;Typical;8;0;No_Fireplace;Detchd;1;360;No_Garage;No_Garage;Paved;9;2008;160000
Residential_Medium_Density;24;2522;Pave;Regular;AllPub;Inside;Edwards;Two_Story;Good;Average;2004;2004;VinylSd;VinylSd;GasA;Excellent;Y;SBrkr;970;739;0;1709;0;0;2;0;3;1;Good;7;0;No_Fireplace;Detchd;2;380;Typical;Typical;Paved;4;2006;137500
Residential_Low_Density;65;10616;Pave;Slightly_Irregular;AllPub;Inside;College_Creek;Two_Story;Good;Average;2007;2007;VinylSd;VinylSd;GasA;Excellent;Y;SBrkr;628;728;0;1356;0;0;2;1;3;1;Good;6;1;Good;BuiltIn;2;484;Typical;Typical;Paved;3;2008;177439
Residential_Low_Density;0;1700;Pave;Regular;AllPub;Inside;Clear_Creek;One_and_Half_Fin;Good;Average;1980;1981;VinylSd;VinylSd;GasA;Typical;Y;SBrkr;880;680;140;1700;1;0;2;1;2;1;Good;7;0;No_Fireplace;Basment;1;450;Good;Typical;Paved;4;2006;148400
Residential_Low_Density;75;9464;Pave;Regular;AllPub;Corner;North_Ames;One_Story;Above_Average;Good;1958;1958;MetalSd;MetalSd;GasA;Good;Y;SBrkr;1080;0;0;1080;0;0;1;0;3;1;Typical;5;0;No_Fireplace;Attchd;1;288;Typical;Typical;Paved;6;2008;136000
Residential_Low_Density;62;8857;Pave;Slightly_Irregular;AllPub;Inside;Gilbert;Two_Story;Above_Average;Average;2006;2006;VinylSd;VinylSd;GasA;Excellent;Y;SBrkr;738;757;0;1495;0;0;2;1;3;1;Good;7;1;Good;Attchd;2;440;Typical;Typical;Paved;3;2007;171925
Residential_Low_Density;0;10920;Pave;Slightly_Irregular;AllPub;Corner;North_Ames;One_Story;Above_Average;Average;1960;1960;MetalSd;MetalSd;GasA;Typical;Y;SBrkr;1253;0;0;1253;1;0;1;1;2;1;Typical;5;1;Fair;Attchd;1;352;Typical;Typical;Paved;5;2008;157000
Residential_Low_Density;114;14803;Pave;Regular;AllPub;Inside;Northridge_Heights;One_Story;Very_Excellent;Average;2007;2008;CemntBd;CmentBd;GasA;Excellent;Y;SBrkr;2084;0;0;2084;1;0;2;0;2;1;Excellent;7;1;Good;Attchd;3;1220;Typical;Typical;Paved;6;2008;385000
Residential_Low_Density;68;9724;Pave;Regular;AllPub;Inside;North_Ames;One_Story;Average;Good;1947;1950;BrkFace;BrkFace;GasA;Excellent;Y;SBrkr;1043;0;0;1043;0;0;1;0;2;1;Typical;5;1;Good;Detchd;1;273;Typical;Typical;Paved;5;2006;137000
Residential_Low_Density;70;11606;Pave;Slightly_Irregular;AllPub;Inside;North_Ames;Two_Story;Average;Average;1969;1969;Plywood;Plywood;GasA;Typical;Y;SBrkr;1040;1040;0;2080;0;1;1;2;5;1;Fair;9;2;Typical;Attchd;2;504;Typical;Typical;Paved;9;2007;135000
Floating_Village_Residential;35;3735;Pave;Regular;AllPub;FR3;Somerset;Two_Story;Good;Average;1999;1999;MetalSd;MetalSd;GasA;Excellent;Y;SBrkr;713;739;0;1452;1;0;2;1;3;1;Good;6;0;No_Fireplace;Detchd;2;506;Typical;Typical;Paved;3;2006;183900
Residential_Low_Density;40;5664;Pave;Slightly_Irregular;AllPub;Inside;Stone_Brook;One_Story;Very_Good;Average;2000;2000;CemntBd;CmentBd;GasA;Excellent;Y;SBrkr;1659;0;0;1659;1;0;2;0;2;1;Excellent;5;1;Excellent;Attchd;2;499;Typical;Typical;Paved;10;2009;278000
Residential_Low_Density;85;11900;Pave;Regular;AllPub;Inside;Gilbert;Two_Story;Average;Above_Average;1977;1977;HdBoard;Wd Sdng;GasA;Excellent;Y;SBrkr;946;988;0;1934;1;0;2;1;3;1;Typical;6;1;Typical;Attchd;2;567;Typical;Typical;Partial_Pavement;7;2009;185000
Residential_Low_Density;0;11275;Pave;Slightly_Irregular;AllPub;Corner;Crawford;One_and_Half_Fin;Above_Average;Good;1932;1950;MetalSd;MetalSd;GasA;Typical;Y;SBrkr;1096;895;0;1991;0;0;1;1;3;1;Typical;7;1;Good;Detchd;2;432;Typical;Fair;Paved;3;2007;220000
Residential_Medium_Density;50;5784;Pave;Regular;AllPub;Inside;Old_Town;One_Story;Average;Very_Good;1938;1996;MetalSd;MetalSd;GasA;Good;Y;FuseA;886;0;0;886;0;0;1;0;2;1;Typical;4;0;No_Fireplace;Attchd;1;273;Typical;Typical;Paved;12;2009;91300
Residential_Low_Density;79;12327;Pave;Slightly_Irregular;AllPub;Inside;Sawyer_West;One_and_Half_Fin;Very_Good;Very_Good;1983;2009;Wd Sdng;Wd Sdng;GasA;Excellent;Y;SBrkr;1496;636;0;2132;1;0;1;1;1;1;Good;5;1;Good;BuiltIn;2;612;Good;Typical;Paved;9;2009;316600
Residential_Medium_Density;85;8500;Pave;Regular;AllPub;Corner;Iowa_DOT_and_Rail_Road;One_and_Half_Fin;Average;Good;1919;2005;CemntBd;CmentBd;GasW;Typical;N;FuseF;997;520;0;1517;0;0;2;0;3;1;Fair;7;0;No_Fireplace;No_Garage;0;0;No_Garage;No_Garage;Dirt_Gravel;8;2007;115000
Residential_Low_Density;108;13418;Pave;Regular;AllPub;Inside;Northridge_Heights;Two_Story;Very_Good;Average;2004;2005;VinylSd;VinylSd;GasA;Excellent;Y;SBrkr;1132;1320;0;2452;0;0;3;1;4;1;Good;9;1;Good;BuiltIn;3;691;Typical;Typical;Paved;9;2006;309000
Residential_Medium_Density;50;6000;Pave;Regular;AllPub;Corner;Brookside;One_and_Half_Fin;Average;Very_Good;1925;1997;Wd Sdng;Wd Sdng;GasA;Excellent;Y;SBrkr;884;464;0;1348;1;0;1;0;3;1;Typical;5;1;Fair;Detchd;1;216;Typical;Typical;Dirt_Gravel;5;2009;117000
Residential_Low_Density;60;12450;Pave;Regular;AllPub;Inside;Sawyer_West;One_Story;Average;Average;2003;2004;VinylSd;VinylSd;GasA;Excellent;Y;SBrkr;1094;0;0;1094;1;0;1;0;3;1;Good;6;0;No_Fireplace;Detchd;2;576;Typical;Typical;Paved;5;2007;149000
Residential_Medium_Density;57;6406;Pave;Regular;AllPub;Inside;Old_Town;Two_Story;Average;Above_Average;1939;1950;Wd Sdng;Wd Sdng;GasA;Typical;Y;FuseA;868;690;0;1558;0;0;1;1;3;1;Typical;7;1;Good;Detchd;2;400;Typical;Typical;Paved;10;2009;150000
Residential_Medium_Density;21;1477;Pave;Regular;AllPub;Inside;Meadow_Village;SFoyer;Below_Average;Below_Average;1970;1970;CemntBd;CmentBd;GasA;Typical;Y;SBrkr;630;0;0;630;1;0;1;0;1;1;Typical;3;0;No_Fireplace;Attchd;1;286;Typical;Typical;Paved;4;2009;80000
Residential_Low_Density;60;7200;Pave;Regular;AllPub;Inside;North_Ames;One_Story;Below_Average;Below_Average;1971;1971;HdBoard;HdBoard;GasA;Typical;Y;SBrkr;874;0;0;874;0;1;1;0;3;1;Typical;5;0;No_Fireplace;Detchd;2;576;Typical;Typical;Paved;3;2006;97500
Residential_Low_Density;0;8125;Pave;Slightly_Irregular;AllPub;Corner;North_Ames;One_Story;Below_Average;Below_Average;1971;1971;HdBoard;HdBoard;GasA;Typical;Y;SBrkr;858;0;0;858;0;0;1;0;3;1;Typical;5;0;No_Fireplace;No_Garage;0;0;No_Garage;No_Garage;Paved;6;2006;88000
Residential_Medium_Density;65;9750;Pave;Regular;AllPub;Inside;Old_Town;One_Story;Average;Above_Average;1959;1959;MetalSd;MetalSd;GasA;Good;Y;SBrkr;984;0;0;984;1;0;1;0;2;1;Fair;5;0;No_Fireplace;Detchd;1;308;Typical;Typical;Dirt_Gravel;6;2008;110000
Residential_Low_Density;60;12180;Pave;Regular;AllPub;Inside;Edwards;One_and_Half_Fin;Average;Good;1938;2007;Wd Sdng;Wd Sdng;GasA;Good;Y;FuseF;585;468;0;1053;0;0;1;1;2;1;Excellent;5;0;No_Fireplace;No_Garage;0;0;No_Garage;No_Garage;Dirt_Gravel;1;2008;120000
Residential_Low_Density;60;15384;Pave;Slightly_Irregular;AllPub;Inside;Gilbert;Two_Story;Good;Average;2004;2005;VinylSd;VinylSd;GasA;Excellent;Y;SBrkr;788;702;0;1490;1;0;2;1;3;1;Good;8;1;Good;Attchd;2;388;Typical;Typical;Paved;2;2008;184000
Residential_Low_Density;78;10140;Pave;Regular;AllPub;Inside;Northwest_Ames;One_Story;Good;Above_Average;1967;1967;HdBoard;HdBoard;GasA;Good;Y;SBrkr;1334;0;0;1334;1;0;2;0;3;1;Typical;7;0;No_Fireplace;Attchd;2;477;Typical;Typical;Paved;4;2006;164500
Residential_Low_Density;74;7632;Pave;Slightly_Irregular;AllPub;Inside;Sawyer_West;Two_Story;Good;Average;2005;2005;VinylSd;VinylSd;GasA;Excellent;Y;SBrkr;831;754;0;1585;0;0;2;1;3;1;Good;7;0;No_Fireplace;Attchd;2;449;Typical;Typical;Paved;3;2006;184900
Residential_Medium_Density;0;4224;Pave;Regular;AllPub;Inside;Meadow_Village;One_Story;Average;Above_Average;1975;1975;CemntBd;CmentBd;GasA;Good;Y;SBrkr;1040;0;0;1040;0;0;1;0;3;1;Typical;6;0;No_Fireplace;Attchd;2;499;Typical;Typical;Paved;6;2008;124000
Residential_Low_Density;86;11065;Pave;Slightly_Irregular;AllPub;Inside;Northridge_Heights;Two_Story;Very_Good;Average;2006;2006;VinylSd;VinylSd;GasA;Excellent;Y;SBrkr;1120;850;0;1970;0;0;2;1;3;1;Excellent;8;1;Good;BuiltIn;3;753;Typical;Typical;Paved;10;2006;281000
Residential_Low_Density;101;13543;Pave;Slightly_Irregular;AllPub;Corner;Stone_Brook;Two_Story;Very_Good;Average;2005;2005;VinylSd;VinylSd;GasA;Excellent;Y;SBrkr;1168;1332;0;2500;0;0;3;1;5;1;Excellent;9;1;Good;BuiltIn;3;683;Typical;Typical;Paved;7;2008;355000
Residential_Medium_Density;47;7755;Pave;Regular;AllPub;Inside;Old_Town;Two_Story;Above_Average;Very_Good;1918;1995;Wd Sdng;Wd Sdng;GasA;Excellent;Y;FuseA;1100;1164;0;2264;0;0;2;1;4;1;Typical;8;0;No_Fireplace;Detchd;1;408;Typical;Typical;Paved;5;2007;200000
Floating_Village_Residential;24;2544;Pave;Regular;AllPub;Inside;Somerset;Two_Story;Good;Average;2004;2005;MetalSd;MetalSd;GasA;Excellent;Y;SBrkr;600;600;0;1200;1;0;2;1;2;1;Good;4;0;No_Fireplace;Detchd;2;480;Typical;Typical;Paved;2;2010;149500
Residential_Medium_Density;60;5520;Pave;Slightly_Irregular;AllPub;FR2;Brookside;One_and_Half_Fin;Average;Good;1920;1997;AsbShng;AsbShng;GasA;Typical;Y;SBrkr;565;651;0;1216;1;0;1;0;3;1;Typical;6;1;Good;BuiltIn;1;355;Fair;Typical;Paved;4;2008;115000
Residential_Low_Density;36;2628;Pave;Regular;AllPub;Inside;Northridge_Heights;Two_Story;Good;Average;2003;2003;VinylSd;Wd Shng;GasA;Excellent;Y;SBrkr;764;862;0;1626;0;0;2;1;2;1;Good;6;0;No_Fireplace;BuiltIn;2;474;Typical;Typical;Paved;6;2010;175500
Residential_Low_Density;0;164660;Grvl;Slightly_Irregular;AllPub;Corner;Timberland;One_and_Half_Fin;Average;Above_Average;1965;1965;Plywood;Plywood;GasA;Excellent;Y;SBrkr;1619;167;0;1786;2;0;2;0;3;1;Typical;7;2;Good;Attchd;2;529;Typical;Typical;Paved;8;2008;228950
Residential_High_Density;0;3612;Pave;Slightly_Irregular;AllPub;Inside;Landmark;Two_Story;Above_Average;Average;1993;1994;VinylSd;VinylSd;GasA;Excellent;Y;SBrkr;630;690;0;1320;0;0;2;1;3;1;Typical;5;0;No_Fireplace;Detchd;2;484;Typical;Typical;Paved;6;2006;137000
Residential_Low_Density;73;7100;Pave;Slightly_Irregular;AllPub;Corner;North_Ames;One_Story;Average;Good;1957;1957;WdShing;Wd Shng;GasA;Typical;Y;FuseA;816;0;0;816;1;0;1;0;2;1;Typical;5;0;No_Fireplace;Detchd;1;308;Typical;Typical;Paved;7;2006;129900
Residential_Medium_Density;60;7518;Pave;Regular;AllPub;FR3;Iowa_DOT_and_Rail_Road;Two_Story;Average;Very_Good;1910;2004;AsbShng;Plywood;GasA;Good;Y;SBrkr;665;665;0;1330;0;0;1;0;3;1;Typical;7;0;No_Fireplace;Detchd;1;390;Typical;Typical;Dirt_Gravel;7;2006;116500
Residential_Low_Density;0;11050;Pave;Regular;AllPub;Inside;Mitchell;Two_Story;Good;Average;1996;1997;VinylSd;VinylSd;GasA;Excellent;Y;SBrkr;910;910;0;1820;0;0;2;1;3;1;Good;8;1;Typical;Attchd;3;816;Typical;Typical;Paved;9;2008;213000
Residential_Low_Density;76;8243;Pave;Slightly_Irregular;AllPub;CulDSac;North_Ames;One_Story;Average;Good;1961;1961;VinylSd;VinylSd;GasA;Excellent;Y;SBrkr;964;0;0;964;0;0;1;0;3;1;Typical;5;1;Fair;Detchd;2;784;Typical;Typical;Paved;2;2007;137500
Residential_Low_Density;80;10400;Pave;Regular;AllPub;Corner;North_Ames;One_Story;Below_Average;Average;1956;1956;Plywood;Plywood;GasA;Typical;Y;SBrkr;1200;0;0;1200;1;0;1;0;3;1;Typical;6;2;Good;Attchd;1;294;Typical;Typical;Paved;11;2009;144000
Residential_Low_Density;70;10570;Pave;Regular;AllPub;Inside;Crawford;Two_Story;Very_Good;Very_Good;1932;1994;BrkFace;BrkFace;GasA;Typical;Y;SBrkr;1549;1178;0;2727;0;0;2;1;3;1;Good;10;2;Typical;Detchd;2;440;Typical;Typical;Paved;12;2007;315000
Residential_Medium_Density;50;6000;Pave;Regular;AllPub;Inside;Brookside;One_and_Half_Fin;Above_Average;Good;1939;1950;MetalSd;MetalSd;GasA;Typical;Y;SBrkr;608;524;0;1132;1;0;1;0;2;1;Typical;5;0;No_Fireplace;Detchd;1;240;Typical;Typical;Paved;4;2010;134000
Residential_Low_Density;36;15523;Pave;Slightly_Irregular;AllPub;CulDSac;College_Creek;One_Story;Average;Above_Average;1972;1972;HdBoard;Plywood;GasA;Excellent;Y;SBrkr;864;0;0;864;1;0;1;0;3;1;Typical;5;1;Fair;Attchd;1;338;Typical;Typical;Paved;8;2009;133500
Residential_Low_Density;0;11200;Pave;Slightly_Irregular;AllPub;CulDSac;Edwards;One_Story;Average;Fair;1964;1964;Wd Sdng;Wd Sdng;GasA;Excellent;Y;SBrkr;1298;0;0;1298;0;0;2;0;3;1;Typical;5;0;No_Fireplace;Detchd;2;504;Typical;Fair;Dirt_Gravel;6;2010;114000
Residential_Low_Density;60;6600;Pave;Regular;AllPub;Inside;North_Ames;One_Story;Average;Average;1962;1962;MetalSd;MetalSd;GasA;Good;N;SBrkr;894;0;0;894;0;0;1;0;2;1;Typical;5;0;No_Fireplace;Detchd;1;308;Typical;Typical;Paved;8;2009;109500
Residential_Low_Density;89;8232;Pave;Slightly_Irregular;AllPub;Inside;Northridge_Heights;One_Story;Excellent;Average;2007;2008;MetalSd;MetalSd;GasA;Excellent;Y;SBrkr;1800;0;0;1800;1;0;2;0;2;1;Excellent;6;1;Good;Attchd;3;944;Typical;Typical;Paved;6;2008;370967
Residential_Low_Density;54;7588;Pave;Regular;AllPub;Inside;Crawford;Two_Story;Good;Above_Average;1920;1950;Stucco;Stucco;GasA;Good;Y;SBrkr;901;901;0;1802;0;0;1;1;4;1;Typical;9;1;Good;Detchd;1;216;Fair;Typical;Paved;7;2006;200100
Residential_Low_Density;63;8375;Pave;Regular;AllPub;Corner;Sawyer;One_and_Half_Fin;Average;Good;1941;1973;Wd Sdng;Wd Sdng;GasA;Good;Y;SBrkr;864;486;0;1350;1;0;1;1;2;1;Good;6;0;No_Fireplace;More_Than_Two_Types;3;627;Typical;Typical;Dirt_Gravel;6;2008;152400
Residential_Low_Density;79;9480;Pave;Regular;AllPub;Inside;North_Ames;Two_Story;Average;Good;1942;1995;MetalSd;MetalSd;GasA;Excellent;Y;SBrkr;888;756;0;1644;0;0;1;1;3;1;Good;7;2;Good;Attchd;1;312;Typical;Typical;Paved;6;2007;146500
